╔══════════════════════════════════════════╗
║   New England Nature Explorer Pipeline   ║
╚══════════════════════════════════════════╝

Scope: All Plantae

=== Stage 1: Fetch Species List ===
Fetching all Plantae species...
  Using cached species counts (4201 species)

Found 4201 species.
Filtered to 4056 active species-rank taxa.
Saved to C:\Users\zenos\Documents\nature_app\data\pipeline\species-list.json

=== Stage 2: Build Taxonomy Tree ===
Need taxonomy info for 7504 unique taxon IDs...
  Fetching taxa batch 1/251...
  Fetching taxa batch 2/251...
  Fetching taxa batch 3/251...
  Fetching taxa batch 4/251...
  Fetching taxa batch 5/251...
  Fetching taxa batch 6/251...
  Fetching taxa batch 7/251...
  Fetching taxa batch 8/251...
  Fetching taxa batch 9/251...
  Fetching taxa batch 10/251...
  Fetching taxa batch 11/251...
  Fetching taxa batch 12/251...
  Fetching taxa batch 13/251...
  Fetching taxa batch 14/251...
  Fetching taxa batch 15/251...
  Fetching taxa batch 16/251...
  Fetching taxa batch 17/251...
  Fetching taxa batch 18/251...
  Fetching taxa batch 19/251...
  Fetching taxa batch 20/251...
  Fetching taxa batch 21/251...
  Fetching taxa batch 22/251...
  Fetching taxa batch 23/251...
  Fetching taxa batch 24/251...
  Fetching taxa batch 25/251...
  Fetching taxa batch 26/251...
  Fetching taxa batch 27/251...
  Fetching taxa batch 28/251...
  Fetching taxa batch 29/251...
  Fetching taxa batch 30/251...
  Fetching taxa batch 31/251...
  Fetching taxa batch 32/251...
  Fetching taxa batch 33/251...
  Fetching taxa batch 34/251...
  Fetching taxa batch 35/251...
  Fetching taxa batch 36/251...
  Fetching taxa batch 37/251...
  Fetching taxa batch 38/251...
  Fetching taxa batch 39/251...
  Fetching taxa batch 40/251...
  Fetching taxa batch 41/251...
  Fetching taxa batch 42/251...
  Fetching taxa batch 43/251...
  Fetching taxa batch 44/251...
  Fetching taxa batch 45/251...
  Fetching taxa batch 46/251...
  Fetching taxa batch 47/251...
  Fetching taxa batch 48/251...
  Fetching taxa batch 49/251...
  Fetching taxa batch 50/251...
  Fetching taxa batch 51/251...
  Fetching taxa batch 52/251...
  Fetching taxa batch 53/251...
  Fetching taxa batch 54/251...
  Fetching taxa batch 55/251...
  Fetching taxa batch 56/251...
  Fetching taxa batch 57/251...
  Fetching taxa batch 58/251...
  Fetching taxa batch 59/251...
  Fetching taxa batch 60/251...
  Fetching taxa batch 61/251...
  Fetching taxa batch 62/251...
  Fetching taxa batch 63/251...
  Fetching taxa batch 64/251...
  Fetching taxa batch 65/251...
  Fetching taxa batch 66/251...
  Fetching taxa batch 67/251...
  Fetching taxa batch 68/251...
  Fetching taxa batch 69/251...
  Fetching taxa batch 70/251...
  Fetching taxa batch 71/251...
  Fetching taxa batch 72/251...
  Fetching taxa batch 73/251...
  Fetching taxa batch 74/251...
  Fetching taxa batch 75/251...
  Fetching taxa batch 76/251...
  Fetching taxa batch 77/251...
  Fetching taxa batch 78/251...
  Fetching taxa batch 79/251...
  Fetching taxa batch 80/251...
  Fetching taxa batch 81/251...
  Fetching taxa batch 82/251...
  Fetching taxa batch 83/251...
  Fetching taxa batch 84/251...
  Fetching taxa batch 85/251...
  Fetching taxa batch 86/251...
  Fetching taxa batch 87/251...
  Fetching taxa batch 88/251...
  Fetching taxa batch 89/251...
  Fetching taxa batch 90/251...
  Fetching taxa batch 91/251...
  Fetching taxa batch 92/251...
  Fetching taxa batch 93/251...
  Fetching taxa batch 94/251...
  Fetching taxa batch 95/251...
  Fetching taxa batch 96/251...
  Fetching taxa batch 97/251...
  Fetching taxa batch 98/251...
  Fetching taxa batch 99/251...
  Fetching taxa batch 100/251...
  Fetching taxa batch 101/251...
  Fetching taxa batch 102/251...
  Fetching taxa batch 103/251...
  Fetching taxa batch 104/251...
  Fetching taxa batch 105/251...
  Fetching taxa batch 106/251...
  Fetching taxa batch 107/251...
  Fetching taxa batch 108/251...
  Fetching taxa batch 109/251...
  Fetching taxa batch 110/251...
  Fetching taxa batch 111/251...
  Fetching taxa batch 112/251...
  Fetching taxa batch 113/251...
  Fetching taxa batch 114/251...
  Fetching taxa batch 115/251...
  Fetching taxa batch 116/251...
  Fetching taxa batch 117/251...
  Fetching taxa batch 118/251...
  Fetching taxa batch 119/251...
  Fetching taxa batch 120/251...
  Fetching taxa batch 121/251...
  Fetching taxa batch 122/251...
  Fetching taxa batch 123/251...
  Fetching taxa batch 124/251...
  Fetching taxa batch 125/251...
  Fetching taxa batch 126/251...
  Fetching taxa batch 127/251...
  Fetching taxa batch 128/251...
  Fetching taxa batch 129/251...
  Fetching taxa batch 130/251...
  Fetching taxa batch 131/251...
  Fetching taxa batch 132/251...
  Fetching taxa batch 133/251...
  Fetching taxa batch 134/251...
  Fetching taxa batch 135/251...
  Fetching taxa batch 136/251...
  Fetching taxa batch 137/251...
  Fetching taxa batch 138/251...
  Fetching taxa batch 139/251...
  Fetching taxa batch 140/251...
  Fetching taxa batch 141/251...
  Fetching taxa batch 142/251...
  Fetching taxa batch 143/251...
  Fetching taxa batch 144/251...
  Fetching taxa batch 145/251...
  Fetching taxa batch 146/251...
  Fetching taxa batch 147/251...
  Fetching taxa batch 148/251...
  Fetching taxa batch 149/251...
  Fetching taxa batch 150/251...
  Fetching taxa batch 151/251...
  Fetching taxa batch 152/251...
  Fetching taxa batch 153/251...
  Fetching taxa batch 154/251...
  Fetching taxa batch 155/251...
  Fetching taxa batch 156/251...
  Fetching taxa batch 157/251...
  Fetching taxa batch 158/251...
  Fetching taxa batch 159/251...
  Fetching taxa batch 160/251...
  Fetching taxa batch 161/251...
  Fetching taxa batch 162/251...
  Fetching taxa batch 163/251...
  Fetching taxa batch 164/251...
  Fetching taxa batch 165/251...
  Fetching taxa batch 166/251...
  Fetching taxa batch 167/251...
  Fetching taxa batch 168/251...
  Fetching taxa batch 169/251...
  Fetching taxa batch 170/251...
  Fetching taxa batch 171/251...
  Fetching taxa batch 172/251...
  Fetching taxa batch 173/251...
  Fetching taxa batch 174/251...
  Fetching taxa batch 175/251...
  Fetching taxa batch 176/251...
  Fetching taxa batch 177/251...
  Fetching taxa batch 178/251...
  Fetching taxa batch 179/251...
  Fetching taxa batch 180/251...
  Fetching taxa batch 181/251...
  Fetching taxa batch 182/251...
  Fetching taxa batch 183/251...
  Fetching taxa batch 184/251...
  Fetching taxa batch 185/251...
  Fetching taxa batch 186/251...
  Fetching taxa batch 187/251...
  Fetching taxa batch 188/251...
  Fetching taxa batch 189/251...
  Fetching taxa batch 190/251...
  Fetching taxa batch 191/251...
  Fetching taxa batch 192/251...
  Fetching taxa batch 193/251...
  Fetching taxa batch 194/251...
  Fetching taxa batch 195/251...
  Fetching taxa batch 196/251...
  Fetching taxa batch 197/251...
  Fetching taxa batch 198/251...
  Fetching taxa batch 199/251...
  Fetching taxa batch 200/251...
  Fetching taxa batch 201/251...
  Fetching taxa batch 202/251...
  Fetching taxa batch 203/251...
  Fetching taxa batch 204/251...
  Fetching taxa batch 205/251...
  Fetching taxa batch 206/251...
  Fetching taxa batch 207/251...
  Fetching taxa batch 208/251...
  Fetching taxa batch 209/251...
  Fetching taxa batch 210/251...
  Fetching taxa batch 211/251...
  Fetching taxa batch 212/251...
  Fetching taxa batch 213/251...
  Fetching taxa batch 214/251...
  Fetching taxa batch 215/251...
  Fetching taxa batch 216/251...
  Fetching taxa batch 217/251...
  Fetching taxa batch 218/251...
  Fetching taxa batch 219/251...
  Fetching taxa batch 220/251...
  Fetching taxa batch 221/251...
  Fetching taxa batch 222/251...
  Fetching taxa batch 223/251...
  Fetching taxa batch 224/251...
  Fetching taxa batch 225/251...
  Fetching taxa batch 226/251...
  Fetching taxa batch 227/251...
  Fetching taxa batch 228/251...
  Fetching taxa batch 229/251...
  Fetching taxa batch 230/251...
  Fetching taxa batch 231/251...
  Fetching taxa batch 232/251...
  Fetching taxa batch 233/251...
  Fetching taxa batch 234/251...
  Fetching taxa batch 235/251...
  Fetching taxa batch 236/251...
  Fetching taxa batch 237/251...
  Fetching taxa batch 238/251...
  Fetching taxa batch 239/251...
  Fetching taxa batch 240/251...
  Fetching taxa batch 241/251...
  Fetching taxa batch 242/251...
  Fetching taxa batch 243/251...
  Fetching taxa batch 244/251...
  Fetching taxa batch 245/251...
  Fetching taxa batch 246/251...
  Fetching taxa batch 247/251...
  Fetching taxa batch 248/251...
  Fetching taxa batch 249/251...
  Fetching taxa batch 250/251...
  Fetching taxa batch 251/251...
Fetched 7504 taxa details.
Building taxonomy tree...
Saved taxonomy tree to C:\Users\zenos\Documents\nature_app\data\pipeline\taxonomy-tree.json
Saved enriched species to C:\Users\zenos\Documents\nature_app\data\pipeline\species-enriched.json

=== Stage 3: Fetch Photos ===
Fetching photos for 4056 species...
  (Using multi-source strategy: voted + recent + curated)
  [1/4056] eastern white pine (Pinus strobus)...
    Found 56 photos, kept 16 for scoring
  [2/4056] American beech (Fagus grandifolia)...
    Found 61 photos, kept 16 for scoring
  [3/4056] eastern hemlock (Tsuga canadensis)...
    Found 75 photos, kept 16 for scoring
  [4/4056] Canada mayflower (Maianthemum canadense)...
    Found 37 photos, kept 16 for scoring
  [5/4056] Ghost Pipe (Monotropa uniflora)...
    Found 46 photos, kept 16 for scoring
  [6/4056] sensitive fern (Onoclea sensibilis)...
    Found 47 photos, kept 16 for scoring
  [7/4056] pink lady's slipper (Cypripedium acaule)...
    Found 59 photos, kept 16 for scoring
  [8/4056] common milkweed (Asclepias syriaca)...
    Found 60 photos, kept 16 for scoring
  [9/4056] Asian bittersweet (Celastrus orbiculatus)...
    Found 52 photos, kept 16 for scoring
  [10/4056] partridgeberry (Mitchella repens)...
    Found 37 photos, kept 16 for scoring
  [11/4056] red maple (Acer rubrum)...
    Found 57 photos, kept 16 for scoring
  [12/4056] garlic mustard (Alliaria petiolata)...
    Found 45 photos, kept 16 for scoring
  [13/4056] striped wintergreen (Chimaphila maculata)...
    Found 46 photos, kept 16 for scoring
  [14/4056] wild sarsaparilla (Aralia nudicaulis)...
    Found 57 photos, kept 16 for scoring
  [15/4056] northern starflower (Lysimachia borealis)...
    Found 41 photos, kept 16 for scoring
  [16/4056] Eastern Skunk Cabbage (Symplocarpus foetidus)...
    Found 53 photos, kept 16 for scoring
  [17/4056] Canadian bunchberry (Cornus canadensis)...
    Found 47 photos, kept 16 for scoring
  [18/4056] alder buckthorn (Frangula alnus)...
    Found 58 photos, kept 16 for scoring
  [19/4056] common jewelweed (Impatiens capensis)...
    Found 53 photos, kept 16 for scoring
  [20/4056] multiflora rose (Rosa multiflora)...
    Found 55 photos, kept 16 for scoring
  [21/4056] American pokeweed (Phytolacca americana)...
    Found 52 photos, kept 16 for scoring
  [22/4056] red trillium (Trillium erectum)...
    Found 52 photos, kept 16 for scoring
  [23/4056] staghorn sumac (Rhus typhina)...
    Found 47 photos, kept 16 for scoring
  [24/4056] yellow birch (Betula alleghaniensis)...
    Found 61 photos, kept 16 for scoring
  [25/4056] pitch pine (Pinus rigida)...
    Found 53 photos, kept 16 for scoring
  [26/4056] common mugwort (Artemisia vulgaris)...
    Found 47 photos, kept 16 for scoring
  [27/4056] wild carrot (Daucus carota)...
    Found 47 photos, kept 16 for scoring
  [28/4056] black cherry (Prunus serotina)...
    Found 62 photos, kept 16 for scoring
  [29/4056] hobblebush (Viburnum lantanoides)...
    Found 52 photos, kept 16 for scoring
  [30/4056] Japanese knotweed (Reynoutria japonica)...
    Found 55 photos, kept 16 for scoring
  [31/4056] Christmas fern (Polystichum acrostichoides)...
    Found 54 photos, kept 16 for scoring
  [32/4056] white meadowsweet (Spiraea alba)...
    Found 62 photos, kept 16 for scoring
  [33/4056] Eastern Teaberry (Gaultheria procumbens)...
    Found 35 photos, kept 16 for scoring
  [34/4056] striped maple (Acer pensylvanicum)...
    Found 59 photos, kept 16 for scoring
  [35/4056] Red Clover (Trifolium pratense)...
    Found 44 photos, kept 16 for scoring
  [36/4056] great mullein (Verbascum thapsus)...
    Found 42 photos, kept 16 for scoring
  [37/4056] balsam fir (Abies balsamea)...
    Found 59 photos, kept 16 for scoring
  [38/4056] rugosa rose (Rosa rugosa)...
    Found 47 photos, kept 16 for scoring
  [39/4056] common yarrow (Achillea millefolium)...
    Found 58 photos, kept 16 for scoring
  [40/4056] bittersweet nightshade (Solanum dulcamara)...
    Found 65 photos, kept 16 for scoring
  [41/4056] common bracken (Pteridium aquilinum)...
    Found 64 photos, kept 16 for scoring
  [42/4056] azure bluet (Houstonia caerulea)...
    Found 52 photos, kept 16 for scoring
  [43/4056] purple loosestrife (Lythrum salicaria)...
    Found 58 photos, kept 16 for scoring
  [44/4056] sheep laurel (Kalmia angustifolia)...
    Found 45 photos, kept 16 for scoring
  [45/4056] bluebead lily (Clintonia borealis)...
    Found 48 photos, kept 16 for scoring
  [46/4056] Jack-in-the-Pulpit (Arisaema triphyllum)...
    Found 51 photos, kept 16 for scoring
  [47/4056] eastern poison ivy (Toxicodendron radicans)...
    Found 57 photos, kept 16 for scoring
  [48/4056] mapleleaf viburnum (Viburnum acerifolium)...
    Found 61 photos, kept 16 for scoring
  [49/4056] yellow trout lily (Erythronium americanum)...
    Found 63 photos, kept 16 for scoring
  [50/4056] white oak (Quercus alba)...
    Found 47 photos, kept 16 for scoring
  [51/4056] cinnamon fern (Osmundastrum cinnamomeum)...
    Found 60 photos, kept 16 for scoring
  [52/4056] Japanese barberry (Berberis thunbergii)...
    Found 51 photos, kept 16 for scoring
  [53/4056] Solomon's plume (Maianthemum racemosum)...
    Found 50 photos, kept 16 for scoring
  [54/4056] american witch-hazel (Hamamelis virginiana)...
    Found 63 photos, kept 16 for scoring
  [55/4056] Sweet Pepperbush (Clethra alnifolia)...
    Found 45 photos, kept 16 for scoring
  [56/4056] painted trillium (Trillium undulatum)...
    Found 43 photos, kept 16 for scoring
  [57/4056] autumn olive (Elaeagnus umbellata)...
    Found 69 photos, kept 16 for scoring
  [58/4056] sweetfern (Comptonia peregrina)...
    Found 41 photos, kept 16 for scoring
  [59/4056] ground-ivy (Glechoma hederacea)...
    Found 35 photos, kept 16 for scoring
  [60/4056] colt's-foot (Tussilago farfara)...
    Found 48 photos, kept 16 for scoring
  [61/4056] common selfheal (Prunella vulgaris)...
    Found 51 photos, kept 16 for scoring
  [62/4056] mountain laurel (Kalmia latifolia)...
    Found 50 photos, kept 16 for scoring
  [63/4056] Cucumber Root (Medeola virginiana)...
    Found 48 photos, kept 16 for scoring
  [64/4056] northern red oak (Quercus rubra)...
    Found 72 photos, kept 16 for scoring
  [65/4056] sugar maple (Acer saccharum)...
    Found 51 photos, kept 16 for scoring
  [66/4056] winged euonymus (Euonymus alatus)...
    Found 47 photos, kept 16 for scoring
  [67/4056] Greater celandine (Chelidonium majus)...
    Found 51 photos, kept 16 for scoring
  [68/4056] wood anemone (Anemonoides quinquefolia)...
    Found 48 photos, kept 16 for scoring
  [69/4056] hay-scented fern (Dennstaedtia punctilobula)...
    Found 73 photos, kept 16 for scoring
  [70/4056] intermediate wood fern (Dryopteris intermedia)...
    Found 73 photos, kept 16 for scoring
  [71/4056] white clover (Trifolium repens)...
    Found 60 photos, kept 16 for scoring
  [72/4056] eastern redcedar (Juniperus virginiana)...
    Found 65 photos, kept 16 for scoring
  [73/4056] sassafras (Sassafras albidum)...
    Found 72 photos, kept 16 for scoring
  [74/4056] American Royal Fern (Osmunda spectabilis)...
    Found 54 photos, kept 16 for scoring
  [75/4056] chicory (Cichorium intybus)...
    Found 44 photos, kept 16 for scoring
  [76/4056] interrupted fern (Osmunda claytoniana)...
    Found 67 photos, kept 16 for scoring
  [77/4056] tufted vetch (Vicia cracca)...
    Found 56 photos, kept 16 for scoring
  [78/4056] Norway maple (Acer platanoides)...
    Found 52 photos, kept 16 for scoring
  [79/4056] threeleaf goldthread (Coptis trifolia)...
    Found 50 photos, kept 16 for scoring
  [80/4056] bird's-foot trefoil (Lotus corniculatus)...
    Found 66 photos, kept 16 for scoring
  [81/4056] winterberry holly (Ilex verticillata)...
    Found 64 photos, kept 16 for scoring
  [82/4056] bloodroot (Sanguinaria canadensis)...
    Found 61 photos, kept 16 for scoring
  [83/4056] common reed (Phragmites australis)...
    Found 69 photos, kept 16 for scoring
  [84/4056] American burnweed (Erechtites hieraciifolius)...
    Found 64 photos, kept 16 for scoring
  [85/4056] common toadflax (Linaria vulgaris)...
    Found 38 photos, kept 16 for scoring
  [86/4056] lesser periwinkle (Vinca minor)...
    Found 40 photos, kept 16 for scoring
  [87/4056] purple pitcher plant (Sarracenia purpurea)...
    Found 55 photos, kept 16 for scoring
  [88/4056] American chestnut (Castanea dentata)...
    Found 101 photos, kept 16 for scoring
  [89/4056] common dandelion (Taraxacum officinale)...
    Found 55 photos, kept 16 for scoring
  [90/4056] purple crownvetch (Securigera varia)...
    Found 53 photos, kept 16 for scoring
  [91/4056] trailing arbutus (Epigaea repens)...
    Found 48 photos, kept 16 for scoring
  [92/4056] tansy (Tanacetum vulgare)...
    Found 46 photos, kept 16 for scoring
  [93/4056] sessile bellwort (Uvularia sessilifolia)...
    Found 53 photos, kept 16 for scoring
  [94/4056] wild geranium (Geranium maculatum)...
    Found 50 photos, kept 16 for scoring
  [95/4056] Bull Thistle (Cirsium vulgare)...
    Found 60 photos, kept 16 for scoring
  [96/4056] black-eyed Susan (Rudbeckia hirta)...
    Found 50 photos, kept 16 for scoring
  [97/4056] paper birch (Betula papyrifera)...
    Found 66 photos, kept 16 for scoring
  [98/4056] white campion (Silene latifolia)...
    Found 55 photos, kept 16 for scoring
  [99/4056] American wintergreen (Pyrola americana)...
    Found 44 photos, kept 16 for scoring
  [100/4056] buttonbush (Cephalanthus occidentalis)...
    Found 56 photos, kept 16 for scoring
  [101/4056] whorled wood aster (Oclemena acuminata)...
    Found 65 photos, kept 16 for scoring
  [102/4056] New York fern (Amauropelta noveboracensis)...
    Found 84 photos, kept 16 for scoring
  [103/4056] green false hellebore (Veratrum viride)...
    Found 58 photos, kept 16 for scoring
  [104/4056] orange hawkweed (Pilosella aurantiaca)...
    Found 47 photos, kept 16 for scoring
  [105/4056] box elder (Acer negundo)...
    Found 61 photos, kept 16 for scoring
  [106/4056] northern lady fern (Athyrium angustum)...
    Found 82 photos, kept 16 for scoring
  [107/4056] pickerelweed (Pontederia cordata)...
    Found 54 photos, kept 16 for scoring
  [108/4056] Virginia creeper (Parthenocissus quinquefolia)...
    Found 48 photos, kept 16 for scoring
  [109/4056] purple-flowered raspberry (Rubus odoratus)...
    Found 55 photos, kept 16 for scoring
  [110/4056] common buckthorn (Rhamnus cathartica)...
    Found 82 photos, kept 16 for scoring
  [111/4056] dame's rocket (Hesperis matronalis)...
    Found 75 photos, kept 16 for scoring
  [112/4056] black locust (Robinia pseudoacacia)...
    Found 61 photos, kept 16 for scoring
  [113/4056] Creeping Foamflower (Tiarella stolonifera)...
    Found 82 photos, kept 16 for scoring
  [114/4056] northern whitecedar (Thuja occidentalis)...
    Found 71 photos, kept 16 for scoring
  [115/4056] marsh marigold (Caltha palustris)...
    Found 57 photos, kept 16 for scoring
  [116/4056] white turtlehead (Chelone glabra)...
    Found 45 photos, kept 16 for scoring
  [117/4056] Steeplebush (Spiraea tomentosa)...
    Found 55 photos, kept 16 for scoring
  [118/4056] whorled loosestrife (Lysimachia quadrifolia)...
    Found 44 photos, kept 16 for scoring
  [119/4056] Broad-leaved helleborine (Epipactis helleborine)...
    Found 49 photos, kept 16 for scoring
  [120/4056] three-toothed cinquefoil (Sibbaldiopsis tridentata)...
    Found 44 photos, kept 16 for scoring
  [121/4056] red columbine (Aquilegia canadensis)...
    Found 55 photos, kept 16 for scoring
  [122/4056] heath speedwell (Veronica officinalis)...
    Found 70 photos, kept 16 for scoring
  [123/4056] marginal wood fern (Dryopteris marginalis)...
    Found 102 photos, kept 16 for scoring
  [124/4056] American hophornbeam (Ostrya virginiana)...
    Found 75 photos, kept 16 for scoring
  [125/4056] white baneberry (Actaea pachypoda)...
    Found 50 photos, kept 16 for scoring
  [126/4056] bigtooth aspen (Populus grandidentata)...
    Found 77 photos, kept 16 for scoring
  [127/4056] cardinal flower (Lobelia cardinalis)...
    Found 79 photos, kept 16 for scoring
  [128/4056] northern bayberry (Morella pensylvanica)...
    Found 49 photos, kept 16 for scoring
  [129/4056] ribwort plantain (Plantago lanceolata)...
    Found 55 photos, kept 16 for scoring
  [130/4056] spreading dogbane (Apocynum androsaemifolium)...
    Found 63 photos, kept 16 for scoring
  [131/4056] oxeye daisy (Leucanthemum vulgare)...
    Found 67 photos, kept 16 for scoring
  [132/4056] red-berried elder (Sambucus racemosa)...
    Found 73 photos, kept 16 for scoring
  [133/4056] quaking aspen (Populus tremuloides)...
    Found 65 photos, kept 16 for scoring
  [134/4056] roundleaf greenbrier (Smilax rotundifolia)...
    Found 53 photos, kept 16 for scoring
  [135/4056] American black elderberry (Sambucus canadensis)...
    Found 52 photos, kept 16 for scoring
  [136/4056] downy rattlesnake plantain (Goodyera pubescens)...
    Found 58 photos, kept 16 for scoring
  [137/4056] common ragweed (Ambrosia artemisiifolia)...
    Found 53 photos, kept 16 for scoring
  [138/4056] common boneset (Eupatorium perfoliatum)...
    Found 42 photos, kept 16 for scoring
  [139/4056] tree-of-heaven (Ailanthus altissima)...
    Found 56 photos, kept 16 for scoring
  [140/4056] white snakeroot (Ageratina altissima)...
    Found 49 photos, kept 16 for scoring
  [141/4056] Indian tobacco (Lobelia inflata)...
    Found 72 photos, kept 16 for scoring
  [142/4056] pinesap (Monotropa hypopitys)...
    Found 41 photos, kept 16 for scoring
  [143/4056] common wrinkle-leaved goldenrod (Solidago rugosa)...
    Found 61 photos, kept 16 for scoring
  [144/4056] rabbitfoot clover (Trifolium arvense)...
    Found 62 photos, kept 16 for scoring
  [145/4056] northern seaside goldenrod (Solidago sempervirens)...
    Found 62 photos, kept 16 for scoring
  [146/4056] Bog Labrador Tea (Rhododendron groenlandicum)...
    Found 36 photos, kept 16 for scoring
  [147/4056] fan clubmoss (Diphasiastrum digitatum)...
    Found 49 photos, kept 16 for scoring
  [148/4056] sulphur cinquefoil (Potentilla recta)...
    Found 51 photos, kept 16 for scoring
  [149/4056] flat-top white aster (Doellingeria umbellata)...
    Found 54 photos, kept 16 for scoring
  [150/4056] fringed polygala (Polygaloides paucifolia)...
    Found 48 photos, kept 16 for scoring
  [151/4056] basswood (Tilia americana)...
    Found 63 photos, kept 16 for scoring
  [152/4056] Canada toadflax (Linaria canadensis)...
    Found 57 photos, kept 16 for scoring
  [153/4056] blue vervain (Verbena hastata)...
    Found 52 photos, kept 16 for scoring
  [154/4056] American white waterlily (Nymphaea odorata)...
    Found 49 photos, kept 16 for scoring
  [155/4056] gray birch (Betula populifolia)...
    Found 56 photos, kept 16 for scoring
  [156/4056] ostrich fern (Matteuccia struthiopteris)...
    Found 53 photos, kept 16 for scoring
  [157/4056] carpet bugle (Ajuga reptans)...
    Found 51 photos, kept 16 for scoring
  [158/4056] common soapwort (Saponaria officinalis)...
    Found 54 photos, kept 16 for scoring
  [159/4056] Goutweed (Aegopodium podagraria)...
    Found 62 photos, kept 16 for scoring
  [160/4056] New England aster (Symphyotrichum novae-angliae)...
    Found 60 photos, kept 16 for scoring
  [161/4056] mountain woodsorrel (Oxalis montana)...
    Found 34 photos, kept 16 for scoring
  [162/4056] northern maidenhair fern (Adiantum pedatum)...
    Found 77 photos, kept 16 for scoring
  [163/4056] Herb Robert (Geranium robertianum)...
    Found 53 photos, kept 16 for scoring
  [164/4056] Lingonberry (Vaccinium vitis-idaea)...
    Found 39 photos, kept 16 for scoring
  [165/4056] leatherleaf (Chamaedaphne calyculata)...
    Found 54 photos, kept 16 for scoring
  [166/4056] round-leaved sundew (Drosera rotundifolia)...
    Found 64 photos, kept 16 for scoring
  [167/4056] European lily of the valley (Convallaria majalis)...
    Found 42 photos, kept 16 for scoring
  [168/4056] northern wild raisin (Viburnum cassinoides)...
    Found 72 photos, kept 16 for scoring
  [169/4056] Porcelain Berry (Ampelopsis glandulosa)...
    Found 51 photos, kept 16 for scoring
  [170/4056] seaside pea (Lathyrus japonicus)...
    Found 45 photos, kept 16 for scoring
  [171/4056] tamarack (Larix laricina)...
    Found 61 photos, kept 16 for scoring
  [172/4056] low smartweed (Persicaria longiseta)...
    Found 61 photos, kept 16 for scoring
  [173/4056] prickly cucumber (Echinocystis lobata)...
    Found 50 photos, kept 16 for scoring
  [174/4056] northern bush honeysuckle (Diervilla lonicera)...
    Found 55 photos, kept 16 for scoring
  [175/4056] swamp candles (Lysimachia terrestris)...
    Found 55 photos, kept 16 for scoring
  [176/4056] black raspberry (Rubus occidentalis)...
    Found 68 photos, kept 16 for scoring
  [177/4056] northern spicebush (Lindera benzoin)...
    Found 59 photos, kept 16 for scoring
  [178/4056] Virginia strawberry (Fragaria virginiana)...
    Found 62 photos, kept 16 for scoring
  [179/4056] Carolina Springbeauty (Claytonia caroliniana)...
    Found 55 photos, kept 16 for scoring
  [180/4056] Asiatic dayflower (Commelina communis)...
    Found 62 photos, kept 16 for scoring
  [181/4056] northern blue flag (Iris versicolor)...
    Found 59 photos, kept 16 for scoring
  [182/4056] white ash (Fraxinus americana)...
    Found 67 photos, kept 16 for scoring
  [183/4056] chokecherry (Prunus virginiana)...
    Found 60 photos, kept 16 for scoring
  [184/4056] dwarf ginseng (Panax trifolius)...
    Found 47 photos, kept 16 for scoring
  [185/4056] swamp milkweed (Asclepias incarnata)...
    Found 53 photos, kept 16 for scoring
  [186/4056] flat-branched tree-clubmoss (Dendrolycopodium obscurum)...
    Found 64 photos, kept 16 for scoring
  [187/4056] sweet birch (Betula lenta)...
    Found 74 photos, kept 16 for scoring
  [188/4056] lesser celandine (Ficaria verna)...
    Found 46 photos, kept 16 for scoring
  [189/4056] American hog-peanut (Amphicarpaea bracteata)...
    Found 50 photos, kept 16 for scoring
  [190/4056] tall meadow-rue (Thalictrum pubescens)...
    Found 66 photos, kept 16 for scoring
  [191/4056] Rhodora (Rhododendron canadense)...
    Found 49 photos, kept 16 for scoring
  [192/4056] red deadnettle (Lamium purpureum)...
    Found 44 photos, kept 16 for scoring
  [193/4056] rock polypody (Polypodium virginianum)...
    Found 71 photos, kept 16 for scoring
  [194/4056] fringed loosestrife (Lysimachia ciliata)...
    Found 73 photos, kept 16 for scoring
  [195/4056] American holly (Ilex opaca)...
    Found 53 photos, kept 16 for scoring
  [196/4056] Deptford pink (Dianthus armeria)...
    Found 64 photos, kept 16 for scoring
  [197/4056] pipsissewa (Chimaphila umbellata)...
    Found 58 photos, kept 16 for scoring
  [198/4056] silverrod (Solidago bicolor)...
    Found 63 photos, kept 16 for scoring
  [199/4056] Diapensia (Diapensia lapponica)...
    Found 38 photos, kept 16 for scoring
  [200/4056] bear oak (Quercus ilicifolia)...
    Found 72 photos, kept 16 for scoring
  [201/4056] American groundnut (Apios americana)...
    Found 59 photos, kept 16 for scoring
  [202/4056] common juniper (Juniperus communis)...
    Found 62 photos, kept 16 for scoring
  [203/4056] shinleaf (Pyrola elliptica)...
    Found 61 photos, kept 16 for scoring
  [204/4056] round-lobed hepatica (Hepatica americana)...
    Found 97 photos, kept 16 for scoring
  [205/4056] shagbark hickory (Carya ovata)...
    Found 66 photos, kept 16 for scoring
  [206/4056] Large-leaved lupine (Lupinus polyphyllus)...
    Found 66 photos, kept 16 for scoring
  [207/4056] flat-topped goldenrod (Euthamia graminifolia)...
    Found 73 photos, kept 16 for scoring
  [208/4056] black swallow-wort (Vincetoxicum nigrum)...
    Found 63 photos, kept 16 for scoring
  [209/4056] Common St. John's Wort (Hypericum perforatum)...
    Found 69 photos, kept 16 for scoring
  [210/4056] Mountain holly (Ilex mucronata)...
    Found 60 photos, kept 16 for scoring
  [211/4056] golden Alexanders (Zizia aurea)...
    Found 65 photos, kept 16 for scoring
  [212/4056] White Sweetclover (Melilotus albus)...
    Found 85 photos, kept 16 for scoring
  [213/4056] beaked hazelnut (Corylus cornuta)...
    Found 82 photos, kept 16 for scoring
  [214/4056] Mountain Maple (Acer spicatum)...
    Found 45 photos, kept 16 for scoring
  [215/4056] bluestem goldenrod (Solidago caesia)...
    Found 61 photos, kept 16 for scoring
  [216/4056] bladder campion (Silene vulgaris)...
    Found 65 photos, kept 16 for scoring
  [217/4056] shining sumac (Rhus copallinum)...
    Found 57 photos, kept 16 for scoring
  [218/4056] guelder-rose (Viburnum opulus)...
    Found 64 photos, kept 16 for scoring
  [219/4056] White Wood Aster (Eurybia divaricata)...
    Found 47 photos, kept 16 for scoring
  [220/4056] field horsetail (Equisetum arvense)...
    Found 52 photos, kept 16 for scoring
  [221/4056] ragged-robin (Silene flos-cuculi)...
    Found 58 photos, kept 16 for scoring
  [222/4056] butterfly milkweed (Asclepias tuberosa)...
    Found 43 photos, kept 16 for scoring
  [223/4056] common ivy (Hedera helix)...
    Found 45 photos, kept 16 for scoring
  [224/4056] horseweed (Erigeron canadensis)...
    Found 68 photos, kept 16 for scoring
  [225/4056] Two-leaved Toothwort (Cardamine diphylla)...
    Found 58 photos, kept 16 for scoring
  [226/4056] white avens (Geum canadense)...
    Found 87 photos, kept 16 for scoring
  [227/4056] lowbush blueberry (Vaccinium angustifolium)...
    Found 57 photos, kept 16 for scoring
  [228/4056] common blue violet (Viola sororia)...
    Found 77 photos, kept 16 for scoring
  [229/4056] shining firmoss (Huperzia lucidula)...
    Found 44 photos, kept 16 for scoring
  [230/4056] pearly everlasting (Anaphalis margaritacea)...
    Found 67 photos, kept 16 for scoring
  [231/4056] narrowleaf cow wheat (Melampyrum lineare)...
    Found 49 photos, kept 16 for scoring
  [232/4056] hairy bittercress (Cardamine hirsuta)...
    Found 60 photos, kept 16 for scoring
  [233/4056] sallow sedge (Carex lurida)...
    Found 48 photos, kept 16 for scoring
  [234/4056] Beechdrops (Epifagus virginiana)...
    Found 48 photos, kept 16 for scoring
  [235/4056] Dutchman's breeches (Dicentra cucullaria)...
    Found 87 photos, kept 16 for scoring
  [236/4056] red spruce (Picea rubens)...
    Found 55 photos, kept 16 for scoring
  [237/4056] broadleaf enchanter's nightshade (Circaea canadensis)...
    Found 55 photos, kept 16 for scoring
  [238/4056] bearberry (Arctostaphylos uva-ursi)...
    Found 58 photos, kept 16 for scoring
  [239/4056] Allegheny monkeyflower (Mimulus ringens)...
    Found 54 photos, kept 16 for scoring
  [240/4056] creeping snowberry (Gaultheria hispidula)...
    Found 54 photos, kept 16 for scoring
  [241/4056] He-huckleberry (Lyonia ligustrina)...
    Found 74 photos, kept 16 for scoring
  [242/4056] American Cranberry (Vaccinium macrocarpon)...
    Found 44 photos, kept 16 for scoring
  [243/4056] smooth sumac (Rhus glabra)...
    Found 62 photos, kept 16 for scoring
  [244/4056] interrupted clubmoss (Spinulum annotinum)...
    Found 39 photos, kept 16 for scoring
  [245/4056] Carolina Sea Lavender (Limonium carolinianum)...
    Found 54 photos, kept 16 for scoring
  [246/4056] rock harlequin (Capnoides sempervirens)...
    Found 60 photos, kept 16 for scoring
  [247/4056] black huckleberry (Gaylussacia baccata)...
    Found 51 photos, kept 16 for scoring
  [248/4056] checkered rattlesnake plantain (Goodyera tesselata)...
    Found 65 photos, kept 16 for scoring
  [249/4056] wineberry (Rubus phoenicolasius)...
    Found 49 photos, kept 16 for scoring
  [250/4056] fortune's spindle (Euonymus fortunei)...
    Found 62 photos, kept 16 for scoring
  [251/4056] American jumpseed (Persicaria virginiana)...
    Found 46 photos, kept 16 for scoring
  [252/4056] virgin's-bower (Clematis virginiana)...
    Found 58 photos, kept 16 for scoring
  [253/4056] large white trillium (Trillium grandiflorum)...
    Found 54 photos, kept 16 for scoring
  [254/4056] silver maple (Acer saccharinum)...
    Found 55 photos, kept 16 for scoring
  [255/4056] arrow-leaved tearthumb (Persicaria sagittata)...
    Found 61 photos, kept 16 for scoring
  [256/4056] American tuliptree (Liriodendron tulipifera)...
    Found 59 photos, kept 16 for scoring
  [257/4056] long beech fern (Phegopteris connectilis)...
    Found 62 photos, kept 16 for scoring
  [258/4056] Carolina horsenettle (Solanum carolinense)...
    Found 51 photos, kept 16 for scoring
  [259/4056] American hornbeam (Carpinus caroliniana)...
    Found 75 photos, kept 16 for scoring
  [260/4056] alternate-leaved dogwood (Cornus alternifolia)...
    Found 72 photos, kept 16 for scoring
  [261/4056] brocade moss (Callicladium imponens)...
    Found 62 photos, kept 16 for scoring
  [262/4056] Virginia saxifrage (Micranthes virginiensis)...
    Found 72 photos, kept 16 for scoring
  [263/4056] bristly sarsaparilla (Aralia hispida)...
    Found 58 photos, kept 16 for scoring
  [264/4056] creeping Jenny (Lysimachia nummularia)...
    Found 44 photos, kept 16 for scoring
  [265/4056] Canadian wild ginger (Asarum canadense)...
    Found 60 photos, kept 16 for scoring
  [266/4056] bog bilberry (Vaccinium uliginosum)...
    Found 53 photos, kept 16 for scoring
  [267/4056] Sheep's sorrel (Rumex acetosella)...
    Found 54 photos, kept 16 for scoring
  [268/4056] American fly-honeysuckle (Lonicera canadensis)...
    Found 66 photos, kept 16 for scoring
  [269/4056] thyme-leaved speedwell (Veronica serpyllifolia)...
    Found 58 photos, kept 16 for scoring
  [270/4056] Eastern Cottonwood (Populus deltoides)...
    Found 73 photos, kept 16 for scoring
  [271/4056] American elm (Ulmus americana)...
    Found 100 photos, kept 16 for scoring
  [272/4056] Siberian squill (Scilla siberica)...
    Found 39 photos, kept 16 for scoring
  [273/4056] American sycamore (Platanus occidentalis)...
    Found 78 photos, kept 16 for scoring
  [274/4056] common star-of-Bethlehem (Ornithogalum umbellatum)...
    Found 43 photos, kept 16 for scoring
  [275/4056] tawny cottongrass (Eriophorum virginicum)...
    Found 61 photos, kept 16 for scoring
  [276/4056] broadleaf arrowhead (Sagittaria latifolia)...
    Found 62 photos, kept 16 for scoring
  [277/4056] fireweed (Chamaenerion angustifolium)...
    Found 54 photos, kept 16 for scoring
  [278/4056] common evening-primrose (Oenothera biennis)...
    Found 58 photos, kept 16 for scoring
  [279/4056] common motherwort (Leonurus cardiaca)...
    Found 50 photos, kept 16 for scoring
  [280/4056] hemp dogbane (Apocynum cannabinum)...
    Found 72 photos, kept 16 for scoring
  [281/4056] red baneberry (Actaea rubra)...
    Found 59 photos, kept 16 for scoring
  [282/4056] stag's-horn clubmoss (Lycopodium clavatum)...
    Found 58 photos, kept 16 for scoring
  [283/4056] creeping thistle (Cirsium arvense)...
    Found 58 photos, kept 16 for scoring
  [284/4056] sharp-lobed hepatica (Hepatica acutiloba)...
    Found 51 photos, kept 16 for scoring
  [285/4056] Japanese honeysuckle (Lonicera japonica)...
    Found 45 photos, kept 16 for scoring
  [286/4056] spotted Joe-Pye weed (Eutrochium maculatum)...
    Found 79 photos, kept 16 for scoring
  [287/4056] Dead Man's Fingers (Codium fragile)...
    Found 32 photos, kept 16 for scoring
  [288/4056] bladder sedge (Carex intumescens)...
    Found 63 photos, kept 16 for scoring
  [289/4056] bitter wintercress (Barbarea vulgaris)...
    Found 64 photos, kept 16 for scoring
  [290/4056] groundsel tree (Baccharis halimifolia)...
    Found 57 photos, kept 16 for scoring
  [291/4056] black oak (Quercus velutina)...
    Found 79 photos, kept 16 for scoring
  [292/4056] black crowberry (Empetrum nigrum)...
    Found 63 photos, kept 16 for scoring
  [293/4056] wide leek (Allium tricoccum)...
    Found 62 photos, kept 16 for scoring
  [294/4056] hedge bindweed (Calystegia sepium)...
    Found 49 photos, kept 16 for scoring
  [295/4056] wild parsnip (Pastinaca sativa)...
    Found 61 photos, kept 16 for scoring
  [296/4056] Japanese pachysandra (Pachysandra terminalis)...
    Found 45 photos, kept 16 for scoring
  [297/4056] eastern wild indigo (Baptisia tinctoria)...
    Found 54 photos, kept 16 for scoring
  [298/4056] swamp loosestrife (Decodon verticillatus)...
    Found 54 photos, kept 16 for scoring
  [299/4056] Northern highbush blueberry (Vaccinium corymbosum)...
    Found 86 photos, kept 16 for scoring
  [300/4056] wild bergamot (Monarda fistulosa)...
    Found 66 photos, kept 16 for scoring
  [301/4056] cypress spurge (Euphorbia cyparissias)...
    Found 52 photos, kept 16 for scoring
  [302/4056] greater plantain (Plantago major)...
    Found 55 photos, kept 16 for scoring
  [303/4056] marsh fern (Thelypteris palustris)...
    Found 54 photos, kept 16 for scoring
  [304/4056] red pine (Pinus resinosa)...
    Found 82 photos, kept 16 for scoring
  [305/4056] bog myrtle (Myrica gale)...
    Found 41 photos, kept 16 for scoring
  [306/4056] large hop clover (Trifolium aureum)...
    Found 52 photos, kept 16 for scoring
  [307/4056] Norway spruce (Picea abies)...
    Found 83 photos, kept 16 for scoring
  [308/4056] hairy Solomon's-seal (Polygonatum pubescens)...
    Found 64 photos, kept 16 for scoring
  [309/4056] Beach Plum (Prunus maritima)...
    Found 64 photos, kept 16 for scoring
  [310/4056] mayapple (Podophyllum peltatum)...
    Found 64 photos, kept 16 for scoring
  [311/4056] greater whipwort (Bazzania trilobata)...
    Found 49 photos, kept 16 for scoring
  [312/4056] jimsonweed (Datura stramonium)...
    Found 56 photos, kept 16 for scoring
  [313/4056] fire cherry (Prunus pensylvanica)...
    Found 74 photos, kept 16 for scoring
  [314/4056] white vervain (Verbena urticifolia)...
    Found 73 photos, kept 16 for scoring
  [315/4056] Creeping Bellflower (Campanula rapunculoides)...
    Found 47 photos, kept 16 for scoring
  [316/4056] orchard grass (Dactylis glomerata)...
    Found 81 photos, kept 16 for scoring
  [317/4056] broad-leaved dock (Rumex obtusifolius)...
    Found 48 photos, kept 16 for scoring
  [318/4056] Common Blue Wood Aster (Symphyotrichum cordifolium)...
    Found 81 photos, kept 16 for scoring
  [319/4056] Germander Speedwell (Veronica chamaedrys)...
    Found 61 photos, kept 16 for scoring
  [320/4056] spoonleaf sundew (Drosera intermedia)...
    Found 65 photos, kept 16 for scoring
  [321/4056] fall phlox (Phlox paniculata)...
    Found 44 photos, kept 16 for scoring
  [322/4056] Yellow Iris (Iris pseudacorus)...
    Found 51 photos, kept 16 for scoring
  [323/4056] small-flowered buttercup (Ranunculus abortivus)...
    Found 75 photos, kept 16 for scoring
  [324/4056] yellow star grass (Hypoxis hirsuta)...
    Found 68 photos, kept 16 for scoring
  [325/4056] wood nettle (Laportea canadensis)...
    Found 42 photos, kept 16 for scoring
  [326/4056] sweet everlasting (Pseudognaphalium obtusifolium)...
    Found 58 photos, kept 16 for scoring
  [327/4056] American spikenard (Aralia racemosa)...
    Found 48 photos, kept 16 for scoring
  [328/4056] chestnut oak (Quercus montana)...
    Found 58 photos, kept 16 for scoring
  [329/4056] spotted knapweed (Centaurea stoebe)...
    Found 73 photos, kept 16 for scoring
  [330/4056] Round-leaved Violet (Viola rotundifolia)...
    Found 54 photos, kept 16 for scoring
  [331/4056] American searocket (Cakile edentula)...
    Found 46 photos, kept 16 for scoring
  [332/4056] Maiden Pink (Dianthus deltoides)...
    Found 41 photos, kept 16 for scoring
  [333/4056] Tower Mustard (Turritis glabra)...
    Found 72 photos, kept 16 for scoring
  [334/4056] Black Tupelo (Nyssa sylvatica)...
    Found 56 photos, kept 16 for scoring
  [335/4056] Common Lambsquarters (Chenopodium album)...
    Found 53 photos, kept 16 for scoring
  [336/4056] eastern black nightshade (Solanum emulans)...
    Found 63 photos, kept 16 for scoring
  [337/4056] Spotted spurge (Euphorbia maculata)...
    Found 67 photos, kept 16 for scoring
  [338/4056] Virginia waterleaf (Hydrophyllum virginianum)...
    Found 43 photos, kept 16 for scoring
  [339/4056] common valerian (Valeriana officinalis)...
    Found 63 photos, kept 16 for scoring
  [340/4056] Canada lily (Lilium canadense)...
    Found 53 photos, kept 16 for scoring
  [341/4056] Hoary Mugwort (Artemisia stelleriana)...
    Found 68 photos, kept 16 for scoring
  [342/4056] Cow Parsley (Anthriscus sylvestris)...
    Found 58 photos, kept 16 for scoring
  [343/4056] Rose Pogonia (Pogonia ophioglossoides)...
    Found 58 photos, kept 16 for scoring
  [344/4056] round-headed bush clover (Lespedeza capitata)...
    Found 74 photos, kept 16 for scoring
  [345/4056] marsh elder (Iva frutescens)...
    Found 61 photos, kept 16 for scoring
  [346/4056] Three-way Sedge (Dulichium arundinaceum)...
    Found 49 photos, kept 16 for scoring
  [347/4056] twoleaf miterwort (Mitella diphylla)...
    Found 56 photos, kept 16 for scoring
  [348/4056] rose twisted-stalk (Streptopus lanceolatus)...
    Found 55 photos, kept 16 for scoring
  [349/4056] Black Medick (Medicago lupulina)...
    Found 47 photos, kept 16 for scoring
  [350/4056] Twinflower (Linnaea borealis)...
    Found 45 photos, kept 16 for scoring
  [351/4056] broadleaf cattail (Typha latifolia)...
    Found 51 photos, kept 16 for scoring
  [352/4056] Blue Curls (Trichostema dichotomum)...
    Found 69 photos, kept 16 for scoring
  [353/4056] Common Purslane (Portulaca oleracea)...
    Found 48 photos, kept 16 for scoring
  [354/4056] Common Whitlowgrass (Draba verna)...
    Found 63 photos, kept 16 for scoring
  [355/4056] curled dock (Rumex crispus)...
    Found 54 photos, kept 16 for scoring
  [356/4056] false indigo bush (Amorpha fruticosa)...
    Found 72 photos, kept 16 for scoring
  [357/4056] common cowparsnip (Heracleum maximum)...
    Found 73 photos, kept 16 for scoring
  [358/4056] Wood Lily (Lilium philadelphicum)...
    Found 67 photos, kept 16 for scoring
  [359/4056] maidenhair spleenwort (Asplenium trichomanes)...
    Found 48 photos, kept 16 for scoring
  [360/4056] Morrow's honeysuckle (Lonicera morrowii)...
    Found 64 photos, kept 16 for scoring
  [361/4056] narrow-leaved bittercress (Cardamine impatiens)...
    Found 63 photos, kept 16 for scoring
  [362/4056] pineapple-weed (Matricaria discoidea)...
    Found 43 photos, kept 16 for scoring
  [363/4056] robin's-plantain (Erigeron pulchellus)...
    Found 74 photos, kept 16 for scoring
  [364/4056] Swamp Laurel (Kalmia polifolia)...
    Found 46 photos, kept 16 for scoring
  [365/4056] Annual Honesty (Lunaria annua)...
    Found 45 photos, kept 16 for scoring
  [366/4056] lesser burdock (Arctium minus)...
    Found 57 photos, kept 16 for scoring
  [367/4056] eastern black walnut (Juglans nigra)...
    Found 53 photos, kept 16 for scoring
  [368/4056] European barberry (Berberis vulgaris)...
    Found 67 photos, kept 16 for scoring
  [369/4056] Canada yew (Taxus canadensis)...
    Found 68 photos, kept 16 for scoring
  [370/4056] purple foxglove (Digitalis purpurea)...
    Found 40 photos, kept 16 for scoring
  [371/4056] Wall Lettuce (Mycelis muralis)...
    Found 58 photos, kept 16 for scoring
  [372/4056] rough horsetail (Equisetum hyemale)...
    Found 48 photos, kept 16 for scoring
  [373/4056] broad-leaved goldenrod (Solidago flexicaulis)...
    Found 71 photos, kept 16 for scoring
  [374/4056] calico aster (Symphyotrichum lateriflorum)...
    Found 73 photos, kept 16 for scoring
  [375/4056] Sea Plantain (Plantago maritima)...
    Found 40 photos, kept 16 for scoring
  [376/4056] pale jewelweed (Impatiens pallida)...
    Found 63 photos, kept 16 for scoring
  [377/4056] woolly beachheather (Hudsonia tomentosa)...
    Found 61 photos, kept 16 for scoring
  [378/4056] Greenland stitchwort (Mononeuria groenlandica)...
    Found 44 photos, kept 16 for scoring
  [379/4056] Virginia meadowbeauty (Rhexia virginica)...
    Found 59 photos, kept 16 for scoring
  [380/4056] Watershield (Brasenia schreberi)...
    Found 52 photos, kept 16 for scoring
  [381/4056] velvetleaf (Abutilon theophrasti)...
    Found 52 photos, kept 16 for scoring
  [382/4056] bottle gentian (Gentiana clausa)...
    Found 65 photos, kept 16 for scoring
  [383/4056] northern oak fern (Gymnocarpium dryopteris)...
    Found 57 photos, kept 16 for scoring
  [384/4056] Sickleleaf Silk-grass (Pityopsis falcata)...
    Found 59 photos, kept 16 for scoring
  [385/4056] red osier dogwood (Cornus sericea)...
    Found 58 photos, kept 16 for scoring
  [386/4056] Himalayan balsam (Impatiens glandulifera)...
    Found 66 photos, kept 16 for scoring
  [387/4056] Common Pipewort (Eriocaulon aquaticum)...
    Found 57 photos, kept 16 for scoring
  [388/4056] American mountain ash (Sorbus americana)...
    Found 62 photos, kept 16 for scoring
  [389/4056] Silvery Cinquefoil (Potentilla argentea)...
    Found 67 photos, kept 16 for scoring
  [390/4056] wood horsetail (Equisetum sylvaticum)...
    Found 63 photos, kept 16 for scoring
  [391/4056] grey alder (Alnus incana)...
    Found 76 photos, kept 16 for scoring
  [392/4056] dewdrop (Rubus dalibarda)...
    Found 43 photos, kept 16 for scoring
  [393/4056] Flax-leaved Aster (Ionactis linariifolia)...
    Found 63 photos, kept 16 for scoring
  [394/4056] border privet (Ligustrum obtusifolium)...
    Found 58 photos, kept 16 for scoring
  [395/4056] American hazelnut (Corylus americana)...
    Found 76 photos, kept 16 for scoring
  [396/4056] swamp aster (Symphyotrichum puniceum)...
    Found 71 photos, kept 16 for scoring
  [397/4056] stairstep moss (Hylocomium splendens)...
    Found 50 photos, kept 16 for scoring
  [398/4056] Timothy grass (Phleum pratense)...
    Found 57 photos, kept 16 for scoring
  [399/4056] black ash (Fraxinus nigra)...
    Found 88 photos, kept 16 for scoring
  [400/4056] partridge pea (Chamaecrista fasciculata)...
    Found 70 photos, kept 16 for scoring
  [401/4056] red raspberry (Rubus idaeus)...
    Found 71 photos, kept 16 for scoring
  [402/4056] great blue lobelia (Lobelia siphilitica)...
    Found 56 photos, kept 16 for scoring
  [403/4056] corn speedwell (Veronica arvensis)...
    Found 61 photos, kept 16 for scoring
  [404/4056] green carpetweed (Mollugo verticillata)...
    Found 60 photos, kept 16 for scoring
  [405/4056] plantainleaf sedge (Carex plantaginea)...
    Found 45 photos, kept 16 for scoring
  [406/4056] orange day-lily (Hemerocallis fulva)...
    Found 37 photos, kept 16 for scoring
  [407/4056] white mulberry (Morus alba)...
    Found 60 photos, kept 16 for scoring
  [408/4056] Butternut (Juglans cinerea)...
    Found 87 photos, kept 16 for scoring
  [409/4056] early blue cohosh (Caulophyllum giganteum)...
    Found 46 photos, kept 16 for scoring
  [410/4056] swamp dewberry (Rubus hispidus)...
    Found 58 photos, kept 16 for scoring
  [411/4056] dwarf cinquefoil (Potentilla canadensis)...
    Found 46 photos, kept 16 for scoring
  [412/4056] swamp rose mallow (Hibiscus moscheutos)...
    Found 62 photos, kept 16 for scoring
  [413/4056] common cinquefoil (Potentilla simplex)...
    Found 61 photos, kept 16 for scoring
  [414/4056] Tuberous Grasspink (Calopogon tuberosus)...
    Found 74 photos, kept 16 for scoring
  [415/4056] American trumpet vine (Campsis radicans)...
    Found 55 photos, kept 16 for scoring
  [416/4056] Wild Basil (Clinopodium vulgare)...
    Found 48 photos, kept 16 for scoring
  [417/4056] Irish Moss (Chondrus crispus)...
    Found 38 photos, kept 16 for scoring
  [418/4056] American Water-pennywort (Hydrocotyle americana)...
    Found 71 photos, kept 16 for scoring
  [419/4056] hoary alyssum (Berteroa incana)...
    Found 52 photos, kept 16 for scoring
  [420/4056] showy tick-trefoil (Desmodium canadense)...
    Found 59 photos, kept 16 for scoring
  [421/4056] bird's foot violet (Viola pedata)...
    Found 43 photos, kept 16 for scoring
  [422/4056] broad-leaved sweet pea (Lathyrus latifolius)...
    Found 62 photos, kept 16 for scoring
  [423/4056] dwarf raspberry (Rubus pubescens)...
    Found 43 photos, kept 16 for scoring
  [424/4056] upright yellow woodsorrel (Oxalis stricta)...
    Found 65 photos, kept 16 for scoring
  [425/4056] greater burdock (Arctium lappa)...
    Found 55 photos, kept 16 for scoring
  [426/4056] Canada anemone (Anemonastrum canadense)...
    Found 68 photos, kept 16 for scoring
  [427/4056] Japanese creeper (Parthenocissus tricuspidata)...
    Found 41 photos, kept 16 for scoring
  [428/4056] American golden saxifrage (Chrysosplenium americanum)...
    Found 74 photos, kept 16 for scoring
  [429/4056] field penny-cress (Thlaspi arvense)...
    Found 60 photos, kept 16 for scoring
  [430/4056] Variegated Yellow Pond-Lily (Nuphar variegata)...
    Found 47 photos, kept 16 for scoring
  [431/4056] Swamp Saxifrage (Micranthes pensylvanica)...
    Found 65 photos, kept 16 for scoring
  [432/4056] honey locust (Gleditsia triacanthos)...
    Found 56 photos, kept 16 for scoring
  [433/4056] deertongue (Dichanthelium clandestinum)...
    Found 73 photos, kept 16 for scoring
  [434/4056] catchweed bedstraw (Galium aparine)...
    Found 62 photos, kept 16 for scoring
  [435/4056] black chokeberry (Aronia melanocarpa)...
    Found 65 photos, kept 16 for scoring
  [436/4056] ebony spleenwort (Asplenium platyneuron)...
    Found 78 photos, kept 16 for scoring
  [437/4056] Green Arrow Arum (Peltandra virginica)...
    Found 60 photos, kept 16 for scoring
  [438/4056] little bluestem (Schizachyrium scoparium)...
    Found 85 photos, kept 16 for scoring
  [439/4056] Marsh Skullcap (Scutellaria galericulata)...
    Found 65 photos, kept 16 for scoring
  [440/4056] Canada clearweed (Pilea pumila)...
    Found 46 photos, kept 16 for scoring
  [441/4056] Dotted Loosestrife (Lysimachia punctata)...
    Found 46 photos, kept 16 for scoring
  [442/4056] henbit deadnettle (Lamium amplexicaule)...
    Found 63 photos, kept 16 for scoring
  [443/4056] silky dogwood (Cornus amomum)...
    Found 93 photos, kept 16 for scoring
  [444/4056] Sundial Lupine (Lupinus perennis)...
    Found 59 photos, kept 16 for scoring
  [445/4056] pineweed (Hypericum gentianoides)...
    Found 65 photos, kept 16 for scoring
  [446/4056] coastal plain Joe-Pye weed (Eutrochium dubium)...
    Found 63 photos, kept 16 for scoring
  [447/4056] hop trefoil (Trifolium campestre)...
    Found 46 photos, kept 16 for scoring
  [448/4056] Rose campion (Silene coronaria)...
    Found 45 photos, kept 16 for scoring
  [449/4056] great rhododendron (Rhododendron maximum)...
    Found 77 photos, kept 16 for scoring
  [450/4056] prickly tree-clubmoss (Dendrolycopodium dendroideum)...
    Found 57 photos, kept 16 for scoring
  [451/4056] Cutleaf Grapefern (Sceptridium dissectum)...
    Found 69 photos, kept 16 for scoring
  [452/4056] bitternut hickory (Carya cordiformis)...
    Found 61 photos, kept 16 for scoring
  [453/4056] American cancer-root (Conopholis americana)...
    Found 62 photos, kept 16 for scoring
  [454/4056] rattlesnake fern (Botrypus virginianus)...
    Found 71 photos, kept 16 for scoring
  [455/4056] moss phlox (Phlox subulata)...
    Found 41 photos, kept 16 for scoring
  [456/4056] tall thimbleweed (Anemone virginiana)...
    Found 71 photos, kept 16 for scoring
  [457/4056] Red-stemmed Feather Moss (Pleurozium schreberi)...
    Found 48 photos, kept 16 for scoring
  [458/4056] tall blue lettuce (Lactuca biennis)...
    Found 80 photos, kept 16 for scoring
  [459/4056] spinulose wood fern (Dryopteris carthusiana)...
    Found 110 photos, kept 16 for scoring
  [460/4056] flowering dogwood (Cornus florida)...
    Found 80 photos, kept 16 for scoring
  [461/4056] Smooth Yellow Violet (Viola eriocarpa)...
    Found 118 photos, kept 16 for scoring
  [462/4056] intermediate bellflower (Campanula intercedens)...
    Found 73 photos, kept 16 for scoring
  [463/4056] annual fleabane (Erigeron annuus)...
    Found 61 photos, kept 16 for scoring
  [464/4056] Canadian lousewort (Pedicularis canadensis)...
    Found 71 photos, kept 16 for scoring
  [465/4056] scarlet pimpernel (Lysimachia arvensis)...
    Found 48 photos, kept 16 for scoring
  [466/4056] swamp azalea (Rhododendron viscosum)...
    Found 88 photos, kept 16 for scoring
  [467/4056] yellow archangel (Lamium galeobdolon)...
    Found 53 photos, kept 16 for scoring
  [468/4056] Snakewort (Conocephalum salebrosum)...
    Found 48 photos, kept 16 for scoring
  [469/4056] woolgrass (Scirpus cyperinus)...
    Found 63 photos, kept 16 for scoring
  [470/4056] Hooked buttercup (Ranunculus recurvatus)...
    Found 56 photos, kept 16 for scoring
  [471/4056] Japanese stiltgrass (Microstegium vimineum)...
    Found 57 photos, kept 16 for scoring
  [472/4056] velvetleaf blueberry (Vaccinium myrtilloides)...
    Found 54 photos, kept 16 for scoring
  [473/4056] Water Avens (Geum rivale)...
    Found 60 photos, kept 16 for scoring
  [474/4056] northern catalpa (Catalpa speciosa)...
    Found 60 photos, kept 16 for scoring
  [475/4056] Eastern Mountain Avens (Geum peckii)...
    Found 57 photos, kept 16 for scoring
  [476/4056] sawbrier (Smilax glauca)...
    Found 66 photos, kept 16 for scoring
  [477/4056] Hedge Bedstraw (Galium mollugo)...
    Found 55 photos, kept 16 for scoring
  [478/4056] halberd-leaved tearthumb (Persicaria arifolia)...
    Found 73 photos, kept 16 for scoring
  [479/4056] shepherd's-purse (Capsella bursa-pastoris)...
    Found 67 photos, kept 16 for scoring
  [480/4056] Canada Violet (Viola canadensis)...
    Found 57 photos, kept 16 for scoring
  [481/4056] smooth carrionflower (Smilax herbacea)...
    Found 56 photos, kept 16 for scoring
  [482/4056] early goldenrod (Solidago juncea)...
    Found 84 photos, kept 16 for scoring
  [483/4056] one-flowered cancer-root (Aphyllon uniflorum)...
    Found 73 photos, kept 16 for scoring
  [484/4056] star-flowered lily-of-the-valley (Maianthemum stellatum)...
    Found 59 photos, kept 16 for scoring
  [485/4056] yellow foxtail (Setaria pumila)...
    Found 64 photos, kept 16 for scoring
  [486/4056] cutleaf coneflower (Rudbeckia laciniata)...
    Found 68 photos, kept 16 for scoring
  [487/4056] nannyberry (Viburnum lentago)...
    Found 75 photos, kept 16 for scoring
  [488/4056] rue anemone (Thalictrum thalictroides)...
    Found 69 photos, kept 16 for scoring
  [489/4056] southern arrowwood (Viburnum dentatum)...
    Found 47 photos, kept 16 for scoring
  [490/4056] Allegheny blackberry (Rubus allegheniensis)...
    Found 58 photos, kept 16 for scoring
  [491/4056] largeflower bellwort (Uvularia grandiflora)...
    Found 67 photos, kept 16 for scoring
  [492/4056] gallberry (Ilex glabra)...
    Found 47 photos, kept 16 for scoring
  [493/4056] nipplewort (Lapsana communis)...
    Found 71 photos, kept 16 for scoring
  [494/4056] marsh calla (Calla palustris)...
    Found 46 photos, kept 16 for scoring
  [495/4056] Orpine (Hylotelephium telephium)...
    Found 51 photos, kept 16 for scoring
  [496/4056] early meadow-rue (Thalictrum dioicum)...
    Found 46 photos, kept 16 for scoring
  [497/4056] clasping Venus's looking glass (Triodanis perfoliata)...
    Found 43 photos, kept 16 for scoring
  [498/4056] Stringy Stonecrop (Sedum sarmentosum)...
    Found 44 photos, kept 16 for scoring
  [499/4056] large-leaved aster (Eurybia macrophylla)...
    Found 71 photos, kept 16 for scoring
  [500/4056] Alsike clover (Trifolium hybridum)...
    Found 47 photos, kept 16 for scoring
  [501/4056] meadow buttercup (Ranunculus acris)...
    Found 51 photos, kept 16 for scoring
  [502/4056] rough cocklebur (Xanthium strumarium)...
    Found 45 photos, kept 16 for scoring
  [503/4056] daisy fleabane (Erigeron strigosus)...
    Found 82 photos, kept 16 for scoring
  [504/4056] shrubby cinquefoil (Dasiphora fruticosa)...
    Found 56 photos, kept 16 for scoring
  [505/4056] sycamore maple (Acer pseudoplatanus)...
    Found 43 photos, kept 16 for scoring
  [506/4056] shaggy soldier (Galinsoga quadriradiata)...
    Found 64 photos, kept 16 for scoring
  [507/4056] silvery glade fern (Deparia acrostichoides)...
    Found 106 photos, kept 16 for scoring
  [508/4056] Pincushion Moss (Leucobryum glaucum)...
    Found 56 photos, kept 16 for scoring
  [509/4056] Canada wild lettuce (Lactuca canadensis)...
    Found 91 photos, kept 16 for scoring
  [510/4056] Lapland Azalea (Rhododendron lapponicum)...
    Found 55 photos, kept 16 for scoring
  [511/4056] pointed-leaved tick-trefoil (Hylodesmum glutinosum)...
    Found 81 photos, kept 16 for scoring
  [512/4056] American plantain (Plantago rugelii)...
    Found 63 photos, kept 16 for scoring
  [513/4056] poison sumac (Toxicodendron vernix)...
    Found 73 photos, kept 16 for scoring
  [514/4056] American germander (Teucrium canadense)...
    Found 60 photos, kept 16 for scoring
  [515/4056] pussy willow (Salix discolor)...
    Found 75 photos, kept 16 for scoring
  [516/4056] small green wood orchid (Platanthera clavellata)...
    Found 77 photos, kept 16 for scoring
  [517/4056] field milkwort (Senega sanguinea)...
    Found 75 photos, kept 16 for scoring
  [518/4056] Yellow Rattle (Rhinanthus minor)...
    Found 43 photos, kept 16 for scoring
  [519/4056] wild garlic (Allium vineale)...
    Found 55 photos, kept 16 for scoring
  [520/4056] Wild Rosemary (Andromeda polifolia)...
    Found 46 photos, kept 16 for scoring
  [521/4056] common columbine (Aquilegia vulgaris)...
    Found 52 photos, kept 16 for scoring
  [522/4056] apple (Malus domestica)...
    Found 49 photos, kept 16 for scoring
  [523/4056] mock strawberry (Potentilla indica)...
    Found 44 photos, kept 16 for scoring
  [524/4056] Narrowleaf Gentian (Gentiana linearis)...
    Found 54 photos, kept 16 for scoring
  [525/4056] nodding trillium (Trillium cernuum)...
    Found 62 photos, kept 16 for scoring
  [526/4056] side-flowering skullcap (Scutellaria lateriflora)...
    Found 63 photos, kept 16 for scoring
  [527/4056] common snowdrop (Galanthus nivalis)...
    Found 43 photos, kept 16 for scoring
  [528/4056] foxglove beardtongue (Penstemon digitalis)...
    Found 74 photos, kept 16 for scoring
  [529/4056] western poison ivy (Toxicodendron rydbergii)...
    Found 56 photos, kept 16 for scoring
  [530/4056] Ostrich-plume Moss (Ptilium crista-castrensis)...
    Found 40 photos, kept 16 for scoring
  [531/4056] crested wood fern (Dryopteris cristata)...
    Found 83 photos, kept 16 for scoring
  [532/4056] Common Liverwort (Marchantia polymorpha)...
    Found 72 photos, kept 16 for scoring
  [533/4056] Creeping buttercup (Ranunculus repens)...
    Found 53 photos, kept 16 for scoring
  [534/4056] rough cinquefoil (Potentilla norvegica)...
    Found 75 photos, kept 16 for scoring
  [535/4056] bearberry willow (Salix uva-ursi)...
    Found 57 photos, kept 16 for scoring
  [536/4056] heart-leaved willow (Salix eriocephala)...
    Found 62 photos, kept 16 for scoring
  [537/4056] Red Sand Spurrey (Spergularia rubra)...
    Found 69 photos, kept 16 for scoring
  [538/4056] three-leaved rattlesnake root (Nabalus trifoliolatus)...
    Found 78 photos, kept 16 for scoring
  [539/4056] Philadelphia fleabane (Erigeron philadelphicus)...
    Found 64 photos, kept 16 for scoring
  [540/4056] bog cranberry (Vaccinium oxycoccos)...
    Found 43 photos, kept 16 for scoring
  [541/4056] Atlantic white cedar (Chamaecyparis thyoides)...
    Found 86 photos, kept 16 for scoring
  [542/4056] Panicled Hawkweed (Hieracium paniculatum)...
    Found 67 photos, kept 16 for scoring
  [543/4056] prickly lettuce (Lactuca serriola)...
    Found 52 photos, kept 16 for scoring
  [544/4056] Water caltrop (Trapa natans)...
    Found 44 photos, kept 16 for scoring
  [545/4056] Ciliate Hoarmoss (Hedwigia ciliata)...
    Found 66 photos, kept 16 for scoring
  [546/4056] common groundsel (Senecio vulgaris)...
    Found 64 photos, kept 16 for scoring
  [547/4056] Horned Bladderwort (Utricularia cornuta)...
    Found 71 photos, kept 16 for scoring
  [548/4056] ditch stonecrop (Penthorum sedoides)...
    Found 62 photos, kept 16 for scoring
  [549/4056] Jack pine (Pinus banksiana)...
    Found 64 photos, kept 16 for scoring
  [550/4056] Gooseneck Loosestrife (Lysimachia clethroides)...
    Found 51 photos, kept 16 for scoring
  [551/4056] eastern leatherwood (Dirca palustris)...
    Found 113 photos, kept 16 for scoring
  [552/4056] New York aster (Symphyotrichum novi-belgii)...
    Found 81 photos, kept 16 for scoring
  [553/4056] White-fringed Orchid (Platanthera blephariglottis)...
    Found 87 photos, kept 16 for scoring
  [554/4056] Far Eastern smartweed (Persicaria extremiorientalis)...
    Found 91 photos, kept 16 for scoring
  [555/4056] tussock cottongrass (Eriophorum vaginatum)...
    Found 71 photos, kept 16 for scoring
  [556/4056] water smartweed (Persicaria amphibia)...
    Found 59 photos, kept 16 for scoring
  [557/4056] Devil's Beggarticks (Bidens frondosa)...
    Found 68 photos, kept 16 for scoring
  [558/4056] straw-colored flatsedge (Cyperus strigosus)...
    Found 63 photos, kept 16 for scoring
  [559/4056] Coastal jointweed (Polygonella articulata)...
    Found 93 photos, kept 16 for scoring
  [560/4056] bastard toadflax (Comandra umbellata)...
    Found 68 photos, kept 16 for scoring
  [561/4056] woodland strawberry (Fragaria vesca)...
    Found 49 photos, kept 16 for scoring
  [562/4056] bog Jack-in-the-pulpit (Arisaema stewardsonii)...
    Found 64 photos, kept 16 for scoring
  [563/4056] pine barren goldenheather (Hudsonia ericoides)...
    Found 88 photos, kept 16 for scoring
  [564/4056] obedient plant (Physostegia virginiana)...
    Found 50 photos, kept 16 for scoring
  [565/4056] false nettle (Boehmeria cylindrica)...
    Found 48 photos, kept 16 for scoring
  [566/4056] reed canary grass (Phalaris arundinacea)...
    Found 87 photos, kept 16 for scoring
  [567/4056] Pennsylvania Bittercress (Cardamine pensylvanica)...
    Found 72 photos, kept 16 for scoring
  [568/4056] Biting Stonecrop (Sedum acre)...
    Found 48 photos, kept 16 for scoring
  [569/4056] purple-stemmed angelica (Angelica atropurpurea)...
    Found 84 photos, kept 16 for scoring
  [570/4056] walking fern (Asplenium rhizophyllum)...
    Found 71 photos, kept 16 for scoring
  [571/4056] Japanese angelica tree (Aralia elata)...
    Found 82 photos, kept 16 for scoring
  [572/4056] golden hedge-hyssop (Gratiola aurea)...
    Found 75 photos, kept 16 for scoring
  [573/4056] Mezereon (Daphne mezereum)...
    Found 60 photos, kept 16 for scoring
  [574/4056] bristly haircap moss (Polytrichum piliferum)...
    Found 67 photos, kept 16 for scoring
  [575/4056] bulblet fern (Cystopteris bulbifera)...
    Found 78 photos, kept 16 for scoring
  [576/4056] swamp white oak (Quercus bicolor)...
    Found 72 photos, kept 16 for scoring
  [577/4056] mouse-ear cress (Arabidopsis thaliana)...
    Found 61 photos, kept 16 for scoring
  [578/4056] squirrel corn (Dicentra canadensis)...
    Found 72 photos, kept 16 for scoring
  [579/4056] rattlesnakeweed (Hieracium venosum)...
    Found 74 photos, kept 16 for scoring
  [580/4056] autumn clematis (Clematis terniflora)...
    Found 43 photos, kept 16 for scoring
  [581/4056] scarlet oak (Quercus coccinea)...
    Found 66 photos, kept 16 for scoring
  [582/4056] horse-chestnut (Aesculus hippocastanum)...
    Found 65 photos, kept 16 for scoring
  [583/4056] Sweet-William (Dianthus barbatus)...
    Found 38 photos, kept 16 for scoring
  [584/4056] Sweet Woodruff (Galium odoratum)...
    Found 49 photos, kept 16 for scoring
  [585/4056] Amur Corktree (Phellodendron amurense)...
    Found 76 photos, kept 16 for scoring
  [586/4056] Virginia pepperweed (Lepidium virginicum)...
    Found 52 photos, kept 16 for scoring
  [587/4056] delicate fern moss (Thuidium delicatulum)...
    Found 56 photos, kept 16 for scoring
  [588/4056] Labrador violet (Viola labradorica)...
    Found 68 photos, kept 16 for scoring
  [589/4056] white spruce (Picea glauca)...
    Found 54 photos, kept 16 for scoring
  [590/4056] Virginia marsh St. John's-wort (Hypericum virginicum)...
    Found 52 photos, kept 16 for scoring
  [591/4056] black spruce (Picea mariana)...
    Found 54 photos, kept 16 for scoring
  [592/4056] Bigelow's sedge (Carex bigelowii)...
    Found 56 photos, kept 16 for scoring
  [593/4056] New Jersey tea (Ceanothus americanus)...
    Found 61 photos, kept 16 for scoring
  [594/4056] toothed white-topped aster (Sericocarpus asteroides)...
    Found 76 photos, kept 16 for scoring
  [595/4056] fern-leaved false foxglove (Aureolaria pedicularia)...
    Found 74 photos, kept 16 for scoring
  [596/4056] blue cohosh (Caulophyllum thalictroides)...
    Found 60 photos, kept 16 for scoring
  [597/4056] Narrow-leaved Everlasting-pea (Lathyrus sylvestris)...
    Found 55 photos, kept 16 for scoring
  [598/4056] New York Scalewort (Frullania eboracensis)...
    Found 75 photos, kept 16 for scoring
  [599/4056] showy lady's slipper (Cypripedium reginae)...
    Found 82 photos, kept 16 for scoring
  [600/4056] Virginia Springbeauty (Claytonia virginica)...
    Found 58 photos, kept 16 for scoring
  [601/4056] blue clubmoss (Diphasiastrum tristachyum)...
    Found 78 photos, kept 16 for scoring
  [602/4056] Wild radish (Raphanus raphanistrum)...
    Found 65 photos, kept 16 for scoring
  [603/4056] alpine azalea (Kalmia procumbens)...
    Found 45 photos, kept 16 for scoring
  [604/4056] Common Coralline (Corallina officinalis)...
    Found 39 photos, kept 16 for scoring
  [605/4056] fox grape (Vitis labrusca)...
    Found 72 photos, kept 16 for scoring
  [606/4056] fragrant bedstraw (Galium triflorum)...
    Found 67 photos, kept 16 for scoring
  [607/4056] climbing false buckwheat (Fallopia scandens)...
    Found 68 photos, kept 16 for scoring
  [608/4056] common ninebark (Physocarpus opulifolius)...
    Found 56 photos, kept 16 for scoring
  [609/4056] mouse-eared hawkweed (Pilosella officinarum)...
    Found 56 photos, kept 16 for scoring
  [610/4056] Common Dewberry (Rubus flagellaris)...
    Found 76 photos, kept 16 for scoring
  [611/4056] skunk currant (Ribes glandulosum)...
    Found 63 photos, kept 16 for scoring
  [612/4056] water hemlock (Cicuta maculata)...
    Found 77 photos, kept 16 for scoring
  [613/4056] viper's-bugloss (Echium vulgare)...
    Found 69 photos, kept 16 for scoring
  [614/4056] Canada goldenrod (Solidago canadensis)...
    Found 59 photos, kept 16 for scoring
  [615/4056] Bogbean (Menyanthes trifoliata)...
    Found 62 photos, kept 16 for scoring
  [616/4056] Small Swollen Bladderwort (Utricularia radiata)...
    Found 68 photos, kept 16 for scoring
  [617/4056] New York ironweed (Vernonia noveboracensis)...
    Found 89 photos, kept 16 for scoring
  [618/4056] Sweet William Catchfly (Atocion armeria)...
    Found 46 photos, kept 16 for scoring
  [619/4056] purpletop vervain (Verbena bonariensis)...
    Found 42 photos, kept 16 for scoring
  [620/4056] Water Lobelia (Lobelia dortmanna)...
    Found 65 photos, kept 16 for scoring
  [621/4056] Wild Four o'Clock (Mirabilis nyctaginea)...
    Found 58 photos, kept 16 for scoring
  [622/4056] meadow hawkweed (Pilosella caespitosa)...
    Found 59 photos, kept 16 for scoring
  [623/4056] garden cosmos (Cosmos bipinnatus)...
    Found 39 photos, kept 16 for scoring
  [624/4056] New England blazing star (Liatris novae-angliae)...
    Found 70 photos, kept 16 for scoring
  [625/4056] yellow lady's slipper (Cypripedium parviflorum)...
    Found 63 photos, kept 16 for scoring
  [626/4056] Nodding Beggarticks (Bidens cernua)...
    Found 65 photos, kept 16 for scoring
  [627/4056] Purple Bladderwort (Utricularia purpurea)...
    Found 56 photos, kept 16 for scoring
  [628/4056] northern arrowwood (Viburnum recognitum)...
    Found 65 photos, kept 16 for scoring
  [629/4056] Amur honeysuckle (Lonicera maackii)...
    Found 54 photos, kept 16 for scoring
  [630/4056] jetbead (Rhodotypos scandens)...
    Found 61 photos, kept 16 for scoring
  [631/4056] hop sedge (Carex lupulina)...
    Found 74 photos, kept 16 for scoring
  [632/4056] Lesser Purple Fringed Orchid (Platanthera psycodes)...
    Found 102 photos, kept 16 for scoring
  [633/4056] Callery pear (Pyrus calleryana)...
    Found 59 photos, kept 16 for scoring
  [634/4056] Cornflower (Centaurea cyanus)...
    Found 45 photos, kept 16 for scoring
  [635/4056] Common Cat's-ear (Hypochaeris radicata)...
    Found 68 photos, kept 16 for scoring
  [636/4056] Virginia bluebells (Mertensia virginica)...
    Found 47 photos, kept 16 for scoring
  [637/4056] golden ragwort (Packera aurea)...
    Found 70 photos, kept 16 for scoring
  [638/4056] Autumn Hawkbit (Scorzoneroides autumnalis)...
    Found 77 photos, kept 16 for scoring
  [639/4056] low pricklypear (Opuntia humifusa)...
    Found 52 photos, kept 16 for scoring
  [640/4056] Long-spurred violet (Viola rostrata)...
    Found 61 photos, kept 16 for scoring
  [641/4056] thicket creeper (Parthenocissus inserta)...
    Found 43 photos, kept 16 for scoring
  [642/4056] wild asparagus (Asparagus officinalis)...
    Found 43 photos, kept 16 for scoring
  [643/4056] dwarf horsetail (Equisetum scirpoides)...
    Found 54 photos, kept 16 for scoring
  [644/4056] bebb's willow (Salix bebbiana)...
    Found 58 photos, kept 16 for scoring
  [645/4056] white bog orchid (Platanthera dilatata)...
    Found 62 photos, kept 16 for scoring
  [646/4056] common comfrey (Symphytum officinale)...
    Found 61 photos, kept 16 for scoring
  [647/4056] spotted lady's thumb (Persicaria maculosa)...
    Found 61 photos, kept 16 for scoring
  [648/4056] Asian Bleeding-heart (Lamprocapnos spectabilis)...
    Found 36 photos, kept 16 for scoring
  [649/4056] Water Purslane (Ludwigia palustris)...
    Found 59 photos, kept 16 for scoring
  [650/4056] common bladderwort (Utricularia macrorhiza)...
    Found 84 photos, kept 16 for scoring
  [651/4056] field goldenrod (Solidago nemoralis)...
    Found 68 photos, kept 16 for scoring
  [652/4056] clammy groundcherry (Physalis heterophylla)...
    Found 79 photos, kept 16 for scoring
  [653/4056] Japanese snowball (Viburnum plicatum)...
    Found 45 photos, kept 16 for scoring
  [654/4056] Hickey's tree-clubmoss (Dendrolycopodium hickeyi)...
    Found 66 photos, kept 16 for scoring
  [655/4056] Pennsylvania sedge (Carex pensylvanica)...
    Found 54 photos, kept 16 for scoring
  [656/4056] Castor-Aralia (Kalopanax septemlobus)...
    Found 50 photos, kept 16 for scoring
  [657/4056] giant goldenrod (Solidago gigantea)...
    Found 79 photos, kept 16 for scoring
  [658/4056] giant foxtail (Setaria faberi)...
    Found 57 photos, kept 16 for scoring
  [659/4056] Sea Sandwort (Honckenya peploides)...
    Found 51 photos, kept 16 for scoring
  [660/4056] Saltmarsh Cordgrass (Sporobolus alterniflorus)...
    Found 45 photos, kept 16 for scoring
  [661/4056] Common mouse-ear chickweed (Cerastium fontanum)...
    Found 59 photos, kept 16 for scoring
  [662/4056] early azalea (Rhododendron prinophyllum)...
    Found 68 photos, kept 16 for scoring
  [663/4056] highland rush (Oreojuncus trifidus)...
    Found 48 photos, kept 16 for scoring
  [664/4056] water forget-me-not (Myosotis scorpioides)...
    Found 52 photos, kept 16 for scoring
  [665/4056] pignut hickory (Carya glabra)...
    Found 72 photos, kept 16 for scoring
  [666/4056] bulbous buttercup (Ranunculus bulbosus)...
    Found 53 photos, kept 16 for scoring
  [667/4056] Yellow Sweetclover (Melilotus officinalis)...
    Found 54 photos, kept 16 for scoring
  [668/4056] princess tree (Paulownia tomentosa)...
    Found 55 photos, kept 16 for scoring
  [669/4056] hairy lespedeza (Lespedeza hirta)...
    Found 75 photos, kept 16 for scoring
  [670/4056] downy blue violet (Viola fimbriatula)...
    Found 74 photos, kept 16 for scoring
  [671/4056] feverfew (Tanacetum parthenium)...
    Found 40 photos, kept 16 for scoring
  [672/4056] fen grass of Parnassus (Parnassia glauca)...
    Found 62 photos, kept 16 for scoring
  [673/4056] mile-a-minute weed (Persicaria perfoliata)...
    Found 63 photos, kept 16 for scoring
  [674/4056] cut-leaved toothwort (Cardamine concatenata)...
    Found 75 photos, kept 16 for scoring
  [675/4056] virginia stickseed (Hackelia virginiana)...
    Found 75 photos, kept 16 for scoring
  [676/4056] Scotch Broom (Cytisus scoparius)...
    Found 52 photos, kept 16 for scoring
  [677/4056] hairy vetch (Vicia villosa)...
    Found 45 photos, kept 16 for scoring
  [678/4056] ragged fringed orchid (Platanthera lacera)...
    Found 80 photos, kept 16 for scoring
  [679/4056] poke milkweed (Asclepias exaltata)...
    Found 67 photos, kept 16 for scoring
  [680/4056] citronella horse balm (Collinsonia canadensis)...
    Found 61 photos, kept 16 for scoring
  [681/4056] bluntleaf sandwort (Moehringia lateriflora)...
    Found 60 photos, kept 16 for scoring
  [682/4056] climbing hempvine (Mikania scandens)...
    Found 70 photos, kept 16 for scoring
  [683/4056] Wall Scalewort (Porella platyphylla)...
    Found 60 photos, kept 16 for scoring
  [684/4056] three-leaved false Solomon’s seal (Maianthemum trifolium)...
    Found 50 photos, kept 16 for scoring
  [685/4056] Spindle (Euonymus europaeus)...
    Found 63 photos, kept 16 for scoring
  [686/4056] Ontario rhodobryum moss (Rhodobryum ontariense)...
    Found 73 photos, kept 16 for scoring
  [687/4056] Common Vetch (Vicia sativa)...
    Found 61 photos, kept 16 for scoring
  [688/4056] white bog violet (Viola lanceolata)...
    Found 93 photos, kept 16 for scoring
  [689/4056] shingle moss (Neckera pennata)...
    Found 48 photos, kept 16 for scoring
  [690/4056] river birch (Betula nigra)...
    Found 88 photos, kept 16 for scoring
  [691/4056] big bluestem (Andropogon gerardi)...
    Found 76 photos, kept 16 for scoring
  [692/4056] riverbank grape (Vitis riparia)...
    Found 45 photos, kept 16 for scoring
  [693/4056] Bristly locust (Robinia hispida)...
    Found 54 photos, kept 16 for scoring
  [694/4056] Common Haircap Moss (Polytrichum commune)...
    Found 80 photos, kept 16 for scoring
  [695/4056] Downy Goldenrod (Solidago puberula)...
    Found 90 photos, kept 16 for scoring
  [696/4056] heartleaf paper birch (Betula cordifolia)...
    Found 48 photos, kept 16 for scoring
  [697/4056] Scots pine (Pinus sylvestris)...
    Found 90 photos, kept 16 for scoring
  [698/4056] Plymouth gentian (Sabatia kennedyana)...
    Found 61 photos, kept 16 for scoring
  [699/4056] common chickweed (Stellaria media)...
    Found 66 photos, kept 16 for scoring
  [700/4056] Field Sagewort (Artemisia campestris)...
    Found 66 photos, kept 16 for scoring
  [701/4056] common hackberry (Celtis occidentalis)...
    Found 59 photos, kept 16 for scoring
  [702/4056] crisped pincushion (Ulota crispa)...
    Found 53 photos, kept 16 for scoring
  [703/4056] Sea Milkwort (Lysimachia maritima)...
    Found 62 photos, kept 16 for scoring
  [704/4056] rough hawkweed (Hieracium scabrum)...
    Found 80 photos, kept 16 for scoring
  [705/4056] common morning-glory (Ipomoea purpurea)...
    Found 49 photos, kept 16 for scoring
  [706/4056] panicled aster (Symphyotrichum lanceolatum)...
    Found 80 photos, kept 16 for scoring
  [707/4056] swamp rose (Rosa palustris)...
    Found 56 photos, kept 16 for scoring
  [708/4056] marsh blue violet (Viola cucullata)...
    Found 66 photos, kept 16 for scoring
  [709/4056] balsam poplar (Populus balsamifera)...
    Found 55 photos, kept 16 for scoring
  [710/4056] tussock sedge (Carex stricta)...
    Found 44 photos, kept 16 for scoring
  [711/4056] Greater Purple Fringed Orchid (Platanthera grandiflora)...
    Found 110 photos, kept 16 for scoring
  [712/4056] American marram grass (Calamagrostis breviligulata)...
    Found 56 photos, kept 16 for scoring
  [713/4056] Broadleaf Sea Lettuce (Ulva lactuca)...
    Found 37 photos, kept 16 for scoring
  [714/4056] Canada mint (Mentha canadensis)...
    Found 71 photos, kept 16 for scoring
  [715/4056] yellow nutsedge (Cyperus esculentus)...
    Found 60 photos, kept 16 for scoring
  [716/4056] Rusty Willow (Salix atrocinerea)...
    Found 90 photos, kept 16 for scoring
  [717/4056] Early Lowbush Blueberry (Vaccinium pallidum)...
    Found 64 photos, kept 16 for scoring
  [718/4056] American bladdernut (Staphylea trifolia)...
    Found 83 photos, kept 16 for scoring
  [719/4056] Yellow Horned Poppy (Glaucium flavum)...
    Found 58 photos, kept 16 for scoring
  [720/4056] pale-spiked lobelia (Lobelia spicata)...
    Found 79 photos, kept 16 for scoring
  [721/4056] Large Thyme (Thymus pulegioides)...
    Found 77 photos, kept 16 for scoring
  [722/4056] dwarf chinkapin oak (Quercus prinoides)...
    Found 58 photos, kept 16 for scoring
  [723/4056] gray dogwood (Cornus racemosa)...
    Found 56 photos, kept 16 for scoring
  [724/4056] Brown Knapweed (Centaurea jacea)...
    Found 58 photos, kept 16 for scoring
  [725/4056] pinkweed (Persicaria pensylvanica)...
    Found 76 photos, kept 16 for scoring
  [726/4056] broad-leaved sedge (Carex platyphylla)...
    Found 53 photos, kept 16 for scoring
  [727/4056] tree-skirt moss (Pseudanomodon attenuatus)...
    Found 64 photos, kept 16 for scoring
  [728/4056] Virginia chainfern (Woodwardia virginica)...
    Found 93 photos, kept 16 for scoring
  [729/4056] sweet vernal grass (Anthoxanthum odoratum)...
    Found 58 photos, kept 16 for scoring
  [730/4056] switchgrass (Panicum virgatum)...
    Found 83 photos, kept 16 for scoring
  [731/4056] Eelgrass (Zostera marina)...
    Found 37 photos, kept 16 for scoring
  [732/4056] prickly sowthistle (Sonchus asper)...
    Found 76 photos, kept 16 for scoring
  [733/4056] water parsnip (Sium suave)...
    Found 101 photos, kept 16 for scoring
  [734/4056] Sorbaria (Sorbaria sorbifolia)...
    Found 59 photos, kept 16 for scoring
  [735/4056] bottlebrush grass (Elymus hystrix)...
    Found 69 photos, kept 16 for scoring
  [736/4056] Tufted Bulrush (Trichophorum cespitosum)...
    Found 61 photos, kept 16 for scoring
  [737/4056] Spotted deadnettle (Lamium maculatum)...
    Found 46 photos, kept 16 for scoring
  [738/4056] Virginia dwarfdandelion (Krigia virginica)...
    Found 57 photos, kept 16 for scoring
  [739/4056] mountain wood fern (Dryopteris campyloptera)...
    Found 71 photos, kept 16 for scoring
  [740/4056] English oak (Quercus robur)...
    Found 57 photos, kept 16 for scoring
  [741/4056] white twisted-stalk (Streptopus amplexifolius)...
    Found 73 photos, kept 16 for scoring
  [742/4056] trailing fuzzy-bean (Strophostyles helvola)...
    Found 70 photos, kept 16 for scoring
  [743/4056] racemed milkwort (Senega polygama)...
    Found 68 photos, kept 16 for scoring
  [744/4056] naked-flowered tick-trefoil (Hylodesmum nudiflorum)...
    Found 88 photos, kept 16 for scoring
  [745/4056] Alfalfa (Medicago sativa)...
    Found 49 photos, kept 16 for scoring
  [746/4056] Clustered Mountainmint (Pycnanthemum muticum)...
    Found 61 photos, kept 16 for scoring
  [747/4056] slender stinging nettle (Urtica gracilis)...
    Found 55 photos, kept 16 for scoring
  [748/4056] Tree Fringewort (Ptilidium pulcherrimum)...
    Found 58 photos, kept 16 for scoring
  [749/4056] cinnamon willowherb (Epilobium coloratum)...
    Found 72 photos, kept 16 for scoring
  [750/4056] broom crowberry (Corema conradii)...
    Found 53 photos, kept 16 for scoring
  [751/4056] black willow (Salix nigra)...
    Found 81 photos, kept 16 for scoring
  [752/4056] American lopseed (Phryma leptostachya)...
    Found 68 photos, kept 16 for scoring
  [753/4056] yellow nodding ladies' tresses (Spiranthes ochroleuca)...
    Found 98 photos, kept 16 for scoring
  [754/4056] seaside sandmat (Euphorbia polygonifolia)...
    Found 51 photos, kept 16 for scoring
  [755/4056] Bloody Crane's-bill (Geranium sanguineum)...
    Found 42 photos, kept 16 for scoring
  [756/4056] Rose Coreopsis (Coreopsis rosea)...
    Found 44 photos, kept 16 for scoring
  [757/4056] American lotus (Nelumbo lutea)...
    Found 43 photos, kept 16 for scoring
  [758/4056] coral honeysuckle (Lonicera sempervirens)...
    Found 51 photos, kept 16 for scoring
  [759/4056] rough goose neck moss (Hylocomiadelphus triquetrus)...
    Found 52 photos, kept 16 for scoring
  [760/4056] purple coneflower (Echinacea purpurea)...
    Found 43 photos, kept 16 for scoring
  [761/4056] giant ragweed (Ambrosia trifida)...
    Found 55 photos, kept 16 for scoring
  [762/4056] Catnip (Nepeta cataria)...
    Found 44 photos, kept 16 for scoring
  [763/4056] Cuckooflower (Cardamine pratensis)...
    Found 69 photos, kept 16 for scoring
  [764/4056] marsh fleabane (Pluchea odorata)...
    Found 73 photos, kept 16 for scoring
  [765/4056] Yellow Foxglove (Digitalis grandiflora)...
    Found 49 photos, kept 16 for scoring
  [766/4056] Lesser hop trefoil (Trifolium dubium)...
    Found 66 photos, kept 16 for scoring
  [767/4056] cup plant (Silphium perfoliatum)...
    Found 61 photos, kept 16 for scoring
  [768/4056] Goldie's wood fern (Dryopteris goldieana)...
    Found 167 photos, kept 16 for scoring
  [769/4056] black cohosh (Actaea racemosa)...
    Found 39 photos, kept 16 for scoring
  [770/4056] Rustwort (Nowellia curvifolia)...
    Found 76 photos, kept 16 for scoring
  [771/4056] fetterbush (Eubotrys racemosus)...
    Found 86 photos, kept 16 for scoring
  [772/4056] Yorkshire fog (Holcus lanatus)...
    Found 59 photos, kept 16 for scoring
  [773/4056] purple false foxglove (Agalinis purpurea)...
    Found 79 photos, kept 16 for scoring
  [774/4056] Butterfly bush (Buddleja davidii)...
    Found 38 photos, kept 16 for scoring
  [775/4056] northern bugleweed (Lycopus uniflorus)...
    Found 55 photos, kept 16 for scoring
  [776/4056] panicled ticktrefoil (Desmodium paniculatum)...
    Found 76 photos, kept 16 for scoring
  [777/4056] netted chain fern (Woodwardia areolata)...
    Found 56 photos, kept 16 for scoring
  [778/4056] Poverty oatgrass (Danthonia spicata)...
    Found 59 photos, kept 16 for scoring
  [779/4056] Japanese Iris (Iris sanguinea)...
    Found 43 photos, kept 16 for scoring
  [780/4056] Canada frostweed (Crocanthemum canadense)...
    Found 78 photos, kept 16 for scoring
  [781/4056] northern long sedge (Carex folliculata)...
    Found 62 photos, kept 16 for scoring
  [782/4056] Redstem Stork's-bill (Erodium cicutarium)...
    Found 59 photos, kept 16 for scoring
  [783/4056] Bird-in-a-bush (Corydalis solida)...
    Found 42 photos, kept 16 for scoring
  [784/4056] Smooth Brome (Bromus inermis)...
    Found 56 photos, kept 16 for scoring
  [785/4056] Virginia Glasswort (Salicornia depressa)...
    Found 47 photos, kept 16 for scoring
  [786/4056] Common Three-seeded Mercury (Acalypha rhomboidea)...
    Found 82 photos, kept 16 for scoring
  [787/4056] Marsh Hay Cordgrass (Sporobolus pumilus)...
    Found 50 photos, kept 16 for scoring
  [788/4056] moth mullein (Verbascum blattaria)...
    Found 63 photos, kept 16 for scoring
  [789/4056] northern white violet (Viola minuscula)...
    Found 65 photos, kept 16 for scoring
  [790/4056] Flowering-rush (Butomus umbellatus)...
    Found 56 photos, kept 16 for scoring
  [791/4056] Marsh Speedwell (Veronica scutellata)...
    Found 58 photos, kept 16 for scoring
  [792/4056] Swan's sedge (Carex swanii)...
    Found 66 photos, kept 16 for scoring
  [793/4056] Round-leaved Dogwood (Cornus rugosa)...
    Found 66 photos, kept 16 for scoring
  [794/4056] tall blue wild indigo (Baptisia australis)...
    Found 53 photos, kept 16 for scoring
  [795/4056] pin oak (Quercus palustris)...
    Found 54 photos, kept 16 for scoring
  [796/4056] Yellowseed False Pimpernel (Lindernia dubia)...
    Found 89 photos, kept 16 for scoring
  [797/4056] Indiangrass (Sorghastrum nutans)...
    Found 106 photos, kept 16 for scoring
  [798/4056] clasping milkweed (Asclepias amplexicaulis)...
    Found 58 photos, kept 16 for scoring
  [799/4056] lesser stitchwort (Stellaria graminea)...
    Found 63 photos, kept 16 for scoring
  [800/4056] Gutweed (Ulva intestinalis)...
    Found 46 photos, kept 16 for scoring
  [801/4056] white beak-sedge (Rhynchospora alba)...
    Found 48 photos, kept 16 for scoring
  [802/4056] Annual Knawel (Scleranthus annuus)...
    Found 52 photos, kept 16 for scoring
  [803/4056] bracted plantain (Plantago aristata)...
    Found 53 photos, kept 16 for scoring
  [804/4056] Oneseed Bur Cucumber (Sicyos angulatus)...
    Found 67 photos, kept 16 for scoring
  [805/4056] toothed flatsedge (Cyperus dentatus)...
    Found 84 photos, kept 16 for scoring
  [806/4056] fragrant sumac (Rhus aromatica)...
    Found 46 photos, kept 16 for scoring
  [807/4056] common silverweed (Argentina anserina)...
    Found 67 photos, kept 16 for scoring
  [808/4056] ribbon-leaved pondweed (Potamogeton epihydrus)...
    Found 80 photos, kept 16 for scoring
  [809/4056] Japanese Hops (Humulus scandens)...
    Found 53 photos, kept 16 for scoring
  [810/4056] European swallow-wort (Vincetoxicum rossicum)...
    Found 68 photos, kept 16 for scoring
  [811/4056] Slender Path Rush (Juncus tenuis)...
    Found 75 photos, kept 16 for scoring
  [812/4056] common yucca (Yucca filamentosa)...
    Found 36 photos, kept 16 for scoring
  [813/4056] tiger lily (Lilium lancifolium)...
    Found 39 photos, kept 16 for scoring
  [814/4056] Prairie Willow (Salix humilis)...
    Found 98 photos, kept 16 for scoring
  [815/4056] Elecampane (Inula helenium)...
    Found 65 photos, kept 16 for scoring
  [816/4056] hairy white oldfield aster (Symphyotrichum pilosum)...
    Found 92 photos, kept 16 for scoring
  [817/4056] one-sided wintergreen (Orthilia secunda)...
    Found 58 photos, kept 16 for scoring
  [818/4056] Kalm's Lobelia (Lobelia kalmii)...
    Found 65 photos, kept 16 for scoring
  [819/4056] brown-eyed Susan (Rudbeckia triloba)...
    Found 39 photos, kept 16 for scoring
  [820/4056] purple wood aster (Eurybia spectabilis)...
    Found 98 photos, kept 16 for scoring
  [821/4056] greater fringed gentian (Gentianopsis crinita)...
    Found 80 photos, kept 16 for scoring
  [822/4056] Sheep's-bit (Jasione montana)...
    Found 50 photos, kept 16 for scoring
  [823/4056] Alpine Enchanter's-nightshade (Circaea alpina)...
    Found 66 photos, kept 16 for scoring
  [824/4056] narrowleaf mountainmint (Pycnanthemum tenuifolium)...
    Found 85 photos, kept 16 for scoring
  [825/4056] goat's rue (Tephrosia virginiana)...
    Found 48 photos, kept 16 for scoring
  [826/4056] Carolina rose (Rosa carolina)...
    Found 69 photos, kept 16 for scoring
  [827/4056] bristly sedge (Carex comosa)...
    Found 69 photos, kept 16 for scoring
  [828/4056] Culver's root (Veronicastrum virginicum)...
    Found 49 photos, kept 16 for scoring
  [829/4056] Ivy-leaved toadflax (Cymbalaria muralis)...
    Found 51 photos, kept 16 for scoring
  [830/4056] rusty woodsia (Woodsia ilvensis)...
    Found 104 photos, kept 16 for scoring
  [831/4056] north wind bog orchid (Platanthera aquilonis)...
    Found 117 photos, kept 16 for scoring
  [832/4056] Bifid Hemp-nettle (Galeopsis bifida)...
    Found 52 photos, kept 16 for scoring
  [833/4056] dangleberry (Gaylussacia frondosa)...
    Found 78 photos, kept 16 for scoring
  [834/4056] green ash (Fraxinus pennsylvanica)...
    Found 86 photos, kept 16 for scoring
  [835/4056] bur oak (Quercus macrocarpa)...
    Found 81 photos, kept 16 for scoring
  [836/4056] Japanese Spirea (Spiraea japonica)...
    Found 42 photos, kept 16 for scoring
  [837/4056] naked bishop's cap (Mitella nuda)...
    Found 64 photos, kept 16 for scoring
  [838/4056] Mackay's Fragile Fern (Cystopteris tenuis)...
    Found 94 photos, kept 16 for scoring
  [839/4056] common sneezeweed (Helenium autumnale)...
    Found 61 photos, kept 16 for scoring
  [840/4056] slender goldentop (Euthamia caroliniana)...
    Found 76 photos, kept 16 for scoring
  [841/4056] European mountain ash (Sorbus aucuparia)...
    Found 63 photos, kept 16 for scoring
  [842/4056] field peppergrass (Lepidium campestre)...
    Found 47 photos, kept 16 for scoring
  [843/4056] Perennial Sow Thistle (Sonchus arvensis)...
    Found 59 photos, kept 16 for scoring
  [844/4056] creeping juniper (Juniperus horizontalis)...
    Found 71 photos, kept 16 for scoring
  [845/4056] bog aster (Oclemena nemoralis)...
    Found 109 photos, kept 16 for scoring
  [846/4056] American bur-reed (Sparganium americanum)...
    Found 77 photos, kept 16 for scoring
  [847/4056] Turk's-cap lily (Lilium superbum)...
    Found 68 photos, kept 16 for scoring
  [848/4056] Arrowleaf Violet (Viola sagittata)...
    Found 69 photos, kept 16 for scoring
  [849/4056] marsh cinquefoil (Comarum palustre)...
    Found 71 photos, kept 16 for scoring
  [850/4056] Northern Naugehyde Liverwort (Ptilidium ciliare)...
    Found 56 photos, kept 16 for scoring
  [851/4056] Cutler's goldenrod (Solidago leiocarpa)...
    Found 50 photos, kept 16 for scoring
  [852/4056] blue mistflower (Conoclinium coelestinum)...
    Found 46 photos, kept 16 for scoring
  [853/4056] northern prickly ash (Zanthoxylum americanum)...
    Found 52 photos, kept 16 for scoring
  [854/4056] pink turtlehead (Chelone lyonii)...
    Found 45 photos, kept 16 for scoring
  [855/4056] common serviceberry (Amelanchier arborea)...
    Found 53 photos, kept 16 for scoring
  [856/4056] Soft Rush (Juncus effusus)...
    Found 67 photos, kept 16 for scoring
  [857/4056] white poplar (Populus alba)...
    Found 67 photos, kept 16 for scoring
  [858/4056] Common Duckweed (Lemna minor)...
    Found 39 photos, kept 16 for scoring
  [859/4056] marsh cudweed (Gnaphalium uliginosum)...
    Found 58 photos, kept 16 for scoring
  [860/4056] American ginseng (Panax quinquefolius)...
    Found 54 photos, kept 16 for scoring
  [861/4056] perfoliate bellwort (Uvularia perfoliata)...
    Found 46 photos, kept 16 for scoring
  [862/4056] Borage (Borago officinalis)...
    Found 41 photos, kept 16 for scoring
  [863/4056] green-flowered wintergreen (Pyrola chlorantha)...
    Found 87 photos, kept 16 for scoring
  [864/4056] Braun's holly fern (Polystichum braunii)...
    Found 101 photos, kept 16 for scoring
  [865/4056] One-flowered Wintergreen (Moneses uniflora)...
    Found 60 photos, kept 16 for scoring
  [866/4056] Yellow Loosestrife (Lysimachia vulgaris)...
    Found 72 photos, kept 16 for scoring
  [867/4056] post oak (Quercus stellata)...
    Found 80 photos, kept 16 for scoring
  [868/4056] narrow-leaved cattail (Typha angustifolia)...
    Found 55 photos, kept 16 for scoring
  [869/4056] Amur Maple (Acer ginnala)...
    Found 54 photos, kept 16 for scoring
  [870/4056] Japanese holly (Ilex crenata)...
    Found 57 photos, kept 16 for scoring
  [871/4056] balloon flower (Platycodon grandiflorus)...
    Found 43 photos, kept 16 for scoring
  [872/4056] cloudberry (Rubus chamaemorus)...
    Found 47 photos, kept 16 for scoring
  [873/4056] large-leaved goldenrod (Solidago macrophylla)...
    Found 95 photos, kept 16 for scoring
  [874/4056] broad beech fern (Phegopteris hexagonoptera)...
    Found 69 photos, kept 16 for scoring
  [875/4056] Glaucous Honeysuckle (Lonicera dioica)...
    Found 62 photos, kept 16 for scoring
  [876/4056] Carolina Fanwort (Cabomba caroliniana)...
    Found 67 photos, kept 16 for scoring
  [877/4056] musk mallow (Malva moschata)...
    Found 68 photos, kept 16 for scoring
  [878/4056] tall goldenrod (Solidago altissima)...
    Found 80 photos, kept 16 for scoring
  [879/4056] white stonecrop (Sedum album)...
    Found 49 photos, kept 16 for scoring
  [880/4056] Appalachian barren-strawberry (Waldsteinia fragarioides)...
    Found 61 photos, kept 16 for scoring
  [881/4056] crimson clover (Trifolium incarnatum)...
    Found 43 photos, kept 16 for scoring
  [882/4056] Flat-leaved Scalewort (Radula complanata)...
    Found 63 photos, kept 16 for scoring
  [883/4056] juniper haircap moss (Polytrichum juniperinum)...
    Found 78 photos, kept 16 for scoring
  [884/4056] dwarf mallow (Malva neglecta)...
    Found 59 photos, kept 16 for scoring
  [885/4056] Nippon daisy (Nipponanthemum nipponicum)...
    Found 41 photos, kept 16 for scoring
  [886/4056] Dwarf St. John's Wort (Hypericum mutilum)...
    Found 78 photos, kept 16 for scoring
  [887/4056] honewort (Cryptotaenia canadensis)...
    Found 83 photos, kept 16 for scoring
  [888/4056] Southern Sneezeweed (Helenium flexuosum)...
    Found 54 photos, kept 16 for scoring
  [889/4056] Virginian Rose (Rosa virginiana)...
    Found 84 photos, kept 16 for scoring
  [890/4056] Common Apple-moss (Bartramia pomiformis)...
    Found 93 photos, kept 16 for scoring
  [891/4056] meadow spikemoss (Selaginella apoda)...
    Found 56 photos, kept 16 for scoring
  [892/4056] Rock Crane's-bill (Geranium macrorrhizum)...
    Found 46 photos, kept 16 for scoring
  [893/4056] broomsedge bluestem (Anatherum virginicum)...
    Found 74 photos, kept 16 for scoring
  [894/4056] Yellow Cosmos (Cosmos sulphureus)...
    Found 44 photos, kept 16 for scoring
  [895/4056] field bindweed (Convolvulus arvensis)...
    Found 52 photos, kept 16 for scoring
  [896/4056] Red Odontites (Odontites vulgaris)...
    Found 51 photos, kept 16 for scoring
  [897/4056] Jacob's ladder (Polemonium reptans)...
    Found 35 photos, kept 16 for scoring
  [898/4056] water horsetail (Equisetum fluviatile)...
    Found 79 photos, kept 16 for scoring
  [899/4056] Sweet Goldenrod (Solidago odora)...
    Found 86 photos, kept 16 for scoring
  [900/4056] violet bush clover (Lespedeza violacea)...
    Found 90 photos, kept 16 for scoring
  [901/4056] summer grape (Vitis aestivalis)...
    Found 44 photos, kept 16 for scoring
  [902/4056] hyssopleaf thoroughwort (Eupatorium hyssopifolium)...
    Found 85 photos, kept 16 for scoring
  [903/4056] Giant Butterbur (Petasites japonicus)...
    Found 48 photos, kept 16 for scoring
  [904/4056] bird's-eye speedwell (Veronica persica)...
    Found 50 photos, kept 16 for scoring
  [905/4056] common hibiscus (Hibiscus syriacus)...
    Found 38 photos, kept 16 for scoring
  [906/4056] Grey Willow (Salix cinerea)...
    Found 136 photos, kept 16 for scoring
  [907/4056] slender false foxglove (Agalinis tenuifolia)...
    Found 76 photos, kept 16 for scoring
  [908/4056] little floatingheart (Nymphoides cordata)...
    Found 57 photos, kept 16 for scoring
  [909/4056] firewheel (Gaillardia pulchella)...
    Found 37 photos, kept 16 for scoring
  [910/4056] striped squill (Puschkinia scilloides)...
    Found 44 photos, kept 16 for scoring
  [911/4056] Whorled Coreopsis (Coreopsis verticillata)...
    Found 34 photos, kept 16 for scoring
  [912/4056] Lesser Mock-strawberry (Potentilla hebiichigo)...
    Found 46 photos, kept 16 for scoring
  [913/4056] Small Sundrops (Oenothera perennis)...
    Found 60 photos, kept 16 for scoring
  [914/4056] blue forget-me-not (Myosotis stricta)...
    Found 65 photos, kept 16 for scoring
  [915/4056] hairy sweet cicely (Osmorhiza claytonii)...
    Found 91 photos, kept 16 for scoring
  [916/4056] rock spikemoss (Selaginella rupestris)...
    Found 52 photos, kept 16 for scoring
  [917/4056] Ribbonwort (Pallavicinia lyellii)...
    Found 58 photos, kept 16 for scoring
  [918/4056] American bugleweed (Lycopus americanus)...
    Found 58 photos, kept 16 for scoring
  [919/4056] showy orchis (Galearis spectabilis)...
    Found 76 photos, kept 16 for scoring
  [920/4056] bulblet-bearing water hemlock (Cicuta bulbifera)...
    Found 74 photos, kept 16 for scoring
  [921/4056] Chives (Allium schoenoprasum)...
    Found 47 photos, kept 16 for scoring
  [922/4056] tall rattlesnake root (Nabalus altissimus)...
    Found 65 photos, kept 16 for scoring
  [923/4056] Hyacinth (Hyacinthus orientalis)...
    Found 38 photos, kept 16 for scoring
  [924/4056] northern coralroot (Corallorhiza trifida)...
    Found 56 photos, kept 16 for scoring
  [925/4056] Yellow Salsify (Tragopogon dubius)...
    Found 64 photos, kept 16 for scoring
  [926/4056] woodland sunflower (Helianthus divaricatus)...
    Found 58 photos, kept 16 for scoring
  [927/4056] Roseroot (Rhodiola rosea)...
    Found 64 photos, kept 16 for scoring
  [928/4056] pale smartweed (Persicaria lapathifolia)...
    Found 65 photos, kept 16 for scoring
  [929/4056] Lungwort (Pulmonaria officinalis)...
    Found 42 photos, kept 16 for scoring
  [930/4056] Tasteless Stonecrop (Sedum sexangulare)...
    Found 41 photos, kept 16 for scoring
  [931/4056] Appalachian rockcap fern (Polypodium appalachianum)...
    Found 64 photos, kept 16 for scoring
  [932/4056] Shepherd's Cress (Teesdalia nudicaulis)...
    Found 62 photos, kept 16 for scoring
  [933/4056] Dragon's Mouth (Arethusa bulbosa)...
    Found 99 photos, kept 16 for scoring
  [934/4056] Shining Flatsedge (Cyperus bipartitus)...
    Found 100 photos, kept 16 for scoring
  [935/4056] Canada St. John's wort (Hypericum canadense)...
    Found 77 photos, kept 16 for scoring
  [936/4056] variegated horsetail (Equisetum variegatum)...
    Found 69 photos, kept 16 for scoring
  [937/4056] green-keeled cottongrass (Eriophorum viridicarinatum)...
    Found 92 photos, kept 16 for scoring
  [938/4056] Eurasian water-milfoil (Myriophyllum spicatum)...
    Found 46 photos, kept 16 for scoring
  [939/4056] licorice bedstraw (Galium circaezans)...
    Found 58 photos, kept 16 for scoring
  [940/4056] sweet white violet (Viola blanda)...
    Found 56 photos, kept 16 for scoring
  [941/4056] four-leaved milkweed (Asclepias quadrifolia)...
    Found 66 photos, kept 16 for scoring
  [942/4056] moonseed (Menispermum canadense)...
    Found 62 photos, kept 16 for scoring
  [943/4056] Purplestem Beggarticks (Bidens connata)...
    Found 80 photos, kept 16 for scoring
  [944/4056] sensitive pea (Chamaecrista nictitans)...
    Found 66 photos, kept 16 for scoring
  [945/4056] Lance-leaved Coreopsis (Coreopsis lanceolata)...
    Found 50 photos, kept 16 for scoring
  [946/4056] common heather (Calluna vulgaris)...
    Found 55 photos, kept 16 for scoring
  [947/4056] Carolina sweetshrub (Calycanthus floridus)...
    Found 54 photos, kept 16 for scoring
  [948/4056] spotted St. John's wort (Hypericum punctatum)...
    Found 82 photos, kept 16 for scoring
  [949/4056] Crome Sphagnum (Sphagnum squarrosum)...
    Found 63 photos, kept 16 for scoring
  [950/4056] Toringo Crabapple (Malus toringo)...
    Found 58 photos, kept 16 for scoring
  [951/4056] Sphinx ladies’ tresses (Spiranthes incurva)...
    Found 69 photos, kept 16 for scoring
  [952/4056] floating-leaved pondweed (Potamogeton natans)...
    Found 62 photos, kept 16 for scoring
  [953/4056] Great Plains Flatsedge (Cyperus lupulinus)...
    Found 55 photos, kept 16 for scoring
  [954/4056] Perennial Saltmarsh Aster (Symphyotrichum tenuifolium)...
    Found 43 photos, kept 16 for scoring
  [955/4056] Handsome Woollywort (Trichocolea tomentella)...
    Found 72 photos, kept 16 for scoring
  [956/4056] wild teasel (Dipsacus fullonum)...
    Found 48 photos, kept 16 for scoring
  [957/4056] Powder Gun Moss (Diphyscium foliosum)...
    Found 47 photos, kept 16 for scoring
  [958/4056] Chinese silver grass (Miscanthus sinensis)...
    Found 72 photos, kept 16 for scoring
  [959/4056] Wrack Siphon Weed (Vertebrata lanosa)...
    Found 27 photos, kept 16 for scoring
  [960/4056] Featherfoil (Hottonia inflata)...
    Found 81 photos, kept 16 for scoring
  [961/4056] heath wood-rush (Luzula multiflora)...
    Found 79 photos, kept 16 for scoring
  [962/4056] eastern redbud (Cercis canadensis)...
    Found 53 photos, kept 16 for scoring
  [963/4056] Tufted Loosestrife (Lysimachia thyrsiflora)...
    Found 66 photos, kept 16 for scoring
  [964/4056] Peach-leaved Bellflower (Campanula persicifolia)...
    Found 61 photos, kept 16 for scoring
  [965/4056] Pinxter Flower (Rhododendron periclymenoides)...
    Found 86 photos, kept 16 for scoring
  [966/4056] common hoptree (Ptelea trifoliata)...
    Found 49 photos, kept 16 for scoring
  [967/4056] Water Chickweed (Stellaria aquatica)...
    Found 82 photos, kept 16 for scoring
  [968/4056] Low Baby's-breath (Psammophiliella muralis)...
    Found 50 photos, kept 16 for scoring
  [969/4056] Common Snowberry (Symphoricarpos albus)...
    Found 45 photos, kept 16 for scoring
  [970/4056] blunt woodsia (Woodsia obtusa)...
    Found 83 photos, kept 16 for scoring
  [971/4056] strict blue-eyed grass (Sisyrinchium montanum)...
    Found 51 photos, kept 16 for scoring
  [972/4056] green alder (Alnus alnobetula)...
    Found 51 photos, kept 16 for scoring
  [973/4056] smooth yellow false foxglove (Aureolaria flava)...
    Found 65 photos, kept 16 for scoring
  [974/4056] Thread-leaved Sundew (Drosera filiformis)...
    Found 54 photos, kept 16 for scoring
  [975/4056] Broom Forkmoss (Dicranum scoparium)...
    Found 75 photos, kept 16 for scoring
  [976/4056] common alder (Alnus glutinosa)...
    Found 70 photos, kept 16 for scoring
  [977/4056] long-stalked sedge (Carex pedunculata)...
    Found 97 photos, kept 16 for scoring
  [978/4056] Garden Lady's-mantle (Alchemilla mollis)...
    Found 48 photos, kept 16 for scoring
  [979/4056] Garlic Chives (Allium tuberosum)...
    Found 45 photos, kept 16 for scoring
  [980/4056] Jerusalem artichoke (Helianthus tuberosus)...
    Found 60 photos, kept 16 for scoring
  [981/4056] linden viburnum (Viburnum dilatatum)...
    Found 48 photos, kept 16 for scoring
  [982/4056] spotted horsemint (Monarda punctata)...
    Found 40 photos, kept 16 for scoring
  [983/4056] orange coneflower (Rudbeckia fulgida)...
    Found 51 photos, kept 16 for scoring
  [984/4056] coontail (Ceratophyllum demersum)...
    Found 56 photos, kept 16 for scoring
  [985/4056] Small White Aster (Symphyotrichum racemosum)...
    Found 74 photos, kept 16 for scoring
  [986/4056] Herbaceous Seepweed (Suaeda maritima)...
    Found 72 photos, kept 16 for scoring
  [987/4056] spotted coralroot (Corallorhiza maculata)...
    Found 117 photos, kept 16 for scoring
  [988/4056] garden privet (Ligustrum ovalifolium)...
    Found 58 photos, kept 16 for scoring
  [989/4056] swamp smartweed (Persicaria hydropiperoides)...
    Found 83 photos, kept 16 for scoring
  [990/4056] wavy-leaf aster (Symphyotrichum undulatum)...
    Found 135 photos, kept 16 for scoring
  [991/4056] bristle thistle (Cirsium horridulum)...
    Found 61 photos, kept 16 for scoring
  [992/4056] Chameleon Plant (Houttuynia cordata)...
    Found 40 photos, kept 16 for scoring
  [993/4056] Common hemp-nettle (Galeopsis tetrahit)...
    Found 60 photos, kept 16 for scoring
  [994/4056] American brooklime (Veronica americana)...
    Found 78 photos, kept 16 for scoring
  [995/4056] garden nasturtium (Tropaeolum majus)...
    Found 37 photos, kept 16 for scoring
  [996/4056] Fringed Bleeding Heart (Dicentra eximia)...
    Found 34 photos, kept 16 for scoring
  [997/4056] Common Eyebright (Euphrasia nemorosa)...
    Found 55 photos, kept 16 for scoring
  [998/4056] Common Sunflower (Helianthus annuus)...
    Found 37 photos, kept 16 for scoring
  [999/4056] pale St. John's-wort (Hypericum ellipticum)...
    Found 61 photos, kept 16 for scoring
  [1000/4056] Alderleaf Buckthorn (Rhamnus alnifolia)...
    Found 55 photos, kept 16 for scoring
  [1001/4056] Virginia spiderwort (Tradescantia virginiana)...
    Found 49 photos, kept 16 for scoring
  [1002/4056] Seedbox (Ludwigia alternifolia)...
    Found 69 photos, kept 16 for scoring
  [1003/4056] Woodsy Thyme-moss (Plagiomnium cuspidatum)...
    Found 75 photos, kept 16 for scoring
  [1004/4056] cursed crowfoot (Ranunculus sceleratus)...
    Found 62 photos, kept 16 for scoring
  [1005/4056] Cheatgrass (Bromus tectorum)...
    Found 52 photos, kept 16 for scoring
  [1006/4056] Blue Mountain-heath (Phyllodoce caerulea)...
    Found 51 photos, kept 16 for scoring
  [1007/4056] Five-leaf akebia (Akebia quinata)...
    Found 47 photos, kept 16 for scoring
  [1008/4056] rough wood aster (Eurybia radula)...
    Found 101 photos, kept 16 for scoring
  [1009/4056] rattlesnake mannagrass (Glyceria canadensis)...
    Found 81 photos, kept 16 for scoring
  [1010/4056] umbrella magnolia (Magnolia tripetala)...
    Found 59 photos, kept 16 for scoring
  [1011/4056] pale sunflower (Helianthus decapetalus)...
    Found 82 photos, kept 16 for scoring
  [1012/4056] swollen bladderwort (Utricularia inflata)...
    Found 67 photos, kept 16 for scoring
  [1013/4056] Purslane Speedwell (Veronica peregrina)...
    Found 61 photos, kept 16 for scoring
  [1014/4056] fox sedge (Carex vulpinoidea)...
    Found 67 photos, kept 16 for scoring
  [1015/4056] Marsh Bellflower (Palustricodon aparinoides)...
    Found 66 photos, kept 16 for scoring
  [1016/4056] downy yellow violet (Viola pubescens)...
    Found 81 photos, kept 16 for scoring
  [1017/4056] wild yam (Dioscorea villosa)...
    Found 71 photos, kept 16 for scoring
  [1018/4056] pasture thistle (Cirsium pumilum)...
    Found 63 photos, kept 16 for scoring
  [1019/4056] smooth alder (Alnus serrulata)...
    Found 86 photos, kept 16 for scoring
  [1020/4056] Japanese black pine (Pinus thunbergii)...
    Found 76 photos, kept 16 for scoring
  [1021/4056] Asian jumpseed (Persicaria filiformis)...
    Found 55 photos, kept 16 for scoring
  [1022/4056] tomato (Solanum lycopersicum)...
    Found 59 photos, kept 16 for scoring
  [1023/4056] Winter Aconite (Eranthis hyemalis)...
    Found 35 photos, kept 16 for scoring
  [1024/4056] Northwest Territory sedge (Carex utriculata)...
    Found 78 photos, kept 16 for scoring
  [1025/4056] Chinese bushclover (Lespedeza cuneata)...
    Found 62 photos, kept 16 for scoring
  [1026/4056] Cutleaf Blackberry (Rubus laciniatus)...
    Found 53 photos, kept 16 for scoring
  [1027/4056] Bushy Aster (Symphyotrichum dumosum)...
    Found 63 photos, kept 16 for scoring
  [1028/4056] eastern rough sedge (Carex scabrata)...
    Found 90 photos, kept 16 for scoring
  [1029/4056] Little Ladies' Tresses (Spiranthes tuberosa)...
    Found 82 photos, kept 16 for scoring
  [1030/4056] Persian silk tree (Albizia julibrissin)...
    Found 54 photos, kept 16 for scoring
  [1031/4056] saltwort (Salsola kali)...
    Found 41 photos, kept 16 for scoring
  [1032/4056] slender yellow woodsorrel (Oxalis dillenii)...
    Found 50 photos, kept 16 for scoring
  [1033/4056] common arrowgrass (Triglochin maritima)...
    Found 73 photos, kept 16 for scoring
  [1034/4056] Hollow Joe-Pye Weed (Eutrochium fistulosum)...
    Found 69 photos, kept 16 for scoring
  [1035/4056] Bushy Bluestem (Anatherum glomeratum)...
    Found 49 photos, kept 16 for scoring
  [1036/4056] Saltgrass (Distichlis spicata)...
    Found 81 photos, kept 16 for scoring
  [1037/4056] brownish beaked-rush (Rhynchospora capitellata)...
    Found 82 photos, kept 16 for scoring
  [1038/4056] American eelgrass (Vallisneria americana)...
    Found 73 photos, kept 16 for scoring
  [1039/4056] false sunflower (Heliopsis helianthoides)...
    Found 61 photos, kept 16 for scoring
  [1040/4056] Large Whorled Pogonia (Isotria verticillata)...
    Found 82 photos, kept 16 for scoring
  [1041/4056] Quack Grass (Elymus repens)...
    Found 58 photos, kept 16 for scoring
  [1042/4056] White-grained Mountain-ricegrass (Oryzopsis asperifolia)...
    Found 65 photos, kept 16 for scoring
  [1043/4056] Purple Crowberry (Empetrum atropurpureum)...
    Found 70 photos, kept 16 for scoring
  [1044/4056] Oregano (Origanum vulgare)...
    Found 42 photos, kept 16 for scoring
  [1045/4056] Bigbract Verbena (Verbena bracteata)...
    Found 64 photos, kept 16 for scoring
  [1046/4056] Silvery Bryum (Bryum argenteum)...
    Found 51 photos, kept 16 for scoring
  [1047/4056] Narrow Mushroom-headed Liverwort (Marchantia quadrata)...
    Found 62 photos, kept 16 for scoring
  [1048/4056] cutleaf teasel (Dipsacus laciniatus)...
    Found 50 photos, kept 16 for scoring
  [1049/4056] Bearded Flatsedge (Cyperus squarrosus)...
    Found 92 photos, kept 16 for scoring
  [1050/4056] Densetuft Hairsedge (Bulbostylis capillaris)...
    Found 54 photos, kept 16 for scoring
  [1051/4056] Japanese-lantern (Alkekengi officinarum)...
    Found 49 photos, kept 16 for scoring
  [1052/4056] redroot flatsedge (Cyperus erythrorhizos)...
    Found 83 photos, kept 16 for scoring
  [1053/4056] Green Bristle Grass (Setaria viridis)...
    Found 47 photos, kept 16 for scoring
  [1054/4056] prickly gooseberry (Ribes cynosbati)...
    Found 62 photos, kept 16 for scoring
  [1055/4056] mountain doghobble (Leucothoe fontanesiana)...
    Found 69 photos, kept 16 for scoring
  [1056/4056] Tall Bog-sedge (Carex magellanica)...
    Found 70 photos, kept 16 for scoring
  [1057/4056] Siberian crabapple (Malus baccata)...
    Found 57 photos, kept 16 for scoring
  [1058/4056] broadleaved pepperweed (Lepidium latifolium)...
    Found 67 photos, kept 16 for scoring
  [1059/4056] pointed broom sedge (Carex scoparia)...
    Found 62 photos, kept 16 for scoring
  [1060/4056] Tatarian honeysuckle (Lonicera tatarica)...
    Found 42 photos, kept 16 for scoring
  [1061/4056] wall-rue (Asplenium ruta-muraria)...
    Found 74 photos, kept 16 for scoring
  [1062/4056] Orange Mullein (Verbascum phlomoides)...
    Found 53 photos, kept 16 for scoring
  [1063/4056] California poppy (Eschscholzia californica)...
    Found 45 photos, kept 16 for scoring
  [1064/4056] fringed black bindweed (Parogonum ciliinode)...
    Found 57 photos, kept 16 for scoring
  [1065/4056] greater duckweed (Spirodela polyrhiza)...
    Found 42 photos, kept 16 for scoring
  [1066/4056] river oats (Chasmanthium latifolium)...
    Found 44 photos, kept 16 for scoring
  [1067/4056] marsh mermaidweed (Proserpinaca palustris)...
    Found 66 photos, kept 16 for scoring
  [1068/4056] prairie cordgrass (Sporobolus michauxianus)...
    Found 54 photos, kept 16 for scoring
  [1069/4056] Beauty Bush (Kolkwitzia amabilis)...
    Found 53 photos, kept 16 for scoring
  [1070/4056] common grape hyacinth (Muscari botryoides)...
    Found 48 photos, kept 16 for scoring
  [1071/4056] meadow salsify (Tragopogon pratensis)...
    Found 45 photos, kept 16 for scoring
  [1072/4056] Appalachian ladies’ tresses (Spiranthes arcisepala)...
    Found 77 photos, kept 16 for scoring
  [1073/4056] Canadian burnet (Sanguisorba canadensis)...
    Found 62 photos, kept 16 for scoring
  [1074/4056] roundleaf ragwort (Packera obovata)...
    Found 74 photos, kept 16 for scoring
  [1075/4056] pale sedge (Carex pallescens)...
    Found 63 photos, kept 16 for scoring
  [1076/4056] Creeping Woodsorrel (Oxalis corniculata)...
    Found 48 photos, kept 16 for scoring
  [1077/4056] rannoch-rush (Scheuchzeria palustris)...
    Found 49 photos, kept 16 for scoring
  [1078/4056] Great Willowherb (Epilobium hirsutum)...
    Found 60 photos, kept 16 for scoring
  [1079/4056] mountain fly-honeysuckle (Lonicera villosa)...
    Found 72 photos, kept 16 for scoring
  [1080/4056] Common Marsh-bedstraw (Galium palustre)...
    Found 63 photos, kept 16 for scoring
  [1081/4056] sweet alyssum (Lobularia maritima)...
    Found 47 photos, kept 16 for scoring
  [1082/4056] queen of the prairie (Filipendula rubra)...
    Found 47 photos, kept 16 for scoring
  [1083/4056] Poet's Narcissus (Narcissus poeticus)...
    Found 47 photos, kept 16 for scoring
  [1084/4056] rose blackberry (Rubus rosa)...
    Found 143 photos, kept 16 for scoring
  [1085/4056] Slender speedwell (Veronica filiformis)...
    Found 40 photos, kept 16 for scoring
  [1086/4056] Bulbous Bluegrass (Poa bulbosa)...
    Found 67 photos, kept 16 for scoring
  [1087/4056] Spring Ladies' Tresses (Spiranthes vernalis)...
    Found 116 photos, kept 16 for scoring
  [1088/4056] nodding ladies' tresses (Spiranthes cernua)...
    Found 105 photos, kept 16 for scoring
  [1089/4056] Saltmarsh False Foxglove (Agalinis maritima)...
    Found 69 photos, kept 16 for scoring
  [1090/4056] White-tubed Colicroot (Aletris farinosa)...
    Found 58 photos, kept 16 for scoring
  [1091/4056] kidneyleaf white violet (Viola renifolia)...
    Found 88 photos, kept 16 for scoring
  [1092/4056] Perennial Cornflower (Centaurea montana)...
    Found 39 photos, kept 16 for scoring
  [1093/4056] Wood Forget-me-not (Myosotis sylvatica)...
    Found 44 photos, kept 16 for scoring
  [1094/4056] Greene's Rush (Juncus greenei)...
    Found 55 photos, kept 16 for scoring
  [1095/4056] white heath aster (Symphyotrichum ericoides)...
    Found 72 photos, kept 16 for scoring
  [1096/4056] Spotted bellflower (Campanula punctata)...
    Found 42 photos, kept 16 for scoring
  [1097/4056] northern evening-primrose (Oenothera parviflora)...
    Found 57 photos, kept 16 for scoring
  [1098/4056] Caucasian Stonecrop (Phedimus spurius)...
    Found 44 photos, kept 16 for scoring
  [1099/4056] Meadowsweet (Filipendula ulmaria)...
    Found 54 photos, kept 16 for scoring
  [1100/4056] barnyardgrass (Echinochloa crus-galli)...
    Found 71 photos, kept 16 for scoring
  [1101/4056] awl-fruited sedge (Carex stipata)...
    Found 74 photos, kept 16 for scoring
  [1102/4056] Broad-leaved Pondweed (Potamogeton amplifolius)...
    Found 71 photos, kept 16 for scoring
  [1103/4056] European Frog-bit (Hydrocharis morsus-ranae)...
    Found 34 photos, kept 16 for scoring
  [1104/4056] fringed sedge (Carex crinita)...
    Found 63 photos, kept 16 for scoring
  [1105/4056] Hyssop-leaved Hedge-nettle (Stachys hyssopifolia)...
    Found 69 photos, kept 16 for scoring
  [1106/4056] greater periwinkle (Vinca major)...
    Found 41 photos, kept 16 for scoring
  [1107/4056] yellow-green sedge (Carex flava)...
    Found 61 photos, kept 16 for scoring
  [1108/4056] Canadian Waterweed (Elodea canadensis)...
    Found 60 photos, kept 16 for scoring
  [1109/4056] Chinese chestnut (Castanea mollissima)...
    Found 59 photos, kept 16 for scoring
  [1110/4056] Small Pussytoes (Antennaria howellii)...
    Found 60 photos, kept 16 for scoring
  [1111/4056] European field pansy (Viola arvensis)...
    Found 57 photos, kept 16 for scoring
  [1112/4056] Lentil Vetch (Vicia tetrasperma)...
    Found 68 photos, kept 16 for scoring
  [1113/4056] Cotton Deergrass (Trichophorum alpinum)...
    Found 74 photos, kept 16 for scoring
  [1114/4056] Yellow Avens (Geum aleppicum)...
    Found 61 photos, kept 16 for scoring
  [1115/4056] common lilac (Syringa vulgaris)...
    Found 46 photos, kept 16 for scoring
  [1116/4056] Lesser swine-cress (Lepidium didymum)...
    Found 42 photos, kept 16 for scoring
  [1117/4056] late purple aster (Symphyotrichum patens)...
    Found 77 photos, kept 16 for scoring
  [1118/4056] three birds orchid (Triphora trianthophoros)...
    Found 105 photos, kept 16 for scoring
  [1119/4056] watercress (Nasturtium officinale)...
    Found 53 photos, kept 16 for scoring
  [1120/4056] Celandine Poppy (Chelidonium diphyllum)...
    Found 48 photos, kept 16 for scoring
  [1121/4056] Meadow Foxtail (Alopecurus pratensis)...
    Found 53 photos, kept 16 for scoring
  [1122/4056] purple-stem cliffbrake (Pellaea atropurpurea)...
    Found 79 photos, kept 16 for scoring
  [1123/4056] hairy woodrush (Luzula acuminata)...
    Found 88 photos, kept 16 for scoring
  [1124/4056] mockernut (Carya tomentosa)...
    Found 66 photos, kept 16 for scoring
  [1125/4056] Purple Lovegrass (Eragrostis spectabilis)...
    Found 84 photos, kept 16 for scoring
  [1126/4056] red-seeded dandelion (Taraxacum erythrospermum)...
    Found 55 photos, kept 16 for scoring
  [1127/4056] autumn coralroot (Corallorhiza odontorhiza)...
    Found 97 photos, kept 16 for scoring
  [1128/4056] rough buttonweed (Hexasepalum teres)...
    Found 71 photos, kept 16 for scoring
  [1129/4056] bottlebrush sedge (Carex hystericina)...
    Found 64 photos, kept 16 for scoring
  [1130/4056] Slender Ladies' Tresses (Spiranthes lacera)...
    Found 92 photos, kept 16 for scoring
  [1131/4056] Scaldweed (Cuscuta gronovii)...
    Found 62 photos, kept 16 for scoring
  [1132/4056] arrowhead rattlebox (Crotalaria sagittalis)...
    Found 48 photos, kept 16 for scoring
  [1133/4056] Sneezewort (Achillea ptarmica)...
    Found 58 photos, kept 16 for scoring
  [1134/4056] green bog orchid (Platanthera huronensis)...
    Found 74 photos, kept 16 for scoring
  [1135/4056] New England ragwort (Packera schweinitziana)...
    Found 60 photos, kept 16 for scoring
  [1136/4056] Eastern Dwarf-mistletoe (Arceuthobium pusillum)...
    Found 91 photos, kept 16 for scoring
  [1137/4056] fringed willowherb (Epilobium ciliatum)...
    Found 87 photos, kept 16 for scoring
  [1138/4056] lemon balm (Melissa officinalis)...
    Found 55 photos, kept 16 for scoring
  [1139/4056] woolly-fruited sedge (Carex lasiocarpa)...
    Found 61 photos, kept 16 for scoring
  [1140/4056] aniseroot (Osmorhiza longistylis)...
    Found 63 photos, kept 16 for scoring
  [1141/4056] Slender Snakecotton (Froelichia gracilis)...
    Found 63 photos, kept 16 for scoring
  [1142/4056] Summer snowflake (Leucojum aestivum)...
    Found 37 photos, kept 16 for scoring
  [1143/4056] wormseed wallflower (Erysimum cheiranthoides)...
    Found 62 photos, kept 16 for scoring
  [1144/4056] Curly-leaf Pondweed (Potamogeton crispus)...
    Found 49 photos, kept 16 for scoring
  [1145/4056] graceful sedge (Carex gracillima)...
    Found 87 photos, kept 16 for scoring
  [1146/4056] Black Highbush Blueberry (Vaccinium fuscatum)...
    Found 86 photos, kept 16 for scoring
  [1147/4056] lesser rattlesnake plantain (Goodyera repens)...
    Found 63 photos, kept 16 for scoring
  [1148/4056] silky willow (Salix sericea)...
    Found 88 photos, kept 16 for scoring
  [1149/4056] Maryland Sanicle (Sanicula marilandica)...
    Found 77 photos, kept 16 for scoring
  [1150/4056] narrow-leaved glade fern (Homalosorus pycnocarpos)...
    Found 68 photos, kept 16 for scoring
  [1151/4056] Common Butterbur (Petasites hybridus)...
    Found 54 photos, kept 16 for scoring
  [1152/4056] spoon-leaved moss (Bryoandersonia illecebra)...
    Found 59 photos, kept 16 for scoring
  [1153/4056] rough cottongrass (Eriophorum tenellum)...
    Found 96 photos, kept 16 for scoring
  [1154/4056] Beach Pinweed (Lechea maritima)...
    Found 54 photos, kept 16 for scoring
  [1155/4056] Fraser's marsh St. John's-wort (Hypericum fraseri)...
    Found 53 photos, kept 16 for scoring
  [1156/4056] Common Sow-thistle (Sonchus oleraceus)...
    Found 61 photos, kept 16 for scoring
  [1157/4056] Field Pussytoes (Antennaria neglecta)...
    Found 71 photos, kept 16 for scoring
  [1158/4056] Nantucket Shadbush (Amelanchier nantucketensis)...
    Found 128 photos, kept 16 for scoring
  [1159/4056] American pennyroyal (Hedeoma pulegioides)...
    Found 66 photos, kept 16 for scoring
  [1160/4056] mountain firmoss (Huperzia appressa)...
    Found 44 photos, kept 16 for scoring
  [1161/4056] Japanese Clover (Kummerowia striata)...
    Found 55 photos, kept 16 for scoring
  [1162/4056] Red Currant (Ribes rubrum)...
    Found 74 photos, kept 16 for scoring
  [1163/4056] Procumbent Pearlwort (Sagina procumbens)...
    Found 55 photos, kept 16 for scoring
  [1164/4056] Shining Ladies' Tresses (Spiranthes lucida)...
    Found 80 photos, kept 16 for scoring
  [1165/4056] Silver Wormwood (Artemisia ludoviciana)...
    Found 51 photos, kept 16 for scoring
  [1166/4056] inundated bog clubmoss (Lycopodiella inundata)...
    Found 56 photos, kept 16 for scoring
  [1167/4056] Dotted Smartweed (Persicaria punctata)...
    Found 81 photos, kept 16 for scoring
  [1168/4056] Lady's Bedstraw (Galium verum)...
    Found 56 photos, kept 16 for scoring
  [1169/4056] wright viburnum (Viburnum wrightii)...
    Found 55 photos, kept 16 for scoring
  [1170/4056] sea-watch (Angelica lucida)...
    Found 71 photos, kept 16 for scoring
  [1171/4056] waterpepper (Persicaria hydropiper)...
    Found 61 photos, kept 16 for scoring
  [1172/4056] matricary grapefern (Botrychium matricariifolium)...
    Found 81 photos, kept 16 for scoring
  [1173/4056] smooth blue aster (Symphyotrichum laeve)...
    Found 83 photos, kept 16 for scoring
  [1174/4056] Agardh's red weed (Agardhiella subulata)...
    Found 42 photos, kept 16 for scoring
  [1175/4056] fringed heartwort (Ricciocarpos natans)...
    Found 66 photos, kept 16 for scoring
  [1176/4056] climbing fumitory (Adlumia fungosa)...
    Found 116 photos, kept 16 for scoring
  [1177/4056] Saltmeadow Rush (Juncus gerardi)...
    Found 66 photos, kept 16 for scoring
  [1178/4056] Scarlet Beebalm (Monarda didyma)...
    Found 36 photos, kept 16 for scoring
  [1179/4056] American bittersweet (Celastrus scandens)...
    Found 98 photos, kept 16 for scoring
  [1180/4056] Tetraphis Moss (Tetraphis pellucida)...
    Found 74 photos, kept 16 for scoring
  [1181/4056] nodding sedge (Carex gynandra)...
    Found 68 photos, kept 16 for scoring
  [1182/4056] Beautiful Branch Moss (Callicladium haldaneanum)...
    Found 84 photos, kept 16 for scoring
  [1183/4056] longbeak sedge (Carex sprengelii)...
    Found 84 photos, kept 16 for scoring
  [1184/4056] Moss Bell-heather (Harrimanella hypnoides)...
    Found 73 photos, kept 16 for scoring
  [1185/4056] Giant Knotweed (Reynoutria sachalinensis)...
    Found 45 photos, kept 16 for scoring
  [1186/4056] smooth shadbush (Amelanchier laevis)...
    Found 59 photos, kept 16 for scoring
  [1187/4056] greater snowdrop (Galanthus elwesii)...
    Found 43 photos, kept 16 for scoring
  [1188/4056] Clammy goosefoot (Dysphania pumilio)...
    Found 64 photos, kept 16 for scoring
  [1189/4056] white-edge sedge (Carex debilis)...
    Found 87 photos, kept 16 for scoring
  [1190/4056] common pawpaw (Asimina triloba)...
    Found 44 photos, kept 16 for scoring
  [1191/4056] slippery elm (Ulmus rubra)...
    Found 77 photos, kept 16 for scoring
  [1192/4056] deerberry (Vaccinium stamineum)...
    Found 67 photos, kept 16 for scoring
  [1193/4056] Canadian Meadow garlic (Allium canadense)...
    Found 76 photos, kept 16 for scoring
  [1194/4056] American senna (Senna hebecarpa)...
    Found 51 photos, kept 16 for scoring
  [1195/4056] Long-leaved Speedwell (Veronica longifolia)...
    Found 45 photos, kept 16 for scoring
  [1196/4056] water star-grass (Heteranthera dubia)...
    Found 47 photos, kept 16 for scoring
  [1197/4056] swamp currant (Ribes lacustre)...
    Found 79 photos, kept 16 for scoring
  [1198/4056] dense blazing star (Liatris spicata)...
    Found 42 photos, kept 16 for scoring
  [1199/4056] purpletop tridens (Tridens flavus)...
    Found 95 photos, kept 16 for scoring
  [1200/4056] interior sandbar willow (Salix interior)...
    Found 76 photos, kept 16 for scoring
  [1201/4056] plains coreopsis (Coreopsis tinctoria)...
    Found 41 photos, kept 16 for scoring
  [1202/4056] Dasysiphonia japonica (Dasysiphonia japonica)...
    Found 36 photos, kept 16 for scoring
  [1203/4056] intermediate bladderwort (Utricularia intermedia)...
    Found 59 photos, kept 16 for scoring
  [1204/4056] hoary sedge (Carex canescens)...
    Found 70 photos, kept 16 for scoring
  [1205/4056] Smooth Gooseberry (Ribes hirtellum)...
    Found 57 photos, kept 16 for scoring
  [1206/4056] Prostrate Knotweed (Polygonum aviculare)...
    Found 54 photos, kept 16 for scoring
  [1207/4056] swamp thistle (Cirsium muticum)...
    Found 90 photos, kept 16 for scoring
  [1208/4056] rough avens (Geum laciniatum)...
    Found 71 photos, kept 16 for scoring
  [1209/4056] Hairy Pinweed (Lechea mucronata)...
    Found 84 photos, kept 16 for scoring
  [1210/4056] Various-leaved Crestwort (Lophocolea heterophylla)...
    Found 61 photos, kept 16 for scoring
  [1211/4056] Large-leaved Avens (Geum macrophyllum)...
    Found 71 photos, kept 16 for scoring
  [1212/4056] Perennial Glasswort (Salicornia perennis)...
    Found 48 photos, kept 16 for scoring
  [1213/4056] slender bush clover (Lespedeza virginica)...
    Found 83 photos, kept 16 for scoring
  [1214/4056] meadow willow (Salix petiolaris)...
    Found 74 photos, kept 16 for scoring
  [1215/4056] Redshank (Ceratodon purpureus)...
    Found 76 photos, kept 16 for scoring
  [1216/4056] lesser featherwort (Plagiochila porelloides)...
    Found 61 photos, kept 16 for scoring
  [1217/4056] Gray's sedge (Carex grayi)...
    Found 67 photos, kept 16 for scoring
  [1218/4056] humped bladderwort (Utricularia gibba)...
    Found 81 photos, kept 16 for scoring
  [1219/4056] arctic stag's-horn clubmoss (Lycopodium lagopus)...
    Found 81 photos, kept 16 for scoring
  [1220/4056] Hartford fern (Lygodium palmatum)...
    Found 90 photos, kept 16 for scoring
  [1221/4056] Common Privet (Ligustrum vulgare)...
    Found 69 photos, kept 16 for scoring
  [1222/4056] yellow screwstem (Bartonia virginica)...
    Found 90 photos, kept 16 for scoring
  [1223/4056] red chokeberry (Aronia arbutifolia)...
    Found 49 photos, kept 16 for scoring
  [1224/4056] Scots Lovage (Ligusticum scothicum)...
    Found 81 photos, kept 16 for scoring
  [1225/4056] Japanese maple (Acer palmatum)...
    Found 40 photos, kept 16 for scoring
  [1226/4056] Lesser Centaury (Centaurium pulchellum)...
    Found 62 photos, kept 16 for scoring
  [1227/4056] slender leafy spurge (Euphorbia virgata)...
    Found 51 photos, kept 16 for scoring
  [1228/4056] smooth saw-grass (Cladium mariscoides)...
    Found 67 photos, kept 16 for scoring
  [1229/4056] Strawberry Groundcherry (Physalis grisea)...
    Found 44 photos, kept 16 for scoring
  [1230/4056] Massachusetts fern (Coryphopteris simulata)...
    Found 85 photos, kept 16 for scoring
  [1231/4056] Siberian barren strawberry (Waldsteinia ternata)...
    Found 33 photos, kept 16 for scoring
  [1232/4056] Nuttall's milkwort (Senega nuttallii)...
    Found 63 photos, kept 16 for scoring
  [1233/4056] narrow-leaved blue-eyed grass (Sisyrinchium angustifolium)...
    Found 68 photos, kept 16 for scoring
  [1234/4056] Panicled Bulrush (Scirpus microcarpus)...
    Found 44 photos, kept 16 for scoring
  [1235/4056] three-square bulrush (Schoenoplectus pungens)...
    Found 79 photos, kept 16 for scoring
  [1236/4056] dwarf resin birch (Betula glandulosa)...
    Found 70 photos, kept 16 for scoring
  [1237/4056] soft-stemmed bulrush (Schoenoplectus tabernaemontani)...
    Found 72 photos, kept 16 for scoring
  [1238/4056] rough bedstraw (Galium asprellum)...
    Found 62 photos, kept 16 for scoring
  [1239/4056] Bartram Shadbush (Amelanchier bartramiana)...
    Found 57 photos, kept 16 for scoring
  [1240/4056] twisted sedge (Carex torta)...
    Found 93 photos, kept 16 for scoring
  [1241/4056] Horn Calcareous Moss (Mnium hornum)...
    Found 97 photos, kept 16 for scoring
  [1242/4056] northern dwarf huckleberry (Gaylussacia bigeloviana)...
    Found 94 photos, kept 16 for scoring
  [1243/4056] red campion (Silene dioica)...
    Found 58 photos, kept 16 for scoring
  [1244/4056] dwarf bilberry (Vaccinium cespitosum)...
    Found 65 photos, kept 16 for scoring
  [1245/4056] Great-spurred Violet (Viola selkirkii)...
    Found 104 photos, kept 16 for scoring
  [1246/4056] redwhisker clammyweed (Polanisia dodecandra)...
    Found 54 photos, kept 16 for scoring
  [1247/4056] bog goldenrod (Solidago uliginosa)...
    Found 96 photos, kept 16 for scoring
  [1248/4056] fen orchid (Liparis loeselii)...
    Found 86 photos, kept 16 for scoring
  [1249/4056] Five-fingered Aralia (Eleutherococcus sieboldianus)...
    Found 49 photos, kept 16 for scoring
  [1250/4056] bottlebrush buckeye (Aesculus parviflora)...
    Found 50 photos, kept 16 for scoring
  [1251/4056] dotted hawthorn (Crataegus punctata)...
    Found 65 photos, kept 16 for scoring
  [1252/4056] buffalo-bur (Solanum rostratum)...
    Found 47 photos, kept 16 for scoring
  [1253/4056] leathery grapefern (Sceptridium multifidum)...
    Found 91 photos, kept 16 for scoring
  [1254/4056] Girgensohn's Peatmoss (Sphagnum girgensohnii)...
    Found 117 photos, kept 16 for scoring
  [1255/4056] alpine bearberry (Arctous alpina)...
    Found 41 photos, kept 16 for scoring
  [1256/4056] European beech (Fagus sylvatica)...
    Found 43 photos, kept 16 for scoring
  [1257/4056] robbins' pondweed (Potamogeton robbinsii)...
    Found 62 photos, kept 16 for scoring
  [1258/4056] black nightshade (Solanum nigrum)...
    Found 57 photos, kept 16 for scoring
  [1259/4056] American Black Currant (Ribes americanum)...
    Found 57 photos, kept 16 for scoring
  [1260/4056] Round-leaved Trailing Tick-trefoil (Desmodium rotundifolium)...
    Found 81 photos, kept 16 for scoring
  [1261/4056] wavy hair-grass (Avenella flexuosa)...
    Found 66 photos, kept 16 for scoring
  [1262/4056] Large-flowered Tomatillo (Physalis philadelphica)...
    Found 56 photos, kept 16 for scoring
  [1263/4056] wild daffodil (Narcissus pseudonarcissus)...
    Found 38 photos, kept 16 for scoring
  [1264/4056] macoun's everlasting (Pseudognaphalium macounii)...
    Found 96 photos, kept 16 for scoring
  [1265/4056] clover fern (Marsilea quadrifolia)...
    Found 47 photos, kept 16 for scoring
  [1266/4056] Waxyleaf Moss (Dicranum polysetum)...
    Found 54 photos, kept 16 for scoring
  [1267/4056] narrowleaf pinweed (Lechea intermedia)...
    Found 86 photos, kept 16 for scoring
  [1268/4056] Lawn daisy (Bellis perennis)...
    Found 34 photos, kept 16 for scoring
  [1269/4056] lake sedge (Carex lacustris)...
    Found 76 photos, kept 16 for scoring
  [1270/4056] threeseeded sedge (Carex trisperma)...
    Found 65 photos, kept 16 for scoring
  [1271/4056] rough boneset (Eupatorium pilosum)...
    Found 112 photos, kept 16 for scoring
  [1272/4056] Deutzia crenata (Deutzia crenata)...
    Found 56 photos, kept 16 for scoring
  [1273/4056] tall hairy agrimony (Agrimonia gryposepala)...
    Found 74 photos, kept 16 for scoring
  [1274/4056] seaside brookweed (Samolus parviflorus)...
    Found 69 photos, kept 16 for scoring
  [1275/4056] Purple Clematis (Clematis occidentalis)...
    Found 87 photos, kept 16 for scoring
  [1276/4056] anise hyssop (Agastache foeniculum)...
    Found 41 photos, kept 16 for scoring
  [1277/4056] boulder broom moss (Dicranum fulvum)...
    Found 53 photos, kept 16 for scoring
  [1278/4056] Perfoliate Pondweed (Potamogeton perfoliatus)...
    Found 65 photos, kept 16 for scoring
  [1279/4056] long-leaved bluets (Houstonia longifolia)...
    Found 60 photos, kept 16 for scoring
  [1280/4056] Goose Grass (Eleusine indica)...
    Found 56 photos, kept 16 for scoring
  [1281/4056] Wingstem (Verbesina alternifolia)...
    Found 60 photos, kept 16 for scoring
  [1282/4056] Japanese Kerria (Kerria japonica)...
    Found 43 photos, kept 16 for scoring
  [1283/4056] stout wood reed (Cinna arundinacea)...
    Found 96 photos, kept 16 for scoring
  [1284/4056] Bayonet Rush (Juncus militaris)...
    Found 62 photos, kept 16 for scoring
  [1285/4056] creeping phlox (Phlox stolonifera)...
    Found 33 photos, kept 16 for scoring
  [1286/4056] Yellow Yarn Moss (Claopodium rostratum)...
    Found 57 photos, kept 16 for scoring
  [1287/4056] flower-of-an-hour (Hibiscus trionum)...
    Found 45 photos, kept 16 for scoring
  [1288/4056] Wild Pink (Silene caroliniana)...
    Found 46 photos, kept 16 for scoring
  [1289/4056] Round-leaved Bog Orchid (Platanthera orbiculata)...
    Found 84 photos, kept 16 for scoring
  [1290/4056] Small-leaved Lime (Tilia cordata)...
    Found 48 photos, kept 16 for scoring
  [1291/4056] downy yellow false foxglove (Aureolaria virginica)...
    Found 90 photos, kept 16 for scoring
  [1292/4056] Marvel of Peru (Mirabilis jalapa)...
    Found 40 photos, kept 16 for scoring
  [1293/4056] potato (Solanum tuberosum)...
    Found 33 photos, kept 16 for scoring
  [1294/4056] pale green orchid (Platanthera flava)...
    Found 107 photos, kept 16 for scoring
  [1295/4056] star sedge (Carex echinata)...
    Found 60 photos, kept 16 for scoring
  [1296/4056] Common Butterwort (Pinguicula vulgaris)...
    Found 73 photos, kept 16 for scoring
  [1297/4056] common bladder moss (Physcomitrium pyriforme)...
    Found 52 photos, kept 16 for scoring
  [1298/4056] Prairie Peatmoss (Sphagnum palustre)...
    Found 144 photos, kept 16 for scoring
  [1299/4056] musk monkeyflower (Erythranthe moschata)...
    Found 42 photos, kept 16 for scoring
  [1300/4056] fennel (Foeniculum vulgare)...
    Found 33 photos, kept 16 for scoring
  [1301/4056] Woodland crocus (Crocus tommasinianus)...
    Found 40 photos, kept 16 for scoring
  [1302/4056] few-seeded sedge (Carex oligosperma)...
    Found 62 photos, kept 16 for scoring
  [1303/4056] Starved Witchgrass (Dichanthelium depauperatum)...
    Found 88 photos, kept 16 for scoring
  [1304/4056] Plume Poppy (Macleaya cordata)...
    Found 57 photos, kept 16 for scoring
  [1305/4056] hairy beardtongue (Penstemon hirsutus)...
    Found 46 photos, kept 16 for scoring
  [1306/4056] Sherard's Downy-rose (Rosa sherardii)...
    Found 113 photos, kept 16 for scoring
  [1307/4056] chinkapin oak (Quercus muehlenbergii)...
    Found 53 photos, kept 16 for scoring
  [1308/4056] Field Scabious (Knautia arvensis)...
    Found 45 photos, kept 16 for scoring
  [1309/4056] common hawkweed (Hieracium lachenalii)...
    Found 69 photos, kept 16 for scoring
  [1310/4056] Shrub Yellowroot (Xanthorhiza simplicissima)...
    Found 44 photos, kept 16 for scoring
  [1311/4056] golden rain tree (Koelreuteria paniculata)...
    Found 38 photos, kept 16 for scoring
  [1312/4056] beefsteak plant (Perilla frutescens)...
    Found 35 photos, kept 16 for scoring
  [1313/4056] Torrey's Wild Licorice (Galium lanceolatum)...
    Found 56 photos, kept 16 for scoring
  [1314/4056] sapphire-berry (Symplocos paniculata)...
    Found 70 photos, kept 16 for scoring
  [1315/4056] Boissier's Glory-of-the-snow (Scilla luciliae)...
    Found 43 photos, kept 16 for scoring
  [1316/4056] common hawthorn (Crataegus monogyna)...
    Found 60 photos, kept 16 for scoring
  [1317/4056] shining willow (Salix lucida)...
    Found 72 photos, kept 16 for scoring
  [1318/4056] northern water-plantain (Alisma triviale)...
    Found 109 photos, kept 16 for scoring
  [1319/4056] Hollyhock (Alcea rosea)...
    Found 37 photos, kept 16 for scoring
  [1320/4056] annual wild rice (Zizania aquatica)...
    Found 83 photos, kept 16 for scoring
  [1321/4056] ribbed bog moss (Aulacomnium palustre)...
    Found 61 photos, kept 16 for scoring
  [1322/4056] Whip Fork Moss (Dicranum flagellare)...
    Found 62 photos, kept 16 for scoring
  [1323/4056] Slender Blue Flag (Iris prismatica)...
    Found 96 photos, kept 16 for scoring
  [1324/4056] Grove Earwort (Scapania nemorea)...
    Found 64 photos, kept 16 for scoring
  [1325/4056] Appalachian sandwort (Mononeuria glabra)...
    Found 58 photos, kept 16 for scoring
  [1326/4056] wild cherry (Prunus avium)...
    Found 56 photos, kept 16 for scoring
  [1327/4056] rice cutgrass (Leersia oryzoides)...
    Found 92 photos, kept 16 for scoring
  [1328/4056] witch grass (Panicum capillare)...
    Found 65 photos, kept 16 for scoring
  [1329/4056] forked nailwort (Paronychia canadensis)...
    Found 55 photos, kept 16 for scoring
  [1330/4056] retrorse sedge (Carex retrorsa)...
    Found 46 photos, kept 16 for scoring
  [1331/4056] Bristly Crowfoot (Ranunculus pensylvanicus)...
    Found 112 photos, kept 16 for scoring
  [1332/4056] squarrose goldenrod (Solidago squarrosa)...
    Found 100 photos, kept 16 for scoring
  [1333/4056] Annual Toadflax (Linaria maroccana)...
    Found 29 photos, kept 16 for scoring
  [1334/4056] lesser smoothcap (Atrichum angustatum)...
    Found 66 photos, kept 16 for scoring
  [1335/4056] yellow water-crowfoot (Ranunculus flabellaris)...
    Found 74 photos, kept 16 for scoring
  [1336/4056] clustered bellflower (Campanula glomerata)...
    Found 30 photos, kept 16 for scoring
  [1337/4056] wild hydrangea (Hydrangea arborescens)...
    Found 56 photos, kept 16 for scoring
  [1338/4056] tall bush-clover (Lespedeza stuevei)...
    Found 98 photos, kept 16 for scoring
  [1339/4056] Narrowleaf Whitetop Aster (Sericocarpus linifolius)...
    Found 76 photos, kept 16 for scoring
  [1340/4056] three-lobed violet (Viola palmata)...
    Found 67 photos, kept 16 for scoring
  [1341/4056] Spider flower (Cleome houtteana)...
    Found 52 photos, kept 16 for scoring
  [1342/4056] smooth rockcress (Borodinia laevigata)...
    Found 67 photos, kept 16 for scoring
  [1343/4056] cross polygala (Senega aquilonia)...
    Found 49 photos, kept 16 for scoring
  [1344/4056] common yew (Taxus baccata)...
    Found 53 photos, kept 16 for scoring
  [1345/4056] sleepy catchfly (Silene antirrhina)...
    Found 80 photos, kept 16 for scoring
  [1346/4056] Forbes' Glory-of-the-snow (Scilla forbesii)...
    Found 30 photos, kept 16 for scoring
  [1347/4056] Common Peppergrass (Lepidium densiflorum)...
    Found 42 photos, kept 16 for scoring
  [1348/4056] Northern Peatmoss (Sphagnum capillifolium)...
    Found 73 photos, kept 16 for scoring
  [1349/4056] Xanthidium antilopaeum (Xanthidium antilopaeum)...
    Found 36 photos, kept 16 for scoring
  [1350/4056] Ulota crispula (Ulota crispula)...
    Found 72 photos, kept 16 for scoring
  [1351/4056] manyflower marshpennywort (Hydrocotyle umbellata)...
    Found 57 photos, kept 16 for scoring
  [1352/4056] Cucumber-tree (Magnolia acuminata)...
    Found 59 photos, kept 16 for scoring
  [1353/4056] Highland Saxifrage (Saxifraga rivularis)...
    Found 49 photos, kept 16 for scoring
  [1354/4056] drooping woodland sedge (Carex arctata)...
    Found 68 photos, kept 16 for scoring
  [1355/4056] common pellia (Pellia epiphylla)...
    Found 57 photos, kept 16 for scoring
  [1356/4056] narrow triangle moonwort (Botrychium angustisegmentum)...
    Found 62 photos, kept 16 for scoring
  [1357/4056] Hooded Ladies' Tresses (Spiranthes romanzoffiana)...
    Found 98 photos, kept 16 for scoring
  [1358/4056] European larch (Larix decidua)...
    Found 73 photos, kept 16 for scoring
  [1359/4056] sweet bugleweed (Lycopus virginicus)...
    Found 81 photos, kept 16 for scoring
  [1360/4056] Hyalotheca dissiliens (Hyalotheca dissiliens)...
    Found 45 photos, kept 16 for scoring
  [1361/4056] few-flowered sedge (Carex pauciflora)...
    Found 53 photos, kept 16 for scoring
  [1362/4056] inflated sedge (Carex vesicaria)...
    Found 72 photos, kept 16 for scoring
  [1363/4056] Smooth Witchgrass (Panicum dichotomiflorum)...
    Found 96 photos, kept 16 for scoring
  [1364/4056] Clinton's wood fern (Dryopteris clintoniana)...
    Found 79 photos, kept 16 for scoring
  [1365/4056] Orange-fruited Horse Gentian (Triosteum aurantiacum)...
    Found 61 photos, kept 16 for scoring
  [1366/4056] Dyer's Greenweed (Genista tinctoria)...
    Found 62 photos, kept 16 for scoring
  [1367/4056] Siebold's Viburnum (Viburnum sieboldii)...
    Found 47 photos, kept 16 for scoring
  [1368/4056] Dulse (Palmaria palmata)...
    Found 38 photos, kept 16 for scoring
  [1369/4056] Goatsbeard (Aruncus dioicus)...
    Found 45 photos, kept 16 for scoring
  [1370/4056] canadian bluejoint (Calamagrostis canadensis)...
    Found 71 photos, kept 16 for scoring
  [1371/4056] Goldenseal (Hydrastis canadensis)...
    Found 42 photos, kept 16 for scoring
  [1372/4056] Catherine's moss (Atrichum undulatum)...
    Found 55 photos, kept 16 for scoring
  [1373/4056] American Tree Moss (Climacium americanum)...
    Found 52 photos, kept 16 for scoring
  [1374/4056] black knapweed (Centaurea nigra)...
    Found 58 photos, kept 16 for scoring
  [1375/4056] shrub lespedeza (Lespedeza bicolor)...
    Found 55 photos, kept 16 for scoring
  [1376/4056] Purple Willow (Salix purpurea)...
    Found 74 photos, kept 16 for scoring
  [1377/4056] field thistle (Cirsium discolor)...
    Found 71 photos, kept 16 for scoring
  [1378/4056] Bread Wheat (Triticum aestivum)...
    Found 45 photos, kept 16 for scoring
  [1379/4056] fibrous-rooted sedge (Carex communis)...
    Found 66 photos, kept 16 for scoring
  [1380/4056] Straw Foxglove (Digitalis lutea)...
    Found 51 photos, kept 16 for scoring
  [1381/4056] Crested Elsholtzia (Elsholtzia ciliata)...
    Found 68 photos, kept 16 for scoring
  [1382/4056] common poppy (Papaver rhoeas)...
    Found 31 photos, kept 16 for scoring
  [1383/4056] Foxtail Barley (Hordeum jubatum)...
    Found 69 photos, kept 16 for scoring
  [1384/4056] narrow-leaf bird's-foot trefoil (Lotus tenuis)...
    Found 44 photos, kept 16 for scoring
  [1385/4056] woodland stonecrop (Sedum ternatum)...
    Found 47 photos, kept 16 for scoring
  [1386/4056] field forget-me-not (Myosotis arvensis)...
    Found 52 photos, kept 16 for scoring
  [1387/4056] Perennial Ryegrass (Lolium perenne)...
    Found 47 photos, kept 16 for scoring
  [1388/4056] Changing Forget-me-not (Myosotis discolor)...
    Found 60 photos, kept 16 for scoring
  [1389/4056] bog wintergreen (Pyrola asarifolia)...
    Found 93 photos, kept 16 for scoring
  [1390/4056] sweet Joe-Pye-weed (Eutrochium purpureum)...
    Found 56 photos, kept 16 for scoring
  [1391/4056] Common Cottongrass (Eriophorum angustifolium)...
    Found 59 photos, kept 16 for scoring
  [1392/4056] Algal Haircap Moss (Pogonatum pensilvanicum)...
    Found 67 photos, kept 16 for scoring
  [1393/4056] Longleaf Pondweed (Potamogeton nodosus)...
    Found 83 photos, kept 16 for scoring
  [1394/4056] Grass-leaved Arrowhead (Sagittaria graminea)...
    Found 77 photos, kept 16 for scoring
  [1395/4056] Spiked Woodrush (Luzula spicata)...
    Found 51 photos, kept 16 for scoring
  [1396/4056] Saltmarsh Sand Spurry (Spergularia marina)...
    Found 90 photos, kept 16 for scoring
  [1397/4056] trailing lespedeza (Lespedeza procumbens)...
    Found 101 photos, kept 16 for scoring
  [1398/4056] Wavy-leaf Moss (Plagiomnium ciliare)...
    Found 65 photos, kept 16 for scoring
  [1399/4056] Rhubarb (Rheum rhabarbarum)...
    Found 35 photos, kept 16 for scoring
  [1400/4056] big bur-reed (Sparganium eurycarpum)...
    Found 70 photos, kept 16 for scoring
  [1401/4056] Horseradish (Armoracia rusticana)...
    Found 46 photos, kept 16 for scoring
  [1402/4056] tea-leafed willow (Salix planifolia)...
    Found 91 photos, kept 16 for scoring
  [1403/4056] scentless mayweed (Tripleurospermum inodorum)...
    Found 56 photos, kept 16 for scoring
  [1404/4056] blunt-lobed grapefern (Sceptridium oneidense)...
    Found 59 photos, kept 16 for scoring
  [1405/4056] Virginia wildrye (Elymus virginicus)...
    Found 65 photos, kept 16 for scoring
  [1406/4056] seductive entodon moss (Entodon seductrix)...
    Found 48 photos, kept 16 for scoring
  [1407/4056] Swamp Goldenrod (Solidago patula)...
    Found 82 photos, kept 16 for scoring
  [1408/4056] Blunt Mannagrass (Glyceria obtusa)...
    Found 69 photos, kept 16 for scoring
  [1409/4056] Bog Yellow-eyed Grass (Xyris difformis)...
    Found 72 photos, kept 16 for scoring
  [1410/4056] Water Marigold (Bidens beckii)...
    Found 66 photos, kept 16 for scoring
  [1411/4056] Lindberg's Hypnum Moss (Calliergonella lindbergii)...
    Found 61 photos, kept 16 for scoring
  [1412/4056] late boneset (Eupatorium serotinum)...
    Found 84 photos, kept 16 for scoring
  [1413/4056] two-seeded sedge (Carex disperma)...
    Found 65 photos, kept 16 for scoring
  [1414/4056] silver birch (Betula pendula)...
    Found 108 photos, kept 16 for scoring
  [1415/4056] hairy honeysuckle (Lonicera hirsuta)...
    Found 36 photos, kept 16 for scoring
  [1416/4056] tall tick-trefoil (Desmodium glabellum)...
    Found 124 photos, kept 16 for scoring
  [1417/4056] ribbed sedge (Carex virescens)...
    Found 90 photos, kept 16 for scoring
  [1418/4056] button sedge (Carex bullata)...
    Found 70 photos, kept 16 for scoring
  [1419/4056] tenlobe false foxglove (Agalinis decemloba)...
    Found 78 photos, kept 16 for scoring
  [1420/4056] cockspur hawthorn (Crataegus crus-galli)...
    Found 54 photos, kept 16 for scoring
  [1421/4056] Thyme-leaved Sandwort (Arenaria serpyllifolia)...
    Found 61 photos, kept 16 for scoring
  [1422/4056] sweet annie (Artemisia annua)...
    Found 39 photos, kept 16 for scoring
  [1423/4056] grey-headed coneflower (Ratibida pinnata)...
    Found 56 photos, kept 16 for scoring
  [1424/4056] Bonfire moss (Funaria hygrometrica)...
    Found 75 photos, kept 16 for scoring
  [1425/4056] Hardy kiwifruit (Actinidia arguta)...
    Found 67 photos, kept 16 for scoring
  [1426/4056] Oysterplant (Mertensia maritima)...
    Found 94 photos, kept 16 for scoring
  [1427/4056] silverling (Paronychia argyrocoma)...
    Found 108 photos, kept 16 for scoring
  [1428/4056] Engelmann's Flatsedge (Cyperus engelmannii)...
    Found 79 photos, kept 16 for scoring
  [1429/4056] Allegheny Spurge (Pachysandra procumbens)...
    Found 39 photos, kept 16 for scoring
  [1430/4056] Golden Club (Orontium aquaticum)...
    Found 67 photos, kept 16 for scoring
  [1431/4056] Chinese wisteria (Wisteria sinensis)...
    Found 38 photos, kept 16 for scoring
  [1432/4056] beach sedge (Carex silicea)...
    Found 71 photos, kept 16 for scoring
  [1433/4056] Broadleaf Water-milfoil (Myriophyllum heterophyllum)...
    Found 83 photos, kept 16 for scoring
  [1434/4056] Sea Knotweed (Polygonum glaucum)...
    Found 50 photos, kept 16 for scoring
  [1435/4056] Sage-leaf willow (Salix candida)...
    Found 81 photos, kept 16 for scoring
  [1436/4056] Bush's Sedge (Carex bushii)...
    Found 35 photos, kept 16 for scoring
  [1437/4056] American wisteria (Wisteria frutescens)...
    Found 34 photos, kept 16 for scoring
  [1438/4056] Wood Avens (Geum urbanum)...
    Found 74 photos, kept 16 for scoring
  [1439/4056] Cyperus Sedge (Carex pseudocyperus)...
    Found 77 photos, kept 16 for scoring
  [1440/4056] Northern Cranesbill (Geranium bicknellii)...
    Found 92 photos, kept 16 for scoring
  [1441/4056] Steller's rock-brake (Cryptogramma stelleri)...
    Found 101 photos, kept 16 for scoring
  [1442/4056] plains frostweed (Crocanthemum bicknellii)...
    Found 78 photos, kept 16 for scoring
  [1443/4056] Blue Globe-thistle (Echinops bannaticus)...
    Found 39 photos, kept 16 for scoring
  [1444/4056] Dark Mullein (Verbascum nigrum)...
    Found 44 photos, kept 16 for scoring
  [1445/4056] Creeping Saltbush (Atriplex prostrata)...
    Found 68 photos, kept 16 for scoring
  [1446/4056] bristle-stalked sedge (Carex leptalea)...
    Found 78 photos, kept 16 for scoring
  [1447/4056] Eastern Blue-eyed Grass (Sisyrinchium atlanticum)...
    Found 73 photos, kept 16 for scoring
  [1448/4056] Willow Moss (Fontinalis antipyretica)...
    Found 75 photos, kept 16 for scoring
  [1449/4056] coralberry (Symphoricarpos orbiculatus)...
    Found 50 photos, kept 16 for scoring
  [1450/4056] bulbous cress (Cardamine bulbosa)...
    Found 93 photos, kept 16 for scoring
  [1451/4056] Spanish Stonecrop (Sedum hispanicum)...
    Found 36 photos, kept 16 for scoring
  [1452/4056] Aaron's rod (Thermopsis villosa)...
    Found 41 photos, kept 16 for scoring
  [1453/4056] Greek Anemone (Anemonoides blanda)...
    Found 32 photos, kept 16 for scoring
  [1454/4056] Seneca snakeroot (Senega officinalis)...
    Found 56 photos, kept 16 for scoring
  [1455/4056] field maple (Acer campestre)...
    Found 44 photos, kept 16 for scoring
  [1456/4056] spearmint (Mentha spicata)...
    Found 40 photos, kept 16 for scoring
  [1457/4056] smooth Solomon's seal (Polygonatum biflorum)...
    Found 51 photos, kept 16 for scoring
  [1458/4056] plantain-leaved pussytoes (Antennaria plantaginifolia)...
    Found 69 photos, kept 16 for scoring
  [1459/4056] Bush Vetch (Vicia sepium)...
    Found 53 photos, kept 16 for scoring
  [1460/4056] Maryland Tick-trefoil (Desmodium marilandicum)...
    Found 83 photos, kept 16 for scoring
  [1461/4056] Thunberg's Geranium (Geranium thunbergii)...
    Found 79 photos, kept 16 for scoring
  [1462/4056] Japanese Primrose (Primula japonica)...
    Found 49 photos, kept 16 for scoring
  [1463/4056] Pediastrum duplex (Pediastrum duplex)...
    Found 30 photos, kept 16 for scoring
  [1464/4056] Spanish Bluebell (Hyacinthoides hispanica)...
    Found 42 photos, kept 16 for scoring
  [1465/4056] Garden Grape-hyacinth (Muscari armeniacum)...
    Found 36 photos, kept 16 for scoring
  [1466/4056] Bog Yellowcress (Rorippa palustris)...
    Found 86 photos, kept 16 for scoring
  [1467/4056] Black Snakeroot (Sanicula canadensis)...
    Found 95 photos, kept 16 for scoring
  [1468/4056] cut-leaf goldenrod (Solidago arguta)...
    Found 72 photos, kept 16 for scoring
  [1469/4056] white grass (Leersia virginica)...
    Found 57 photos, kept 16 for scoring
  [1470/4056] Yellow Fumitory (Pseudofumaria lutea)...
    Found 42 photos, kept 16 for scoring
  [1471/4056] Spurred Gentian (Halenia deflexa)...
    Found 84 photos, kept 16 for scoring
  [1472/4056] Elliott's goldenrod (Solidago latissimifolia)...
    Found 83 photos, kept 16 for scoring
  [1473/4056] nodding spurge (Euphorbia nutans)...
    Found 87 photos, kept 16 for scoring
  [1474/4056] Micrasterias truncata (Micrasterias truncata)...
    Found 45 photos, kept 16 for scoring
  [1475/4056] alpine rattlesnake root (Nabalus boottii)...
    Found 36 photos, kept 16 for scoring
  [1476/4056] Creeping Spearwort (Ranunculus reptans)...
    Found 60 photos, kept 16 for scoring
  [1477/4056] wood anemone (Anemonoides nemorosa)...
    Found 50 photos, kept 16 for scoring
  [1478/4056] Osage-orange (Maclura pomifera)...
    Found 33 photos, kept 16 for scoring
  [1479/4056] dwarf snapdragon (Chaenorhinum minus)...
    Found 74 photos, kept 16 for scoring
  [1480/4056] three-petal bedstraw (Galium trifidum)...
    Found 69 photos, kept 16 for scoring
  [1481/4056] Canada Rush (Juncus canadensis)...
    Found 83 photos, kept 16 for scoring
  [1482/4056] eastern gamagrass (Tripsacum dactyloides)...
    Found 85 photos, kept 16 for scoring
  [1483/4056] Bambusina borreri (Bambusina borreri)...
    Found 24 photos, kept 16 for scoring
  [1484/4056] Salamander Algae (Oophila amblystomatis)...
    Found 44 photos, kept 16 for scoring
  [1485/4056] Laceshrub (Neillia incisa)...
    Found 51 photos, kept 16 for scoring
  [1486/4056] poison hemlock (Conium maculatum)...
    Found 71 photos, kept 16 for scoring
  [1487/4056] showy mountain-ash (Sorbus decora)...
    Found 61 photos, kept 16 for scoring
  [1488/4056] Carolina crane's-bill (Geranium carolinianum)...
    Found 79 photos, kept 16 for scoring
  [1489/4056] white fir (Abies concolor)...
    Found 64 photos, kept 16 for scoring
  [1490/4056] Mexican tea (Dysphania ambrosioides)...
    Found 47 photos, kept 16 for scoring
  [1491/4056] Fowl Mannagrass (Glyceria striata)...
    Found 80 photos, kept 16 for scoring
  [1492/4056] blue phlox (Phlox divaricata)...
    Found 32 photos, kept 16 for scoring
  [1493/4056] Drooping Star-of-Bethlehem (Ornithogalum nutans)...
    Found 41 photos, kept 16 for scoring
  [1494/4056] false Irish moss (Mastocarpus stellatus)...
    Found 36 photos, kept 16 for scoring
  [1495/4056] american water-plantain (Alisma subcordatum)...
    Found 82 photos, kept 16 for scoring
  [1496/4056] Balsam Willow (Salix pyrifolia)...
    Found 83 photos, kept 16 for scoring
  [1497/4056] Redroot Amaranth (Amaranthus retroflexus)...
    Found 44 photos, kept 16 for scoring
  [1498/4056] lanceleaf arnica (Arnica lanceolata)...
    Found 126 photos, kept 16 for scoring
  [1499/4056] Slender Fimbry (Fimbristylis autumnalis)...
    Found 75 photos, kept 16 for scoring
  [1500/4056] Red Peatmoss (Sphagnum rubellum)...
    Found 109 photos, kept 16 for scoring
  [1501/4056] Brownish Sedge (Carex brunnescens)...
    Found 70 photos, kept 16 for scoring
  [1502/4056] Tall Beakrush (Rhynchospora macrostachya)...
    Found 81 photos, kept 16 for scoring
  [1503/4056] Slender Arrowhead (Sagittaria teres)...
    Found 45 photos, kept 16 for scoring
  [1504/4056] Smooth Meadow-grass (Poa pratensis)...
    Found 61 photos, kept 16 for scoring
  [1505/4056] love-in-a-mist (Nigella damascena)...
    Found 42 photos, kept 16 for scoring
  [1506/4056] hoary vervain (Verbena stricta)...
    Found 45 photos, kept 16 for scoring
  [1507/4056] golden sedge (Carex aurea)...
    Found 67 photos, kept 16 for scoring
  [1508/4056] Hydrilla (Hydrilla verticillata)...
    Found 66 photos, kept 16 for scoring
  [1509/4056] beach-head iris (Iris hookeri)...
    Found 73 photos, kept 16 for scoring
  [1510/4056] Gallant Soldier (Galinsoga parviflora)...
    Found 37 photos, kept 16 for scoring
  [1511/4056] brittle bladderfern (Cystopteris fragilis)...
    Found 83 photos, kept 16 for scoring
  [1512/4056] Garden Lobelia (Lobelia erinus)...
    Found 42 photos, kept 16 for scoring
  [1513/4056] Ohio spiderwort (Tradescantia ohiensis)...
    Found 42 photos, kept 16 for scoring
  [1514/4056] green dragon (Arisaema dracontium)...
    Found 47 photos, kept 16 for scoring
  [1515/4056] Creeping Fingerwort (Lepidozia reptans)...
    Found 69 photos, kept 16 for scoring
  [1516/4056] balsam ragwort (Packera paupercula)...
    Found 80 photos, kept 16 for scoring
  [1517/4056] Tidalmarsh Amaranth (Amaranthus cannabinus)...
    Found 88 photos, kept 16 for scoring
  [1518/4056] forked witchgrass (Dichanthelium dichotomum)...
    Found 57 photos, kept 16 for scoring
  [1519/4056] Brown-fruit Rush (Juncus pelocarpus)...
    Found 58 photos, kept 16 for scoring
  [1520/4056] Carolina redroot (Lachnanthes caroliana)...
    Found 50 photos, kept 16 for scoring
  [1521/4056] Midwestern Arrowhead (Sagittaria brevirostra)...
    Found 121 photos, kept 16 for scoring
  [1522/4056] Asa Gray's Scalewort (Frullania asagrayana)...
    Found 93 photos, kept 16 for scoring
  [1523/4056] Sweet Mock Orange (Philadelphus coronarius)...
    Found 46 photos, kept 16 for scoring
  [1524/4056] Small Whorled Pogonia (Isotria medeoloides)...
    Found 74 photos, kept 16 for scoring
  [1525/4056] Cannabis (Cannabis sativa)...
    Found 33 photos, kept 16 for scoring
  [1526/4056] mountain spleenwort (Asplenium montanum)...
    Found 85 photos, kept 16 for scoring
  [1527/4056] white rattlesnake root (Nabalus albus)...
    Found 54 photos, kept 16 for scoring
  [1528/4056] Virginia mountain mint (Pycnanthemum virginianum)...
    Found 88 photos, kept 16 for scoring
  [1529/4056] New England Hawkweed (Hieracium sabaudum)...
    Found 64 photos, kept 16 for scoring
  [1530/4056] large-fruited sanicle (Sanicula trifoliata)...
    Found 86 photos, kept 16 for scoring
  [1531/4056] cutleaf deadnettle (Lamium hybridum)...
    Found 34 photos, kept 16 for scoring
  [1532/4056] Largeleaf White Violet (Viola incognita)...
    Found 55 photos, kept 16 for scoring
  [1533/4056] sweet cicely (Myrrhis odorata)...
    Found 34 photos, kept 16 for scoring
  [1534/4056] white fringetree (Chionanthus virginicus)...
    Found 60 photos, kept 16 for scoring
  [1535/4056] Floating Crystalwort (Riccia fluitans)...
    Found 59 photos, kept 16 for scoring
  [1536/4056] Common Kettlewort (Blasia pusilla)...
    Found 63 photos, kept 16 for scoring
  [1537/4056] Grape hyacinth (Muscari neglectum)...
    Found 40 photos, kept 16 for scoring
  [1538/4056] Tall Beggarticks (Bidens vulgata)...
    Found 70 photos, kept 16 for scoring
  [1539/4056] sessile-fruited arrowhead (Sagittaria rigida)...
    Found 116 photos, kept 16 for scoring
  [1540/4056] Bog Jacob's-ladder (Polemonium vanbruntiae)...
    Found 134 photos, kept 16 for scoring
  [1541/4056] Thin Paspalum (Paspalum setaceum)...
    Found 132 photos, kept 16 for scoring
  [1542/4056] Estuary Beggarticks (Bidens hyperborea)...
    Found 92 photos, kept 16 for scoring
  [1543/4056] Slender Mannagrass (Glyceria melicaria)...
    Found 68 photos, kept 16 for scoring
  [1544/4056] Hairy Crabgrass (Digitaria sanguinalis)...
    Found 53 photos, kept 16 for scoring
  [1545/4056] sand cherry (Prunus pumila)...
    Found 74 photos, kept 16 for scoring
  [1546/4056] squashberry (Viburnum edule)...
    Found 66 photos, kept 16 for scoring
  [1547/4056] white-tinged sedge (Carex albicans)...
    Found 111 photos, kept 16 for scoring
  [1548/4056] Narrow-leaved Bush Clover (Lespedeza angustifolia)...
    Found 51 photos, kept 16 for scoring
  [1549/4056] Lowland Loosestrife (Lysimachia hybrida)...
    Found 91 photos, kept 16 for scoring
  [1550/4056] fen crowfoot (Ranunculus caricetorum)...
    Found 84 photos, kept 16 for scoring
  [1551/4056] Nettle-leaved Bellflower (Campanula trachelium)...
    Found 47 photos, kept 16 for scoring
  [1552/4056] purple amaranth (Amaranthus blitum)...
    Found 58 photos, kept 16 for scoring
  [1553/4056] Canada hawkweed (Hieracium umbellatum)...
    Found 55 photos, kept 16 for scoring
  [1554/4056] Blunt Spikerush (Eleocharis obtusa)...
    Found 84 photos, kept 16 for scoring
  [1555/4056] Small-flower Woodrush (Luzula parviflora)...
    Found 57 photos, kept 16 for scoring
  [1556/4056] spatterdock (Nuphar advena)...
    Found 76 photos, kept 16 for scoring
  [1557/4056] brome-like sedge (Carex bromoides)...
    Found 85 photos, kept 16 for scoring
  [1558/4056] Canadian serviceberry (Amelanchier canadensis)...
    Found 85 photos, kept 16 for scoring
  [1559/4056] Tuckerman's sedge (Carex tuckermanii)...
    Found 58 photos, kept 16 for scoring
  [1560/4056] white moss (Leucobryum albidum)...
    Found 37 photos, kept 16 for scoring
  [1561/4056] Matchstick Flapwort (Odontoschisma denudatum)...
    Found 66 photos, kept 16 for scoring
  [1562/4056] Hutchins' Pincushion (Ulota hutchinsiae)...
    Found 59 photos, kept 16 for scoring
  [1563/4056] Christmas berry (Pourthiaea villosa)...
    Found 51 photos, kept 16 for scoring
  [1564/4056] American sweetgum (Liquidambar styraciflua)...
    Found 50 photos, kept 16 for scoring
  [1565/4056] delta mudwort (Limosella australis)...
    Found 77 photos, kept 16 for scoring
  [1566/4056] Common Pear (Pyrus communis)...
    Found 40 photos, kept 16 for scoring
  [1567/4056] clammy hedge-hyssop (Gratiola neglecta)...
    Found 68 photos, kept 16 for scoring
  [1568/4056] Richardson's pondweed (Potamogeton richardsonii)...
    Found 59 photos, kept 16 for scoring
  [1569/4056] Giant Hogweed (Heracleum mantegazzianum)...
    Found 69 photos, kept 16 for scoring
  [1570/4056] prickly bog sedge (Carex atlantica)...
    Found 65 photos, kept 16 for scoring
  [1571/4056] Spotted Hawkweed (Hieracium maculatum)...
    Found 45 photos, kept 16 for scoring
  [1572/4056] Netrium digitus (Netrium digitus)...
    Found 36 photos, kept 16 for scoring
  [1573/4056] common cocklebur (Xanthium orientale)...
    Found 69 photos, kept 16 for scoring
  [1574/4056] Snapdragon (Antirrhinum majus)...
    Found 26 photos, kept 16 for scoring
  [1575/4056] corn mint (Mentha arvensis)...
    Found 46 photos, kept 16 for scoring
  [1576/4056] annual saltmarsh aster (Symphyotrichum subulatum)...
    Found 74 photos, kept 16 for scoring
  [1577/4056] False Daisy (Eclipta prostrata)...
    Found 68 photos, kept 16 for scoring
  [1578/4056] opium poppy (Papaver somniferum)...
    Found 31 photos, kept 16 for scoring
  [1579/4056] nodding onion (Allium cernuum)...
    Found 31 photos, kept 16 for scoring
  [1580/4056] smooth cliffbrake (Pellaea glabella)...
    Found 49 photos, kept 16 for scoring
  [1581/4056] katsura tree (Cercidiphyllum japonicum)...
    Found 46 photos, kept 16 for scoring
  [1582/4056] Japanese painted fern (Athyrium niponicum)...
    Found 26 photos, kept 16 for scoring
  [1583/4056] Bug-on-a-stick (Buxbaumia aphylla)...
    Found 61 photos, kept 16 for scoring
  [1584/4056] chestnut sedge (Carex castanea)...
    Found 74 photos, kept 16 for scoring
  [1585/4056] Umbrella Flatsedge (Cyperus diandrus)...
    Found 55 photos, kept 16 for scoring
  [1586/4056] Little-leaf Tick-clover (Desmodium ciliare)...
    Found 69 photos, kept 16 for scoring
  [1587/4056] Sticky False Asphodel (Triantha glutinosa)...
    Found 71 photos, kept 16 for scoring
  [1588/4056] Northeastern Bladderwort (Utricularia resupinata)...
    Found 67 photos, kept 16 for scoring
  [1589/4056] Reflexed Stonecrop (Petrosedum rupestre)...
    Found 35 photos, kept 16 for scoring
  [1590/4056] oak-leaved goosefoot (Oxybasis glauca)...
    Found 58 photos, kept 16 for scoring
  [1591/4056] sicklepod (Borodinia canadensis)...
    Found 52 photos, kept 16 for scoring
  [1592/4056] Fennel-leaf Pondweed (Stuckenia pectinata)...
    Found 60 photos, kept 16 for scoring
  [1593/4056] coriander (Coriandrum sativum)...
    Found 38 photos, kept 16 for scoring
  [1594/4056] American pumpkin (Cucurbita pepo)...
    Found 36 photos, kept 16 for scoring
  [1595/4056] northern paintbrush (Castilleja septentrionalis)...
    Found 68 photos, kept 16 for scoring
  [1596/4056] Northern Blueberry (Vaccinium boreale)...
    Found 77 photos, kept 16 for scoring
  [1597/4056] southern lady fern (Athyrium asplenioides)...
    Found 67 photos, kept 16 for scoring
  [1598/4056] Southern Twayblade (Neottia bifolia)...
    Found 88 photos, kept 16 for scoring
  [1599/4056] cattail sedge (Carex typhina)...
    Found 88 photos, kept 16 for scoring
  [1600/4056] roadside agrimony (Agrimonia striata)...
    Found 62 photos, kept 16 for scoring
  [1601/4056] Arumleaf Arrowhead (Sagittaria cuneata)...
    Found 63 photos, kept 16 for scoring
  [1602/4056] Donkey Tail (Euphorbia myrsinites)...
    Found 27 photos, kept 16 for scoring
  [1603/4056] Little Sweet Betsy (Trillium cuneatum)...
    Found 36 photos, kept 16 for scoring
  [1604/4056] Sandplain Flax (Linum intercursum)...
    Found 64 photos, kept 16 for scoring
  [1605/4056] Susquehana Sandcherry (Prunus susquehanae)...
    Found 68 photos, kept 16 for scoring
  [1606/4056] Small-Flower Halfchaff Sedge (Cyperus subsquarrosus)...
    Found 63 photos, kept 16 for scoring
  [1607/4056] Whorled Milkwort (Senega verticillata)...
    Found 58 photos, kept 16 for scoring
  [1608/4056] Meadow Crane's-bill (Geranium pratense)...
    Found 45 photos, kept 16 for scoring
  [1609/4056] Siberian bugloss (Brunnera macrophylla)...
    Found 27 photos, kept 16 for scoring
  [1610/4056] Sacred Datura (Datura wrightii)...
    Found 34 photos, kept 16 for scoring
  [1611/4056] Japanese andromeda (Pieris japonica)...
    Found 41 photos, kept 16 for scoring
  [1612/4056] meadow horsetail (Equisetum pratense)...
    Found 47 photos, kept 16 for scoring
  [1613/4056] broad-leaved panic grass (Dichanthelium latifolium)...
    Found 69 photos, kept 16 for scoring
  [1614/4056] eastern woodland sedge (Carex blanda)...
    Found 62 photos, kept 16 for scoring
  [1615/4056] Slender Three-seeded Mercury (Acalypha gracilens)...
    Found 61 photos, kept 16 for scoring
  [1616/4056] Hoary Mountainmint (Pycnanthemum incanum)...
    Found 60 photos, kept 16 for scoring
  [1617/4056] Club Pincushion (Ulota coarctata)...
    Found 48 photos, kept 16 for scoring
  [1618/4056] Devil's Tongue Weed (Grateloupia turuturu)...
    Found 37 photos, kept 16 for scoring
  [1619/4056] Annual Meadow-grass (Poa annua)...
    Found 56 photos, kept 16 for scoring
  [1620/4056] Smooth Beggarticks (Bidens laevis)...
    Found 44 photos, kept 16 for scoring
  [1621/4056] rocketsalad (Eruca vesicaria)...
    Found 33 photos, kept 16 for scoring
  [1622/4056] closed bottle gentian (Gentiana andrewsii)...
    Found 59 photos, kept 16 for scoring
  [1623/4056] Asian mazus (Mazus pumilus)...
    Found 47 photos, kept 16 for scoring
  [1624/4056] Common Buckwheat (Fagopyrum esculentum)...
    Found 33 photos, kept 16 for scoring
  [1625/4056] Hooker's Orchid (Platanthera hookeri)...
    Found 70 photos, kept 16 for scoring
  [1626/4056] Japanese wisteria (Wisteria floribunda)...
    Found 40 photos, kept 16 for scoring
  [1627/4056] Heartleaf Twayblade (Neottia cordata)...
    Found 108 photos, kept 16 for scoring
  [1628/4056] redtop panicgrass (Coleataenia rigidula)...
    Found 87 photos, kept 16 for scoring
  [1629/4056] Common Pea (Pisum sativum)...
    Found 30 photos, kept 16 for scoring
  [1630/4056] Solomon's-seal (Polygonatum multiflorum)...
    Found 42 photos, kept 16 for scoring
  [1631/4056] green spleenwort (Asplenium viride)...
    Found 81 photos, kept 16 for scoring
  [1632/4056] musk thistle (Carduus nutans)...
    Found 53 photos, kept 16 for scoring
  [1633/4056] water fringe (Nymphoides peltata)...
    Found 26 photos, kept 16 for scoring
  [1634/4056] crane-fly orchid (Tipularia discolor)...
    Found 116 photos, kept 16 for scoring
  [1635/4056] whorled milkweed (Asclepias verticillata)...
    Found 68 photos, kept 16 for scoring
  [1636/4056] Dotted Thyme-moss (Rhizomnium punctatum)...
    Found 60 photos, kept 16 for scoring
  [1637/4056] New England sedge (Carex novae-angliae)...
    Found 64 photos, kept 16 for scoring
  [1638/4056] upland boneset (Eupatorium sessilifolium)...
    Found 57 photos, kept 16 for scoring
  [1639/4056] Appalachian clubmoss (Huperzia appalachiana)...
    Found 41 photos, kept 16 for scoring
  [1640/4056] Smooth Winterberry (Ilex laevigata)...
    Found 96 photos, kept 16 for scoring
  [1641/4056] moss rose (Portulaca grandiflora)...
    Found 36 photos, kept 16 for scoring
  [1642/4056] hookedspur violet (Viola adunca)...
    Found 123 photos, kept 16 for scoring
  [1643/4056] Canada plum (Prunus nigra)...
    Found 66 photos, kept 16 for scoring
  [1644/4056] Needle Spikerush (Eleocharis acicularis)...
    Found 65 photos, kept 16 for scoring
  [1645/4056] appressed bog clubmoss (Lycopodiella appressa)...
    Found 71 photos, kept 16 for scoring
  [1646/4056] Buxbaum's sedge (Carex buxbaumii)...
    Found 83 photos, kept 16 for scoring
  [1647/4056] Peach (Prunus persica)...
    Found 48 photos, kept 16 for scoring
  [1648/4056] ivory sedge (Carex eburnea)...
    Found 56 photos, kept 16 for scoring
  [1649/4056] showy goldenrod (Solidago speciosa)...
    Found 73 photos, kept 16 for scoring
  [1650/4056] European water-horehound (Lycopus europaeus)...
    Found 53 photos, kept 16 for scoring
  [1651/4056] Bailey's Sedge (Carex baileyi)...
    Found 48 photos, kept 16 for scoring
  [1652/4056] Coastal Plain Blue-eyed Grass (Sisyrinchium fuscatum)...
    Found 49 photos, kept 16 for scoring
  [1653/4056] toothed peatmoss (Sphagnum cuspidatum)...
    Found 129 photos, kept 16 for scoring
  [1654/4056] Large-leaved Bog Orchid (Platanthera macrophylla)...
    Found 97 photos, kept 16 for scoring
  [1655/4056] primrose-leaved violet (Viola primulifolia)...
    Found 76 photos, kept 16 for scoring
  [1656/4056] weft fern (Crepidomanes intricatum)...
    Found 64 photos, kept 16 for scoring
  [1657/4056] Maltese-cross (Silene chalcedonica)...
    Found 29 photos, kept 16 for scoring
  [1658/4056] Dusky Crane's-bill (Geranium phaeum)...
    Found 32 photos, kept 16 for scoring
  [1659/4056] Marsh Woundwort (Stachys palustris)...
    Found 46 photos, kept 16 for scoring
  [1660/4056] green-and-white sedge (Carex longii)...
    Found 63 photos, kept 16 for scoring
  [1661/4056] slender cottongrass (Eriophorum gracile)...
    Found 122 photos, kept 16 for scoring
  [1662/4056] max chrysanthemum (Leucanthemum maximum)...
    Found 26 photos, kept 16 for scoring
  [1663/4056] Kentucky yellowwood (Cladrastis kentukea)...
    Found 58 photos, kept 16 for scoring
  [1664/4056] northern redcurrant (Ribes triste)...
    Found 82 photos, kept 16 for scoring
  [1665/4056] Common Figwort (Scrophularia nodosa)...
    Found 58 photos, kept 16 for scoring
  [1666/4056] sweetbay magnolia (Magnolia virginiana)...
    Found 40 photos, kept 16 for scoring
  [1667/4056] rosy sedge (Carex rosea)...
    Found 74 photos, kept 16 for scoring
  [1668/4056] Green Mountain maidenhair fern (Adiantum viridimontanum)...
    Found 91 photos, kept 16 for scoring
  [1669/4056] downy arrowwood (Viburnum rafinesqueanum)...
    Found 58 photos, kept 16 for scoring
  [1670/4056] green adder's-mouth (Malaxis unifolia)...
    Found 90 photos, kept 16 for scoring
  [1671/4056] smooth black sedge (Carex nigra)...
    Found 58 photos, kept 16 for scoring
  [1672/4056] Low Water-milfoil (Myriophyllum humile)...
    Found 49 photos, kept 16 for scoring
  [1673/4056] Pinnate Scalewort (Porella pinnata)...
    Found 77 photos, kept 16 for scoring
  [1674/4056] Staurodesmus extensus (Staurodesmus extensus)...
    Found 34 photos, kept 16 for scoring
  [1675/4056] mosquito bulrush (Scirpus hattorianus)...
    Found 59 photos, kept 16 for scoring
  [1676/4056] Ram's-head Lady's Slipper (Cypripedium arietinum)...
    Found 53 photos, kept 16 for scoring
  [1677/4056] pipevine (Aristolochia macrophylla)...
    Found 40 photos, kept 16 for scoring
  [1678/4056] Harlequin glorybower (Clerodendrum trichotomum)...
    Found 34 photos, kept 16 for scoring
  [1679/4056] sharpwing monkeyflower (Mimulus alatus)...
    Found 59 photos, kept 16 for scoring
  [1680/4056] Flattened Oatgrass (Danthonia compressa)...
    Found 84 photos, kept 16 for scoring
  [1681/4056] clustered sedge (Carex cumulata)...
    Found 80 photos, kept 16 for scoring
  [1682/4056] Ohio Haircap Moss (Polytrichum ohioense)...
    Found 44 photos, kept 16 for scoring
  [1683/4056] lion's foot rattlesnake root (Nabalus serpentaria)...
    Found 80 photos, kept 16 for scoring
  [1684/4056] Euastrum bidentatum (Euastrum bidentatum)...
    Found 36 photos, kept 16 for scoring
  [1685/4056] apple-of-Peru (Nicandra physalodes)...
    Found 32 photos, kept 16 for scoring
  [1686/4056] smooth rose (Rosa blanda)...
    Found 89 photos, kept 16 for scoring
  [1687/4056] swamp beggarticks (Bidens discoidea)...
    Found 67 photos, kept 16 for scoring
  [1688/4056] rattlesnake master (Eryngium yuccifolium)...
    Found 43 photos, kept 16 for scoring
  [1689/4056] shaved sedge (Carex tonsa)...
    Found 91 photos, kept 16 for scoring
  [1690/4056] Stiff Marsh Bedstraw (Galium tinctorium)...
    Found 68 photos, kept 16 for scoring
  [1691/4056] twinleaf (Jeffersonia diphylla)...
    Found 32 photos, kept 16 for scoring
  [1692/4056] Common Thelia (Thelia hirtella)...
    Found 74 photos, kept 16 for scoring
  [1693/4056] Fern-leaf Yarrow (Achillea filipendulina)...
    Found 29 photos, kept 16 for scoring
  [1694/4056] Greater Straw Sedge (Carex normalis)...
    Found 71 photos, kept 16 for scoring
  [1695/4056] drooping sedge (Carex prasina)...
    Found 80 photos, kept 16 for scoring
  [1696/4056] spineless hornwort (Ceratophyllum echinatum)...
    Found 41 photos, kept 16 for scoring
  [1697/4056] Golden-bell (Forsythia suspensa)...
    Found 31 photos, kept 16 for scoring
  [1698/4056] Spiral Pondweed (Potamogeton spirillus)...
    Found 99 photos, kept 16 for scoring
  [1699/4056] Smooth Blackberry (Rubus canadensis)...
    Found 58 photos, kept 16 for scoring
  [1700/4056] Bridal-wreath (Spiraea prunifolia)...
    Found 44 photos, kept 16 for scoring
  [1701/4056] Alpine Sweetgrass (Anthoxanthum monticola)...
    Found 55 photos, kept 16 for scoring
  [1702/4056] Tall Cinquefoil (Drymocallis arguta)...
    Found 61 photos, kept 16 for scoring
  [1703/4056] low St. John's wort (Hypericum stragulum)...
    Found 51 photos, kept 16 for scoring
  [1704/4056] large twayblade (Liparis liliifolia)...
    Found 39 photos, kept 16 for scoring
  [1705/4056] Field madder (Sherardia arvensis)...
    Found 55 photos, kept 16 for scoring
  [1706/4056] black maple (Acer nigrum)...
    Found 76 photos, kept 16 for scoring
  [1707/4056] Running Serviceberry (Amelanchier stolonifera)...
    Found 98 photos, kept 16 for scoring
  [1708/4056] grass-leaved pondweed (Potamogeton gramineus)...
    Found 66 photos, kept 16 for scoring
  [1709/4056] Eurasian Sweet-Flag (Acorus calamus)...
    Found 52 photos, kept 16 for scoring
  [1710/4056] wahoo (Euonymus atropurpureus)...
    Found 45 photos, kept 16 for scoring
  [1711/4056] cream violet (Viola striata)...
    Found 50 photos, kept 16 for scoring
  [1712/4056] Yellow-fruited Sedge (Carex annectens)...
    Found 63 photos, kept 16 for scoring
  [1713/4056] Michaux's sedge (Carex michauxiana)...
    Found 51 photos, kept 16 for scoring
  [1714/4056] White Bear Sedge (Carex albursina)...
    Found 45 photos, kept 16 for scoring
  [1715/4056] fragrant wood fern (Dryopteris fragrans)...
    Found 148 photos, kept 16 for scoring
  [1716/4056] hogweed (Heracleum sphondylium)...
    Found 102 photos, kept 16 for scoring
  [1717/4056] Spirotaenia condensata (Spirotaenia condensata)...
    Found 24 photos, kept 16 for scoring
  [1718/4056] Stauridium tetras (Stauridium tetras)...
    Found 33 photos, kept 16 for scoring
  [1719/4056] Hedge mustard (Sisymbrium officinale)...
    Found 67 photos, kept 16 for scoring
  [1720/4056] Spring Crocus (Crocus vernus)...
    Found 40 photos, kept 16 for scoring
  [1721/4056] Cavernous Crystalwort (Riccia cavernosa)...
    Found 41 photos, kept 16 for scoring
  [1722/4056] Siberian elm (Ulmus pumila)...
    Found 46 photos, kept 16 for scoring
  [1723/4056] Lyreleaf Rockcress (Arabidopsis lyrata)...
    Found 71 photos, kept 16 for scoring
  [1724/4056] lemon beebalm (Monarda citriodora)...
    Found 29 photos, kept 16 for scoring
  [1725/4056] Flat-top Bogmoss (Sphagnum fallax)...
    Found 126 photos, kept 16 for scoring
  [1726/4056] northern green-and-gold (Chrysogonum virginianum)...
    Found 20 photos, kept 16 for scoring
  [1727/4056] Blackhaw (Viburnum prunifolium)...
    Found 42 photos, kept 16 for scoring
  [1728/4056] Gray's Flatsedge (Cyperus grayi)...
    Found 57 photos, kept 16 for scoring
  [1729/4056] Woolly Foxglove (Digitalis lanata)...
    Found 45 photos, kept 16 for scoring
  [1730/4056] round-fruited rosette-panicgrass (Dichanthelium sphaerocarpon)...
    Found 73 photos, kept 16 for scoring
  [1731/4056] Least Willow (Salix herbacea)...
    Found 67 photos, kept 16 for scoring
  [1732/4056] Floating Bur-reed (Sparganium fluctuans)...
    Found 52 photos, kept 16 for scoring
  [1733/4056] rock sandwort (Sabulina michauxii)...
    Found 62 photos, kept 16 for scoring
  [1734/4056] Maize (Zea mays)...
    Found 33 photos, kept 16 for scoring
  [1735/4056] Western Wallflower (Erysimum capitatum)...
    Found 41 photos, kept 16 for scoring
  [1736/4056] Sweet violet (Viola odorata)...
    Found 51 photos, kept 16 for scoring
  [1737/4056] Dog-rose (Rosa canina)...
    Found 41 photos, kept 16 for scoring
  [1738/4056] lizard's tail (Saururus cernuus)...
    Found 45 photos, kept 16 for scoring
  [1739/4056] woolly sedge (Carex pellita)...
    Found 63 photos, kept 16 for scoring
  [1740/4056] ivy-leaved morning-glory (Ipomoea hederacea)...
    Found 49 photos, kept 16 for scoring
  [1741/4056] Sacred Lotus (Nelumbo nucifera)...
    Found 39 photos, kept 16 for scoring
  [1742/4056] Robbins' Milkvetch (Astragalus robbinsii)...
    Found 125 photos, kept 16 for scoring
  [1743/4056] Starry Bristle Moss (Orthotrichum stellatum)...
    Found 57 photos, kept 16 for scoring
  [1744/4056] Bashful Bulrush (Trichophorum planifolium)...
    Found 78 photos, kept 16 for scoring
  [1745/4056] smooth woodsia (Woodsia glabella)...
    Found 84 photos, kept 16 for scoring
  [1746/4056] smooth hawkweed (Pilosella piloselloides)...
    Found 46 photos, kept 16 for scoring
  [1747/4056] Surprise Lily (Lycoris squamigera)...
    Found 24 photos, kept 16 for scoring
  [1748/4056] Xanthidium cristatum (Xanthidium cristatum)...
    Found 23 photos, kept 16 for scoring
  [1749/4056] Eastern Pricklypear (Opuntia cespitosa)...
    Found 48 photos, kept 16 for scoring
  [1750/4056] black-fruit mountain-ricegrass (Patis racemosa)...
    Found 71 photos, kept 16 for scoring
  [1751/4056] spring crocus (Crocus neapolitanus)...
    Found 36 photos, kept 16 for scoring
  [1752/4056] prairie blazing star (Liatris pycnostachya)...
    Found 39 photos, kept 16 for scoring
  [1753/4056] Arctic Butterbur (Petasites frigidus)...
    Found 85 photos, kept 16 for scoring
  [1754/4056] American lyme grass (Leymus mollis)...
    Found 70 photos, kept 16 for scoring
  [1755/4056] mud sedge (Carex limosa)...
    Found 80 photos, kept 16 for scoring
  [1756/4056] Bulrush Sedge (Carex scirpoidea)...
    Found 57 photos, kept 16 for scoring
  [1757/4056] dwarf crested iris (Iris cristata)...
    Found 26 photos, kept 16 for scoring
  [1758/4056] purple milkweed (Asclepias purpurascens)...
    Found 57 photos, kept 16 for scoring
  [1759/4056] alpine bistort (Bistorta vivipara)...
    Found 44 photos, kept 16 for scoring
  [1760/4056] oval-headed sedge (Carex cephalophora)...
    Found 77 photos, kept 16 for scoring
  [1761/4056] Russow's Peatmoss (Sphagnum russowii)...
    Found 144 photos, kept 16 for scoring
  [1762/4056] American Sweet-Flag (Acorus americanus)...
    Found 52 photos, kept 16 for scoring
  [1763/4056] Sea-buckthorn (Hippophae rhamnoides)...
    Found 35 photos, kept 16 for scoring
  [1764/4056] Great St. John's Wort (Hypericum ascyron)...
    Found 85 photos, kept 16 for scoring
  [1765/4056] Early Buttercup (Ranunculus fascicularis)...
    Found 64 photos, kept 16 for scoring
  [1766/4056] Northern Shorthusk (Brachyelytrum aristosum)...
    Found 59 photos, kept 16 for scoring
  [1767/4056] Ridged Yellow Flax (Linum striatum)...
    Found 99 photos, kept 16 for scoring
  [1768/4056] Staurastrum arctiscon (Staurastrum arctiscon)...
    Found 43 photos, kept 16 for scoring
  [1769/4056] Billings' sedge (Carex billingsii)...
    Found 48 photos, kept 16 for scoring
  [1770/4056] European holly (Ilex aquifolium)...
    Found 30 photos, kept 16 for scoring
  [1771/4056] Sorghums (Sorghum bicolor)...
    Found 35 photos, kept 16 for scoring
  [1772/4056] Moss Campion (Silene acaulis)...
    Found 48 photos, kept 16 for scoring
  [1773/4056] land cress (Barbarea verna)...
    Found 39 photos, kept 16 for scoring
  [1774/4056] bay forget-me-not (Myosotis laxa)...
    Found 71 photos, kept 16 for scoring
  [1775/4056] Pennsylvania pellitory (Parietaria pensylvanica)...
    Found 61 photos, kept 16 for scoring
  [1776/4056] Branched Plantain (Plantago arenaria)...
    Found 36 photos, kept 16 for scoring
  [1777/4056] Dewey's sedge (Carex deweyana)...
    Found 84 photos, kept 16 for scoring
  [1778/4056] Caraway (Carum carvi)...
    Found 35 photos, kept 16 for scoring
  [1779/4056] wavy-leaved violet (Viola subsinuata)...
    Found 57 photos, kept 16 for scoring
  [1780/4056] Climbing Hydrangea (Hydrangea petiolaris)...
    Found 33 photos, kept 16 for scoring
  [1781/4056] Staurastrum longispinum (Staurastrum longispinum)...
    Found 32 photos, kept 16 for scoring
  [1782/4056] Nuttall's Reedgrass (Greeneochloa coarctata)...
    Found 131 photos, kept 16 for scoring
  [1783/4056] little green sedge (Carex oederi)...
    Found 62 photos, kept 16 for scoring
  [1784/4056] ambiguous whorled milkwort (Senega ambigua)...
    Found 91 photos, kept 16 for scoring
  [1785/4056] dark green bulrush (Scirpus atrovirens)...
    Found 58 photos, kept 16 for scoring
  [1786/4056] Wulf's Peatmoss (Sphagnum wulfianum)...
    Found 55 photos, kept 16 for scoring
  [1787/4056] Hairy bedstraw (Galium pilosum)...
    Found 68 photos, kept 16 for scoring
  [1788/4056] Blue Ridge sedge (Carex lucorum)...
    Found 78 photos, kept 16 for scoring
  [1789/4056] Big-fruit Hawthorn (Crataegus macrosperma)...
    Found 90 photos, kept 16 for scoring
  [1790/4056] white bedstraw (Galium album)...
    Found 52 photos, kept 16 for scoring
  [1791/4056] Lime Homalia Moss (Homalia trichomanoides)...
    Found 71 photos, kept 16 for scoring
  [1792/4056] clasping water horehound (Lycopus amplectens)...
    Found 71 photos, kept 16 for scoring
  [1793/4056] Wood Millet (Milium effusum)...
    Found 59 photos, kept 16 for scoring
  [1794/4056] Burnet-saxifrage (Pimpinella saxifraga)...
    Found 68 photos, kept 16 for scoring
  [1795/4056] combleaf mermaidweed (Proserpinaca pectinata)...
    Found 67 photos, kept 16 for scoring
  [1796/4056] Creeping Yellowcress (Rorippa sylvestris)...
    Found 49 photos, kept 16 for scoring
  [1797/4056] Black-girdle Bulrush (Scirpus atrocinctus)...
    Found 48 photos, kept 16 for scoring
  [1798/4056] Bonnemaison's Hook Weed (Bonnemaisonia hamifera)...
    Found 42 photos, kept 16 for scoring
  [1799/4056] Worm Weed (Dumontia contorta)...
    Found 39 photos, kept 16 for scoring
  [1800/4056] Eastern Lilaeopsis (Lilaeopsis chinensis)...
    Found 75 photos, kept 16 for scoring
  [1801/4056] Wormseed Sandmat (Euphorbia vermiculata)...
    Found 47 photos, kept 16 for scoring
  [1802/4056] Pylaie's Soft Rush (Juncus pylaei)...
    Found 61 photos, kept 16 for scoring
  [1803/4056] Memorial Rose (Rosa lucieae)...
    Found 53 photos, kept 16 for scoring
  [1804/4056] great stinging nettle (Urtica dioica)...
    Found 46 photos, kept 16 for scoring
  [1805/4056] Hemisphaeric Liverwort (Reboulia hemisphaerica)...
    Found 55 photos, kept 16 for scoring
  [1806/4056] Black-bindweed (Fallopia convolvulus)...
    Found 39 photos, kept 16 for scoring
  [1807/4056] long-leaved groundcherry (Physalis longifolia)...
    Found 47 photos, kept 16 for scoring
  [1808/4056] eel-grass pondweed (Potamogeton zosteriformis)...
    Found 54 photos, kept 16 for scoring
  [1809/4056] violet woodsorrel (Oxalis violacea)...
    Found 29 photos, kept 16 for scoring
  [1810/4056] chaffy sedge (Carex paleacea)...
    Found 51 photos, kept 16 for scoring
  [1811/4056] swamp dock (Rumex verticillatus)...
    Found 49 photos, kept 16 for scoring
  [1812/4056] Netted Iris (Iris reticulata)...
    Found 22 photos, kept 16 for scoring
  [1813/4056] Crested saltbush (Atriplex cristata)...
    Found 52 photos, kept 16 for scoring
  [1814/4056] Slim-spike Three-awn Grass (Aristida longespica)...
    Found 76 photos, kept 16 for scoring
  [1815/4056] Pale Cow-hair Moss (Ditrichum pallidum)...
    Found 45 photos, kept 16 for scoring
  [1816/4056] rock whitlow-mustard (Draba arabisans)...
    Found 62 photos, kept 16 for scoring
  [1817/4056] Northern St. John's-wort (Hypericum boreale)...
    Found 57 photos, kept 16 for scoring
  [1818/4056] bog willow (Salix pedicellaris)...
    Found 71 photos, kept 16 for scoring
  [1819/4056] few-flower nutrush (Scleria pauciflora)...
    Found 77 photos, kept 16 for scoring
  [1820/4056] Hairy Goldenrod (Solidago hispida)...
    Found 106 photos, kept 16 for scoring
  [1821/4056] Northern Clubmoss (Spinulum canadense)...
    Found 30 photos, kept 16 for scoring
  [1822/4056] New England Boneset (Eupatorium novae-angliae)...
    Found 35 photos, kept 16 for scoring
  [1823/4056] Violet Crystalwort (Riccia huebeneriana)...
    Found 54 photos, kept 16 for scoring
  [1824/4056] Desmidium swartzii (Desmidium swartzii)...
    Found 27 photos, kept 16 for scoring
  [1825/4056] Staurastrum cerastes (Staurastrum cerastes)...
    Found 36 photos, kept 16 for scoring
  [1826/4056] Endive Pellia (Apopellia endiviifolia)...
    Found 40 photos, kept 16 for scoring
  [1827/4056] Viburnum venosum (Viburnum venosum)...
    Found 49 photos, kept 16 for scoring
  [1828/4056] nodding bulrush (Scirpus pendulus)...
    Found 51 photos, kept 16 for scoring
  [1829/4056] miner's lettuce (Claytonia perfoliata)...
    Found 41 photos, kept 16 for scoring
  [1830/4056] sea clubrush (Bolboschoenus maritimus)...
    Found 57 photos, kept 16 for scoring
  [1831/4056] fivespot (Nemophila maculata)...
    Found 23 photos, kept 16 for scoring
  [1832/4056] northern ground-cedar (Diphasiastrum complanatum)...
    Found 65 photos, kept 16 for scoring
  [1833/4056] Allegheny Chinquapin (Castanea pumila)...
    Found 44 photos, kept 16 for scoring
  [1834/4056] Flame Azalea (Rhododendron calendulaceum)...
    Found 35 photos, kept 16 for scoring
  [1835/4056] Tree Climacium Moss (Climacium dendroides)...
    Found 33 photos, kept 16 for scoring
  [1836/4056] Fly Honeysuckle (Lonicera xylosteum)...
    Found 33 photos, kept 16 for scoring
  [1837/4056] meadow pea (Lathyrus pratensis)...
    Found 36 photos, kept 16 for scoring
  [1838/4056] Satiny willow (Salix pellita)...
    Found 91 photos, kept 16 for scoring
  [1839/4056] kousa dogwood (Cornus kousa)...
    Found 28 photos, kept 16 for scoring
  [1840/4056] Japanese yew (Taxus cuspidata)...
    Found 46 photos, kept 16 for scoring
  [1841/4056] Japanese Tree Lilac (Syringa reticulata)...
    Found 37 photos, kept 16 for scoring
  [1842/4056] Twining Screwstem (Bartonia paniculata)...
    Found 67 photos, kept 16 for scoring
  [1843/4056] Purple Beautyberry (Callicarpa dichotoma)...
    Found 41 photos, kept 16 for scoring
  [1844/4056] Spreading Sedge (Carex laxiculmis)...
    Found 68 photos, kept 16 for scoring
  [1845/4056] Boreal Bedstraw (Galium kamtschaticum)...
    Found 72 photos, kept 16 for scoring
  [1846/4056] Wood Dock (Rumex sanguineus)...
    Found 29 photos, kept 16 for scoring
  [1847/4056] Knotted Pearlwort (Sagina nodosa)...
    Found 51 photos, kept 16 for scoring
  [1848/4056] Engelmann's Arrowhead (Sagittaria engelmanniana)...
    Found 67 photos, kept 16 for scoring
  [1849/4056] Britton's Coast Violet (Viola brittoniana)...
    Found 32 photos, kept 16 for scoring
  [1850/4056] northern yellow-eyed grass (Xyris montana)...
    Found 60 photos, kept 16 for scoring
  [1851/4056] Sea Hair (Chaetomorpha linum)...
    Found 45 photos, kept 16 for scoring
  [1852/4056] Large-thorn hawthorn (Crataegus macracantha)...
    Found 82 photos, kept 16 for scoring
  [1853/4056] Xanthidium armatum (Xanthidium armatum)...
    Found 33 photos, kept 16 for scoring
  [1854/4056] Tall Beech Fern (Phegopteris excelsior)...
    Found 58 photos, kept 16 for scoring
  [1855/4056] Staurodesmus octocornis (Staurodesmus octocornis)...
    Found 29 photos, kept 16 for scoring
  [1856/4056] Hairy tare (Vicia hirsuta)...
    Found 50 photos, kept 16 for scoring
  [1857/4056] river bulrush (Bolboschoenus fluviatilis)...
    Found 42 photos, kept 16 for scoring
  [1858/4056] woolly hedgenettle (Stachys byzantina)...
    Found 37 photos, kept 16 for scoring
  [1859/4056] meadow evening primrose (Oenothera pilosella)...
    Found 32 photos, kept 16 for scoring
  [1860/4056] Fringed Bogmoss (Sphagnum fimbriatum)...
    Found 104 photos, kept 16 for scoring
  [1861/4056] swamp birch (Betula pumila)...
    Found 56 photos, kept 16 for scoring
  [1862/4056] tall bellflower (Campanulastrum americanum)...
    Found 30 photos, kept 16 for scoring
  [1863/4056] perplexed tick-trefoil (Desmodium perplexum)...
    Found 81 photos, kept 16 for scoring
  [1864/4056] Sharp-pointed Earwort (Diplophyllum apiculatum)...
    Found 130 photos, kept 16 for scoring
  [1865/4056] Robbins' Spikerush (Eleocharis robbinsii)...
    Found 52 photos, kept 16 for scoring
  [1866/4056] orange-fringed orchid (Platanthera ciliaris)...
    Found 45 photos, kept 16 for scoring
  [1867/4056] Micrasterias depauperata (Micrasterias depauperata)...
    Found 37 photos, kept 16 for scoring
  [1868/4056] shrubby St. John's-wort (Hypericum prolificum)...
    Found 47 photos, kept 16 for scoring
  [1869/4056] garlic penny-cress (Mummenhoffia alliacea)...
    Found 42 photos, kept 16 for scoring
  [1870/4056] Spongy Arrowhead (Sagittaria spongiosa)...
    Found 110 photos, kept 16 for scoring
  [1871/4056] southern catalpa (Catalpa bignonioides)...
    Found 31 photos, kept 16 for scoring
  [1872/4056] inland sedge (Carex interior)...
    Found 49 photos, kept 16 for scoring
  [1873/4056] rough barnyard grass (Echinochloa muricata)...
    Found 62 photos, kept 16 for scoring
  [1874/4056] Scarlet Flax (Linum grandiflorum)...
    Found 23 photos, kept 16 for scoring
  [1875/4056] nimblewill (Muhlenbergia schreberi)...
    Found 40 photos, kept 16 for scoring
  [1876/4056] Sticky Groundsel (Senecio viscosus)...
    Found 54 photos, kept 16 for scoring
  [1877/4056] Miquel's mazus (Mazus miquelii)...
    Found 27 photos, kept 16 for scoring
  [1878/4056] Japanese zelkova (Zelkova serrata)...
    Found 78 photos, kept 16 for scoring
  [1879/4056] Downy Skullcap (Scutellaria incana)...
    Found 27 photos, kept 16 for scoring
  [1880/4056] Greater Musk-mallow (Malva alcea)...
    Found 36 photos, kept 16 for scoring
  [1881/4056] Limestone Meadow sedge (Carex granularis)...
    Found 53 photos, kept 16 for scoring
  [1882/4056] Arrowfeather Threeawn (Aristida purpurascens)...
    Found 72 photos, kept 16 for scoring
  [1883/4056] Hayden's sedge (Carex haydenii)...
    Found 64 photos, kept 16 for scoring
  [1884/4056] White Adder's-mouth (Malaxis brachypoda)...
    Found 62 photos, kept 16 for scoring
  [1885/4056] Oriental Poppy (Papaver orientale)...
    Found 31 photos, kept 16 for scoring
  [1886/4056] snailseed pondweed (Potamogeton bicupulatus)...
    Found 117 photos, kept 16 for scoring
  [1887/4056] Hidden-fruit Bladderwort (Utricularia geminiscapa)...
    Found 69 photos, kept 16 for scoring
  [1888/4056] Bushgrass (Calamagrostis epigejos)...
    Found 61 photos, kept 16 for scoring
  [1889/4056] Dove's-foot crane's-bill (Geranium molle)...
    Found 45 photos, kept 16 for scoring
  [1890/4056] Hyssop Loosestrife (Lythrum hyssopifolia)...
    Found 34 photos, kept 16 for scoring
  [1891/4056] caper spurge (Euphorbia lathyris)...
    Found 25 photos, kept 16 for scoring
  [1892/4056] Spring starflower (Ipheion uniflorum)...
    Found 22 photos, kept 16 for scoring
  [1893/4056] alpine marsh violet (Viola palustris)...
    Found 21 photos, kept 16 for scoring
  [1894/4056] hairy rosette-panicgrass (Dichanthelium acuminatum)...
    Found 63 photos, kept 16 for scoring
  [1895/4056] Shining Rose (Rosa nitida)...
    Found 53 photos, kept 16 for scoring
  [1896/4056] summer sedge (Carex aestivalis)...
    Found 27 photos, kept 16 for scoring
  [1897/4056] meager sedge (Carex exilis)...
    Found 46 photos, kept 16 for scoring
  [1898/4056] Dwarf Umbrella-sedge (Fuirena pumila)...
    Found 31 photos, kept 16 for scoring
  [1899/4056] staggerbush (Lyonia mariana)...
    Found 45 photos, kept 16 for scoring
  [1900/4056] Anomalous Bristle-moss (Orthotrichum anomalum)...
    Found 54 photos, kept 16 for scoring
  [1901/4056] Blackseed Needlegrass (Piptochaetium avenaceum)...
    Found 57 photos, kept 16 for scoring
  [1902/4056] Flat-brocade Moss (Platygyrium repens)...
    Found 57 photos, kept 16 for scoring
  [1903/4056] Dwarf Mountain Cinquefoil (Potentilla robbinsiana)...
    Found 30 photos, kept 16 for scoring
  [1904/4056] Low Peatmoss (Sphagnum compactum)...
    Found 97 photos, kept 16 for scoring
  [1905/4056] Simple Peatmoss (Sphagnum pylaesii)...
    Found 90 photos, kept 16 for scoring
  [1906/4056] Asian Flatsedge (Cyperus microiria)...
    Found 41 photos, kept 16 for scoring
  [1907/4056] Nepal Persicaria (Persicaria nepalensis)...
    Found 78 photos, kept 16 for scoring
  [1908/4056] Weak-stalked Bulrush (Schoenoplectiella purshiana)...
    Found 75 photos, kept 16 for scoring
  [1909/4056] Giesecke's harebell (Campanula giesekiana)...
    Found 45 photos, kept 16 for scoring
  [1910/4056] yellow stonecrop (Phedimus ellacombeanus)...
    Found 28 photos, kept 16 for scoring
  [1911/4056] field mustard (Brassica rapa)...
    Found 43 photos, kept 16 for scoring
  [1912/4056] Nuttall's Waterweed (Elodea nuttallii)...
    Found 34 photos, kept 16 for scoring
  [1913/4056] Baltic Rush (Juncus balticus)...
    Found 37 photos, kept 16 for scoring
  [1914/4056] tall oat grass (Arrhenatherum elatius)...
    Found 54 photos, kept 16 for scoring
  [1915/4056] water bulrush (Schoenoplectus subterminalis)...
    Found 58 photos, kept 16 for scoring
  [1916/4056] American persimmon (Diospyros virginiana)...
    Found 29 photos, kept 16 for scoring
  [1917/4056] tiny bluet (Houstonia pusilla)...
    Found 27 photos, kept 16 for scoring
  [1918/4056] herbwilliam (Ptilimnium capillaceum)...
    Found 63 photos, kept 16 for scoring
  [1919/4056] Asarabacca (Asarum europaeum)...
    Found 19 photos, kept 16 for scoring
  [1920/4056] Northeastern Peatmoss (Sphagnum flavicomans)...
    Found 137 photos, kept 16 for scoring
  [1921/4056] common bistort (Bistorta officinalis)...
    Found 25 photos, kept 16 for scoring
  [1922/4056] Fool's parsley (Aethusa cynapium)...
    Found 61 photos, kept 16 for scoring
  [1923/4056] Small-flowered Winter-cress (Barbarea stricta)...
    Found 52 photos, kept 16 for scoring
  [1924/4056] summer-cypress (Bassia scoparia)...
    Found 49 photos, kept 16 for scoring
  [1925/4056] Elk Sedge (Carex garberi)...
    Found 109 photos, kept 16 for scoring
  [1926/4056] Closed Gentian (Gentiana rubricaulis)...
    Found 89 photos, kept 16 for scoring
  [1927/4056] tea viburnum (Viburnum setigerum)...
    Found 35 photos, kept 16 for scoring
  [1928/4056] Bowman's root (Gillenia trifoliata)...
    Found 24 photos, kept 16 for scoring
  [1929/4056] marsh hedge nettle (Stachys hispida)...
    Found 58 photos, kept 16 for scoring
  [1930/4056] Triploceras gracile (Triploceras gracile)...
    Found 41 photos, kept 16 for scoring
  [1931/4056] Desmidium baileyi (Desmidium baileyi)...
    Found 30 photos, kept 16 for scoring
  [1932/4056] Cosmarium amoenum (Cosmarium amoenum)...
    Found 23 photos, kept 16 for scoring
  [1933/4056] Pseudopediastrum boryanum (Pseudopediastrum boryanum)...
    Found 56 photos, kept 16 for scoring
  [1934/4056] Green Rockcress (Borodinia missouriensis)...
    Found 49 photos, kept 16 for scoring
  [1935/4056] white willow (Salix alba)...
    Found 47 photos, kept 16 for scoring
  [1936/4056] Corn spurrey (Spergula arvensis)...
    Found 37 photos, kept 16 for scoring
  [1937/4056] Lacy phacelia (Phacelia tanacetifolia)...
    Found 27 photos, kept 16 for scoring
  [1938/4056] blue-fruited dogwood (Cornus obliqua)...
    Found 31 photos, kept 16 for scoring
  [1939/4056] northern adder's-tongue (Ophioglossum pusillum)...
    Found 43 photos, kept 16 for scoring
  [1940/4056] smooth crabgrass (Digitaria ischaemum)...
    Found 46 photos, kept 16 for scoring
  [1941/4056] Hornemann's Willowherb (Epilobium hornemannii)...
    Found 51 photos, kept 16 for scoring
  [1942/4056] marsh pea (Lathyrus palustris)...
    Found 58 photos, kept 16 for scoring
  [1943/4056] Greater Water Dock (Rumex britannica)...
    Found 44 photos, kept 16 for scoring
  [1944/4056] knotroot bristlegrass (Setaria parviflora)...
    Found 53 photos, kept 16 for scoring
  [1945/4056] Purple Saxifrage (Saxifraga oppositifolia)...
    Found 44 photos, kept 16 for scoring
  [1946/4056] Canada wild rye (Elymus canadensis)...
    Found 63 photos, kept 16 for scoring
  [1947/4056] Brown Peatmoss (Sphagnum fuscum)...
    Found 62 photos, kept 16 for scoring
  [1948/4056] open-field sedge (Carex conoidea)...
    Found 61 photos, kept 16 for scoring
  [1949/4056] Rue (Ruta graveolens)...
    Found 13 photos, kept 13 for scoring
  [1950/4056] Carolina Silverbell (Halesia carolina)...
    Found 36 photos, kept 16 for scoring
  [1951/4056] Quaking-grass (Briza media)...
    Found 42 photos, kept 16 for scoring
  [1952/4056] Back's sedge (Carex backii)...
    Found 59 photos, kept 16 for scoring
  [1953/4056] necklace sedge (Carex projecta)...
    Found 59 photos, kept 16 for scoring
  [1954/4056] Snow-in-summer (Cerastium tomentosum)...
    Found 22 photos, kept 16 for scoring
  [1955/4056] Walter's barnyard grass (Echinochloa walteri)...
    Found 70 photos, kept 16 for scoring
  [1956/4056] Labrador willow (Salix argyrocarpa)...
    Found 54 photos, kept 16 for scoring
  [1957/4056] Luminous Moss (Schistostega pennata)...
    Found 46 photos, kept 16 for scoring
  [1958/4056] twisted yellow-eyed grass (Xyris torta)...
    Found 96 photos, kept 16 for scoring
  [1959/4056] trifoliate orange (Citrus trifoliata)...
    Found 19 photos, kept 16 for scoring
  [1960/4056] Euastrum denticulatum (Euastrum denticulatum)...
    Found 24 photos, kept 16 for scoring
  [1961/4056] Micrasterias rotata (Micrasterias rotata)...
    Found 41 photos, kept 16 for scoring
  [1962/4056] Micrasterias furcata (Micrasterias furcata)...
    Found 26 photos, kept 16 for scoring
  [1963/4056] Euthora cristata (Euthora cristata)...
    Found 20 photos, kept 16 for scoring
  [1964/4056] Big Cordgrass (Sporobolus cynosuroides)...
    Found 76 photos, kept 16 for scoring
  [1965/4056] Monactinus simplex (Monactinus simplex)...
    Found 34 photos, kept 16 for scoring
  [1966/4056] Creeping Speedwell (Veronica umbrosa)...
    Found 19 photos, kept 16 for scoring
  [1967/4056] Xanthidium wewahitchkense (Xanthidium wewahitchkense)...
    Found 20 photos, kept 16 for scoring
  [1968/4056] Common centaury (Centaurium erythraea)...
    Found 37 photos, kept 16 for scoring
  [1969/4056] Bazzania Liverwort (Bazzania denudata)...
    Found 87 photos, kept 16 for scoring
  [1970/4056] redtop (Agrostis gigantea)...
    Found 46 photos, kept 16 for scoring
  [1971/4056] purple love grass (Eragrostis pectinacea)...
    Found 95 photos, kept 16 for scoring
  [1972/4056] Grass-leaved Rush (Juncus marginatus)...
    Found 68 photos, kept 16 for scoring
  [1973/4056] Canada bluegrass (Poa compressa)...
    Found 56 photos, kept 16 for scoring
  [1974/4056] late figwort (Scrophularia marilandica)...
    Found 69 photos, kept 16 for scoring
  [1975/4056] hairy ruellia (Ruellia humilis)...
    Found 16 photos, kept 16 for scoring
  [1976/4056] stiff-leaved goldenrod (Solidago rigida)...
    Found 34 photos, kept 16 for scoring
  [1977/4056] bracted sedge (Carex radiata)...
    Found 54 photos, kept 16 for scoring
  [1978/4056] black pine (Pinus nigra)...
    Found 48 photos, kept 16 for scoring
  [1979/4056] white flat-topped goldenrod (Solidago ptarmicoides)...
    Found 59 photos, kept 16 for scoring
  [1980/4056] Low False Bindweed (Calystegia spithamaea)...
    Found 48 photos, kept 16 for scoring
  [1981/4056] Tyrol knapweed (Centaurea nigrescens)...
    Found 46 photos, kept 16 for scoring
  [1982/4056] Extinguisher Moss (Encalypta procera)...
    Found 49 photos, kept 16 for scoring
  [1983/4056] Parker's pipewort (Eriocaulon parkeri)...
    Found 49 photos, kept 16 for scoring
  [1984/4056] Jubula pennsylvanica (Jubula pennsylvanica)...
    Found 84 photos, kept 16 for scoring
  [1985/4056] Thread Rush (Juncus filiformis)...
    Found 36 photos, kept 16 for scoring
  [1986/4056] Winter honeysuckle (Lonicera fragrantissima)...
    Found 33 photos, kept 16 for scoring
  [1987/4056] Marsh Muhly (Muhlenbergia glomerata)...
    Found 47 photos, kept 16 for scoring
  [1988/4056] Brittle Naiad (Najas minor)...
    Found 47 photos, kept 16 for scoring
  [1989/4056] Cinnamon Rose (Rosa cinnamomea)...
    Found 57 photos, kept 16 for scoring
  [1990/4056] sweet black-eyed Susan (Rudbeckia subtomentosa)...
    Found 21 photos, kept 16 for scoring
  [1991/4056] Giant Peatmoss (Sphagnum torreyanum)...
    Found 143 photos, kept 16 for scoring
  [1992/4056] Eastern Silver Aster (Symphyotrichum concolor)...
    Found 58 photos, kept 16 for scoring
  [1993/4056] Micrasterias radiosa (Micrasterias radiosa)...
    Found 38 photos, kept 16 for scoring
  [1994/4056] Triploceras verticillatum (Triploceras verticillatum)...
    Found 27 photos, kept 16 for scoring
  [1995/4056] Closterium navicula (Closterium navicula)...
    Found 20 photos, kept 16 for scoring
  [1996/4056] clockweed (Oenothera lindheimeri)...
    Found 23 photos, kept 16 for scoring
  [1997/4056] greater stitchwort (Rabelera holostea)...
    Found 27 photos, kept 16 for scoring
  [1998/4056] Broadleaf Speedwell (Veronica teucrium)...
    Found 19 photos, kept 16 for scoring
  [1999/4056] baldcypress (Taxodium distichum)...
    Found 40 photos, kept 16 for scoring
  [2000/4056] Primrose (Primula vulgaris)...
    Found 29 photos, kept 16 for scoring
  [2001/4056] Common Mallow (Malva sylvestris)...
    Found 24 photos, kept 16 for scoring
  [2002/4056] greasewort (Aneura pinguis)...
    Found 38 photos, kept 16 for scoring
  [2003/4056] Spring Snowflake (Leucojum vernum)...
    Found 16 photos, kept 16 for scoring
  [2004/4056] drug eyebright (Euphrasia stricta)...
    Found 31 photos, kept 16 for scoring
  [2005/4056] alpine sorrel (Oxyria digyna)...
    Found 35 photos, kept 16 for scoring
  [2006/4056] male fern (Dryopteris filix-mas)...
    Found 70 photos, kept 16 for scoring
  [2007/4056] Teal Lovegrass (Eragrostis hypnoides)...
    Found 48 photos, kept 16 for scoring
  [2008/4056] Toothcup (Rotala ramosior)...
    Found 82 photos, kept 16 for scoring
  [2009/4056] Virginia sweetspire (Itea virginica)...
    Found 22 photos, kept 16 for scoring
  [2010/4056] wild quinine (Parthenium integrifolium)...
    Found 24 photos, kept 16 for scoring
  [2011/4056] tall coreopsis (Coreopsis tripteris)...
    Found 30 photos, kept 16 for scoring
  [2012/4056] Allegheny Mountain Buttercup (Ranunculus allegheniensis)...
    Found 83 photos, kept 16 for scoring
  [2013/4056] Clustered Sanicle (Sanicula odorata)...
    Found 55 photos, kept 16 for scoring
  [2014/4056] bur reed sedge (Carex sparganioides)...
    Found 54 photos, kept 16 for scoring
  [2015/4056] squarrose sedge (Carex squarrosa)...
    Found 48 photos, kept 16 for scoring
  [2016/4056] purple oat (Schizachne purpurascens)...
    Found 49 photos, kept 16 for scoring
  [2017/4056] Alpine Milkvetch (Astragalus alpinus)...
    Found 110 photos, kept 16 for scoring
  [2018/4056] Monk's-hood (Aconitum napellus)...
    Found 25 photos, kept 16 for scoring
  [2019/4056] Broad-lipped Twayblade (Neottia convallarioides)...
    Found 89 photos, kept 16 for scoring
  [2020/4056] Washington hawthorn (Crataegus phaenopyrum)...
    Found 40 photos, kept 16 for scoring
  [2021/4056] Papillose Peatmoss (Sphagnum papillosum)...
    Found 106 photos, kept 16 for scoring
  [2022/4056] crookedstem aster (Symphyotrichum prenanthoides)...
    Found 65 photos, kept 16 for scoring
  [2023/4056] leadplant (Amorpha canescens)...
    Found 22 photos, kept 16 for scoring
  [2024/4056] Goose Egg Moss (Aulacomnium heterostichum)...
    Found 40 photos, kept 16 for scoring
  [2025/4056] New England Bryhnia Moss (Bryhnia novae-angliae)...
    Found 80 photos, kept 16 for scoring
  [2026/4056] Bosc's Witchgrass (Dichanthelium boscii)...
    Found 69 photos, kept 16 for scoring
  [2027/4056] Montane Dicranum Moss (Dicranum montanum)...
    Found 55 photos, kept 16 for scoring
  [2028/4056] dicranum moss (Dicranum viride)...
    Found 39 photos, kept 16 for scoring
  [2029/4056] Thymeleaf Pinweed (Lechea minor)...
    Found 67 photos, kept 16 for scoring
  [2030/4056] tall fescue (Lolium arundinaceum)...
    Found 29 photos, kept 16 for scoring
  [2031/4056] Furbish's Lousewort (Pedicularis furbishiae)...
    Found 84 photos, kept 16 for scoring
  [2032/4056] Tradescant's aster (Symphyotrichum tradescanti)...
    Found 83 photos, kept 16 for scoring
  [2033/4056] Mishchenko squill (Scilla mischtschenkoana)...
    Found 17 photos, kept 16 for scoring
  [2034/4056] Jameson's Liverwort (Syzygiella autumnalis)...
    Found 117 photos, kept 16 for scoring
  [2035/4056] American maple-leaved goosefoot (Chenopodiastrum simplex)...
    Found 54 photos, kept 16 for scoring
  [2036/4056] Pinkladies (Oenothera speciosa)...
    Found 19 photos, kept 16 for scoring
  [2037/4056] Cape gooseberry (Physalis peruviana)...
    Found 21 photos, kept 16 for scoring
  [2038/4056] Red amaranth (Amaranthus cruentus)...
    Found 11 photos, kept 11 for scoring
  [2039/4056] Green Snowdrop (Galanthus woronowii)...
    Found 16 photos, kept 16 for scoring
  [2040/4056] Long-leaved Thread Moss (Ptychostomum pseudotriquetrum)...
    Found 52 photos, kept 16 for scoring
  [2041/4056] Love-lies-bleeding (Amaranthus caudatus)...
    Found 17 photos, kept 16 for scoring
  [2042/4056] Linear-leaf Willowherb (Epilobium leptophyllum)...
    Found 49 photos, kept 16 for scoring
  [2043/4056] Berchtold's pondweed (Potamogeton berchtoldii)...
    Found 65 photos, kept 16 for scoring
  [2044/4056] white-stemmed pondweed (Potamogeton praelongus)...
    Found 34 photos, kept 16 for scoring
  [2045/4056] upright prairie coneflower (Ratibida columnifera)...
    Found 27 photos, kept 16 for scoring
  [2046/4056] lanceleaf figwort (Scrophularia lanceolata)...
    Found 72 photos, kept 16 for scoring
  [2047/4056] Boreal starwort (Stellaria borealis)...
    Found 43 photos, kept 16 for scoring
  [2048/4056] Red Buckeye (Aesculus pavia)...
    Found 27 photos, kept 16 for scoring
  [2049/4056] pale beardtongue (Penstemon pallidus)...
    Found 104 photos, kept 16 for scoring
  [2050/4056] southern blue flag (Iris virginica)...
    Found 32 photos, kept 16 for scoring
  [2051/4056] tall boneset (Eupatorium altissimum)...
    Found 40 photos, kept 16 for scoring
  [2052/4056] northern firmoss (Huperzia selago)...
    Found 33 photos, kept 16 for scoring
  [2053/4056] Neat Feather-moss (Pseudoscleropodium purum)...
    Found 45 photos, kept 16 for scoring
  [2054/4056] sand blackberry (Rubus cuneifolius)...
    Found 67 photos, kept 16 for scoring
  [2055/4056] hairy lettuce (Lactuca hirsuta)...
    Found 40 photos, kept 16 for scoring
  [2056/4056] starry campion (Silene stellata)...
    Found 41 photos, kept 16 for scoring
  [2057/4056] Winged Loosestrife (Lythrum alatum)...
    Found 42 photos, kept 16 for scoring
  [2058/4056] Beautiful Peatmoss (Sphagnum pulchrum)...
    Found 63 photos, kept 16 for scoring
  [2059/4056] Turkey Oak (Quercus cerris)...
    Found 16 photos, kept 16 for scoring
  [2060/4056] autumn fern (Dryopteris erythrosora)...
    Found 30 photos, kept 16 for scoring
  [2061/4056] Okra (Abelmoschus esculentus)...
    Found 20 photos, kept 16 for scoring
  [2062/4056] thicket sedge (Carex abscondita)...
    Found 69 photos, kept 16 for scoring
  [2063/4056] fern flatsedge (Cyperus filicinus)...
    Found 46 photos, kept 16 for scoring
  [2064/4056] Slim-leaf Witchgrass (Dichanthelium linearifolium)...
    Found 60 photos, kept 16 for scoring
  [2065/4056] Turps Pouchwort (Geocalyx graveolens)...
    Found 75 photos, kept 16 for scoring
  [2066/4056] Cypress-leaved Plait-moss (Hypnum cupressiforme)...
    Found 60 photos, kept 16 for scoring
  [2067/4056] Siberian Myurella Moss (Myurella sibirica)...
    Found 42 photos, kept 16 for scoring
  [2068/4056] Crowdipper (Pinellia ternata)...
    Found 28 photos, kept 16 for scoring
  [2069/4056] orange crested orchid (Platanthera cristata)...
    Found 28 photos, kept 16 for scoring
  [2070/4056] Oakes' Pondweed (Potamogeton oakesianus)...
    Found 49 photos, kept 16 for scoring
  [2071/4056] Clammy Locust (Robinia viscosa)...
    Found 20 photos, kept 16 for scoring
  [2072/4056] American chaffseed (Schwalbea americana)...
    Found 37 photos, kept 16 for scoring
  [2073/4056] Northern Woodland Violet (Viola septentrionalis)...
    Found 48 photos, kept 16 for scoring
  [2074/4056] Lilac chaste tree (Vitex agnus-castus)...
    Found 25 photos, kept 16 for scoring
  [2075/4056] Grinnell's Pink Leaf (Grinnellia americana)...
    Found 26 photos, kept 16 for scoring
  [2076/4056] Intermediate Serviceberry (Amelanchier intermedia)...
    Found 34 photos, kept 16 for scoring
  [2077/4056] Desmidium aptogonum (Desmidium aptogonum)...
    Found 32 photos, kept 16 for scoring
  [2078/4056] dappled willow (Salix integra)...
    Found 15 photos, kept 15 for scoring
  [2079/4056] Alkali Buttercup (Halerpestes cymbalaria)...
    Found 59 photos, kept 16 for scoring
  [2080/4056] metel devil's trumpet (Datura metel)...
    Found 23 photos, kept 16 for scoring
  [2081/4056] American plum (Prunus americana)...
    Found 29 photos, kept 16 for scoring
  [2082/4056] field chickweed (Cerastium arvense)...
    Found 25 photos, kept 16 for scoring
  [2083/4056] Sticky mouse-ear chickweed (Cerastium glomeratum)...
    Found 37 photos, kept 16 for scoring
  [2084/4056] Cowslip (Primula veris)...
    Found 25 photos, kept 16 for scoring
  [2085/4056] Cornelian cherry (Cornus mas)...
    Found 29 photos, kept 16 for scoring
  [2086/4056] Ring Pellia (Pellia neesiana)...
    Found 46 photos, kept 16 for scoring
  [2087/4056] Mueller's Pouchwort (Calypogeia muelleriana)...
    Found 95 photos, kept 16 for scoring
  [2088/4056] castor bean (Ricinus communis)...
    Found 19 photos, kept 16 for scoring
  [2089/4056] blue water-speedwell (Veronica anagallis-aquatica)...
    Found 38 photos, kept 16 for scoring
  [2090/4056] Garden Morning Glory (Ipomoea tricolor)...
    Found 18 photos, kept 16 for scoring
  [2091/4056] Whorled Pennywort (Hydrocotyle verticillata)...
    Found 53 photos, kept 16 for scoring
  [2092/4056] early hair grass (Aira praecox)...
    Found 34 photos, kept 16 for scoring
  [2093/4056] widgeongrass (Ruppia maritima)...
    Found 38 photos, kept 16 for scoring
  [2094/4056] Blue Bugle (Ajuga genevensis)...
    Found 24 photos, kept 16 for scoring
  [2095/4056] woolly Dutchman's pipe (Aristolochia tomentosa)...
    Found 34 photos, kept 16 for scoring
  [2096/4056] Italian Ryegrass (Lolium multiflorum)...
    Found 21 photos, kept 16 for scoring
  [2097/4056] mat sandbur (Cenchrus longispinus)...
    Found 27 photos, kept 16 for scoring
  [2098/4056] Bladder-senna (Colutea arborescens)...
    Found 28 photos, kept 16 for scoring
  [2099/4056] Field Dodder (Cuscuta campestris)...
    Found 37 photos, kept 16 for scoring
  [2100/4056] Jointed rush (Juncus articulatus)...
    Found 52 photos, kept 16 for scoring
  [2101/4056] Water Lettuce (Pistia stratiotes)...
    Found 23 photos, kept 16 for scoring
  [2102/4056] canada sand-spurry (Spergularia canadensis)...
    Found 45 photos, kept 16 for scoring
  [2103/4056] Hairy Wood Mint (Blephilia hirsuta)...
    Found 30 photos, kept 16 for scoring
  [2104/4056] velvet sedge (Carex vestita)...
    Found 61 photos, kept 16 for scoring
  [2105/4056] Bog Haircap Moss (Polytrichum strictum)...
    Found 40 photos, kept 16 for scoring
  [2106/4056] sourwood (Oxydendrum arboreum)...
    Found 38 photos, kept 16 for scoring
  [2107/4056] river wild rye (Elymus riparius)...
    Found 63 photos, kept 16 for scoring
  [2108/4056] Appalachian sedge (Carex appalachica)...
    Found 87 photos, kept 16 for scoring
  [2109/4056] northeastern sedge (Carex cryptolepis)...
    Found 42 photos, kept 16 for scoring
  [2110/4056] dry land sedge (Carex siccata)...
    Found 46 photos, kept 16 for scoring
  [2111/4056] waxy-fruited hawthorn (Crataegus pruinosa)...
    Found 83 photos, kept 16 for scoring
  [2112/4056] variable witchgrass (Dichanthelium commutatum)...
    Found 44 photos, kept 16 for scoring
  [2113/4056] Black-fruited Spikerush (Eleocharis melanocarpa)...
    Found 48 photos, kept 16 for scoring
  [2114/4056] Flattened Entodon Moss (Entodon cladorrhizans)...
    Found 43 photos, kept 16 for scoring
  [2115/4056] Oakes' Eyebright (Euphrasia oakesii)...
    Found 23 photos, kept 16 for scoring
  [2116/4056] Fontinalis hypnoides (Fontinalis hypnoides)...
    Found 21 photos, kept 16 for scoring
  [2117/4056] New England Willowmoss (Fontinalis novae-angliae)...
    Found 38 photos, kept 16 for scoring
  [2118/4056] Wall hawkweed (Hieracium murorum)...
    Found 29 photos, kept 16 for scoring
  [2119/4056] Spotted Pondweed (Potamogeton pulcher)...
    Found 66 photos, kept 16 for scoring
  [2120/4056] Imbricate Bog-moss (Sphagnum affine)...
    Found 144 photos, kept 16 for scoring
  [2121/4056] Recurved Peatmoss (Sphagnum recurvum)...
    Found 135 photos, kept 16 for scoring
  [2122/4056] Alleghany Thamnobryum Moss (Thamnobryum alleghaniense)...
    Found 35 photos, kept 16 for scoring
  [2123/4056] Micrasterias pinnatifida (Micrasterias pinnatifida)...
    Found 23 photos, kept 16 for scoring
  [2124/4056] Micrasterias denticulata (Micrasterias denticulata)...
    Found 32 photos, kept 16 for scoring
  [2125/4056] Desmidium grevillei (Desmidium grevillei)...
    Found 17 photos, kept 16 for scoring
  [2126/4056] Nursery bittercress (Cardamine occulta)...
    Found 27 photos, kept 16 for scoring
  [2127/4056] eastern shooting star (Primula meadia)...
    Found 25 photos, kept 16 for scoring
  [2128/4056] perennial glasswort (Salicornia ambigua)...
    Found 33 photos, kept 16 for scoring
  [2129/4056] Yellow Anemone (Anemonoides ranunculoides)...
    Found 28 photos, kept 16 for scoring
  [2130/4056] dooryard violet (Viola communis)...
    Found 27 photos, kept 16 for scoring
  [2131/4056] Calypogeia neogaea (Calypogeia neogaea)...
    Found 77 photos, kept 16 for scoring
  [2132/4056] Douglas-fir (Pseudotsuga menziesii)...
    Found 38 photos, kept 16 for scoring
  [2133/4056] Blue Jacob's Ladder (Polemonium caeruleum)...
    Found 20 photos, kept 16 for scoring
  [2134/4056] fireberry hawthorn (Crataegus chrysocarpa)...
    Found 70 photos, kept 16 for scoring
  [2135/4056] Common Sorrel (Rumex acetosa)...
    Found 28 photos, kept 16 for scoring
  [2136/4056] Hairy Threadwort (Blepharostoma trichophyllum)...
    Found 58 photos, kept 16 for scoring
  [2137/4056] pitseed goosefoot (Chenopodium berlandieri)...
    Found 43 photos, kept 16 for scoring
  [2138/4056] Parrot's feather (Myriophyllum aquaticum)...
    Found 30 photos, kept 16 for scoring
  [2139/4056] European Wild Apple (Malus sylvestris)...
    Found 12 photos, kept 12 for scoring
  [2140/4056] Plum (Prunus domestica)...
    Found 23 photos, kept 16 for scoring
  [2141/4056] Silky Forklet-moss (Dicranella heteromalla)...
    Found 61 photos, kept 16 for scoring
  [2142/4056] dawn redwood (Metasequoia glyptostroboides)...
    Found 19 photos, kept 16 for scoring
  [2143/4056] Rough Bentgrass (Agrostis scabra)...
    Found 56 photos, kept 16 for scoring
  [2144/4056] Three-parted Beggarticks (Bidens tripartita)...
    Found 65 photos, kept 16 for scoring
  [2145/4056] large toothwort (Cardamine maxima)...
    Found 75 photos, kept 16 for scoring
  [2146/4056] loose-flowered sedge (Carex laxiflora)...
    Found 58 photos, kept 16 for scoring
  [2147/4056] rock buttercup (Ranunculus micranthus)...
    Found 35 photos, kept 16 for scoring
  [2148/4056] Purple Laver (Porphyra umbilicalis)...
    Found 23 photos, kept 16 for scoring
  [2149/4056] Chinese peony (Paeonia lactiflora)...
    Found 25 photos, kept 16 for scoring
  [2150/4056] Bethlehem-sage (Pulmonaria saccharata)...
    Found 20 photos, kept 16 for scoring
  [2151/4056] Waxy Meadow-rue (Thalictrum revolutum)...
    Found 45 photos, kept 16 for scoring
  [2152/4056] nodding thread-moss (Pohlia nutans)...
    Found 43 photos, kept 16 for scoring
  [2153/4056] Nerveless Woodland Sedge (Carex leptonervia)...
    Found 64 photos, kept 16 for scoring
  [2154/4056] Weak Stellate Sedge (Carex seorsa)...
    Found 67 photos, kept 16 for scoring
  [2155/4056] Spreading Cotoneaster (Cotoneaster divaricatus)...
    Found 40 photos, kept 16 for scoring
  [2156/4056] toothed tick-trefoil (Desmodium cuspidatum)...
    Found 38 photos, kept 16 for scoring
  [2157/4056] Hyssop-leaved Fleabane (Erigeron hyssopifolius)...
    Found 73 photos, kept 16 for scoring
  [2158/4056] Kentucky coffeetree (Gymnocladus dioicus)...
    Found 40 photos, kept 16 for scoring
  [2159/4056] Alpine Sweet-vetch (Hedysarum alpinum)...
    Found 111 photos, kept 16 for scoring
  [2160/4056] slender pinweed (Lechea tenuifolia)...
    Found 72 photos, kept 16 for scoring
  [2161/4056] Slender Water-milfoil (Myriophyllum tenellum)...
    Found 52 photos, kept 16 for scoring
  [2162/4056] Pink Bog Button (Sclerolepis uniflora)...
    Found 34 photos, kept 16 for scoring
  [2163/4056] Gaspé Peninsula Arrowgrass (Triglochin gaspensis)...
    Found 38 photos, kept 16 for scoring
  [2164/4056] biennial beeblossom (Oenothera gaura)...
    Found 28 photos, kept 16 for scoring
  [2165/4056] Micrasterias mahabuleshwarensis (Micrasterias mahabuleshwarensis)...
    Found 24 photos, kept 16 for scoring
  [2166/4056] Cosmarium ovale (Cosmarium ovale)...
    Found 32 photos, kept 16 for scoring
  [2167/4056] Cosmarium pseudoconnatum (Cosmarium pseudoconnatum)...
    Found 34 photos, kept 16 for scoring
  [2168/4056] Anomodon tristis (Anomodon tristis)...
    Found 41 photos, kept 16 for scoring
  [2169/4056] Dwarf Knotweed (Reynoutria compacta)...
    Found 21 photos, kept 16 for scoring
  [2170/4056] coconut palm (Cocos nucifera)...
    Found 34 photos, kept 16 for scoring
  [2171/4056] Japanese pagoda tree (Styphnolobium japonicum)...
    Found 28 photos, kept 16 for scoring
  [2172/4056] tuberous pea (Lathyrus tuberosus)...
    Found 23 photos, kept 16 for scoring
  [2173/4056] leafy pondweed (Potamogeton foliosus)...
    Found 56 photos, kept 16 for scoring
  [2174/4056] hardstem bulrush (Schoenoplectus acutus)...
    Found 41 photos, kept 16 for scoring
  [2175/4056] Leopard's-bane (Doronicum pardalianches)...
    Found 24 photos, kept 16 for scoring
  [2176/4056] grass-leaved water-plantain (Alisma gramineum)...
    Found 45 photos, kept 16 for scoring
  [2177/4056] seacoast bulrush (Bolboschoenus robustus)...
    Found 41 photos, kept 16 for scoring
  [2178/4056] Broad-winged Thistle (Carduus acanthoides)...
    Found 28 photos, kept 16 for scoring
  [2179/4056] Hairy Rocket (Erucastrum gallicum)...
    Found 27 photos, kept 16 for scoring
  [2180/4056] rattail sixweeks grass (Festuca myuros)...
    Found 36 photos, kept 16 for scoring
  [2181/4056] sixweeks grass (Festuca octoflora)...
    Found 50 photos, kept 16 for scoring
  [2182/4056] Alpine Timothy (Phleum alpinum)...
    Found 22 photos, kept 16 for scoring
  [2183/4056] Lesser Bladderwort (Utricularia minor)...
    Found 50 photos, kept 16 for scoring
  [2184/4056] Broad-leaf Waterleaf (Hydrophyllum canadense)...
    Found 37 photos, kept 16 for scoring
  [2185/4056] giant sunflower (Helianthus giganteus)...
    Found 28 photos, kept 16 for scoring
  [2186/4056] Hairy Nightshade (Solanum sarrachoides)...
    Found 30 photos, kept 16 for scoring
  [2187/4056] Perfoliate Tinker's-weed (Triosteum perfoliatum)...
    Found 32 photos, kept 16 for scoring
  [2188/4056] Wayfaring-tree (Viburnum lantana)...
    Found 22 photos, kept 16 for scoring
  [2189/4056] Snow Crocus (Crocus chrysanthus)...
    Found 14 photos, kept 14 for scoring
  [2190/4056] Sticky Goldenrod (Solidago simplex)...
    Found 28 photos, kept 16 for scoring
  [2191/4056] spring vetch (Lathyrus vernus)...
    Found 17 photos, kept 16 for scoring
  [2192/4056] Beaked Hawkweed (Hieracium gronovii)...
    Found 57 photos, kept 16 for scoring
  [2193/4056] elm-leaved goldenrod (Solidago ulmifolia)...
    Found 26 photos, kept 16 for scoring
  [2194/4056] great masterwort (Astrantia major)...
    Found 21 photos, kept 16 for scoring
  [2195/4056] hoary tick-trefoil (Desmodium canescens)...
    Found 49 photos, kept 16 for scoring
  [2196/4056] Fountain Apple-moss (Philonotis fontana)...
    Found 43 photos, kept 16 for scoring
  [2197/4056] large canadian st. john's-wort (Hypericum majus)...
    Found 37 photos, kept 16 for scoring
  [2198/4056] Yellow Starry Fen Moss (Campylium stellatum)...
    Found 38 photos, kept 16 for scoring
  [2199/4056] Shortbeak Sedge (Carex brevior)...
    Found 44 photos, kept 16 for scoring
  [2200/4056] Chinese quince (Chaenomeles speciosa)...
    Found 18 photos, kept 16 for scoring
  [2201/4056] Large-flowered Cockspurthorn (Crataegus coccinioides)...
    Found 75 photos, kept 16 for scoring
  [2202/4056] Cushion Spurge (Euphorbia epithymoides)...
    Found 23 photos, kept 16 for scoring
  [2203/4056] swamp fly honeysuckle (Lonicera oblongifolia)...
    Found 44 photos, kept 16 for scoring
  [2204/4056] bigleaf magnolia (Magnolia macrophylla)...
    Found 27 photos, kept 16 for scoring
  [2205/4056] bog-moss flapwort (Odontoschisma sphagni)...
    Found 68 photos, kept 16 for scoring
  [2206/4056] Milk Parsley (Peucedanum palustre)...
    Found 27 photos, kept 16 for scoring
  [2207/4056] Yellow groove bamboo (Phyllostachys aureosulcata)...
    Found 30 photos, kept 16 for scoring
  [2208/4056] Slender Knotweed (Polygonum tenue)...
    Found 49 photos, kept 16 for scoring
  [2209/4056] Swamp Cottonwood (Populus heterophylla)...
    Found 56 photos, kept 16 for scoring
  [2210/4056] Torrey's bulrush (Schoenoplectus torreyi)...
    Found 60 photos, kept 16 for scoring
  [2211/4056] Annual Sea-purslane (Sesuvium maritimum)...
    Found 50 photos, kept 16 for scoring
  [2212/4056] Large yellow vetch (Vicia grandiflora)...
    Found 40 photos, kept 16 for scoring
  [2213/4056] Red Hornweed (Ceramium virgatum)...
    Found 15 photos, kept 15 for scoring
  [2214/4056] Pediastrum angulosum (Pediastrum angulosum)...
    Found 21 photos, kept 16 for scoring
  [2215/4056] Marbled Screw-moss (Syntrichia papillosa)...
    Found 54 photos, kept 16 for scoring
  [2216/4056] Micrasterias laticeps (Micrasterias laticeps)...
    Found 28 photos, kept 16 for scoring
  [2217/4056] Pleurotaenium ehrenbergii (Pleurotaenium ehrenbergii)...
    Found 26 photos, kept 16 for scoring
  [2218/4056] Cosmarium contractum (Cosmarium contractum)...
    Found 14 photos, kept 14 for scoring
  [2219/4056] Micrasterias muricata (Micrasterias muricata)...
    Found 27 photos, kept 16 for scoring
  [2220/4056] common water hyacinth (Pontederia crassipes)...
    Found 22 photos, kept 16 for scoring
  [2221/4056] Small-fruited Witchgrass (Dichanthelium microcarpon)...
    Found 55 photos, kept 16 for scoring
  [2222/4056] Winged Pigweed (Dysphania atriplicifolia)...
    Found 30 photos, kept 16 for scoring
  [2223/4056] bird's-eye gilia (Gilia tricolor)...
    Found 19 photos, kept 16 for scoring
  [2224/4056] Silver Hairgrass (Aira caryophyllea)...
    Found 30 photos, kept 16 for scoring
  [2225/4056] Stinking hellebore (Helleborus foetidus)...
    Found 22 photos, kept 16 for scoring
  [2226/4056] Ivy-leaved Speedwell (Veronica hederifolia)...
    Found 19 photos, kept 16 for scoring
  [2227/4056] Toad rush (Juncus bufonius)...
    Found 38 photos, kept 16 for scoring
  [2228/4056] Italian arum (Arum italicum)...
    Found 16 photos, kept 16 for scoring
  [2229/4056] Dense-flowered Mullein (Verbascum densiflorum)...
    Found 22 photos, kept 16 for scoring
  [2230/4056] Smooth Pigweed (Amaranthus hybridus)...
    Found 24 photos, kept 16 for scoring
  [2231/4056] drummond's rockcress (Boechera stricta)...
    Found 35 photos, kept 16 for scoring
  [2232/4056] Fringed Brome (Bromus ciliatus)...
    Found 42 photos, kept 16 for scoring
  [2233/4056] Narrow-fruited Water-starwort (Callitriche palustris)...
    Found 33 photos, kept 16 for scoring
  [2234/4056] lesser tussock sedge (Carex diandra)...
    Found 63 photos, kept 16 for scoring
  [2235/4056] livid sedge (Carex livida)...
    Found 30 photos, kept 16 for scoring
  [2236/4056] Yellow Spikerush (Eleocharis flavescens)...
    Found 51 photos, kept 16 for scoring
  [2237/4056] Torrey's rush (Juncus torreyi)...
    Found 27 photos, kept 16 for scoring
  [2238/4056] Virginia Three-seed Mercury (Acalypha virginica)...
    Found 27 photos, kept 16 for scoring
  [2239/4056] Lanceleaf Loosestrife (Lysimachia lanceolata)...
    Found 29 photos, kept 16 for scoring
  [2240/4056] Waterwheel Plant (Aldrovanda vesiculosa)...
    Found 28 photos, kept 16 for scoring
  [2241/4056] Square Gooseneck Moss (Rhytidiadelphus squarrosus)...
    Found 34 photos, kept 16 for scoring
  [2242/4056] star chickweed (Stellaria pubera)...
    Found 20 photos, kept 16 for scoring
  [2243/4056] Oregon grape (Berberis aquifolium)...
    Found 28 photos, kept 16 for scoring
  [2244/4056] Frog Orchid (Dactylorhiza viridis)...
    Found 55 photos, kept 16 for scoring
  [2245/4056] Chinese privet (Ligustrum sinense)...
    Found 20 photos, kept 16 for scoring
  [2246/4056] slender woodland sedge (Carex digitalis)...
    Found 60 photos, kept 16 for scoring
  [2247/4056] Perennial Bentgrass (Agrostis perennans)...
    Found 48 photos, kept 16 for scoring
  [2248/4056] Secund Rush (Juncus secundus)...
    Found 41 photos, kept 16 for scoring
  [2249/4056] Schreber's Wood Aster (Eurybia schreberi)...
    Found 56 photos, kept 16 for scoring
  [2250/4056] Yellow Saxifrage (Saxifraga aizoides)...
    Found 30 photos, kept 16 for scoring
  [2251/4056] Hairy-fruit Sedge (Carex trichocarpa)...
    Found 27 photos, kept 16 for scoring
  [2252/4056] Crispate Smoothcap (Atrichum crispum)...
    Found 39 photos, kept 16 for scoring
  [2253/4056] fuzzy wuzzy sedge (Carex hirsutella)...
    Found 36 photos, kept 16 for scoring
  [2254/4056] Spiked Sedge (Carex spicata)...
    Found 42 photos, kept 16 for scoring
  [2255/4056] Biddlecome's Pouncewort (Cololejeunea biddlecomiae)...
    Found 53 photos, kept 16 for scoring
  [2256/4056] ozark witch-hazel (Hamamelis vernalis)...
    Found 21 photos, kept 16 for scoring
  [2257/4056] creeping St. John's-wort (Hypericum adpressum)...
    Found 53 photos, kept 16 for scoring
  [2258/4056] Bitter Panicgrass (Panicum amarum)...
    Found 32 photos, kept 16 for scoring
  [2259/4056] springs clearweed (Pilea fontana)...
    Found 40 photos, kept 16 for scoring
  [2260/4056] Bluntleaf Pondweed (Potamogeton obtusifolius)...
    Found 44 photos, kept 16 for scoring
  [2261/4056] Sessile Grimmia (Schistidium apocarpum)...
    Found 39 photos, kept 16 for scoring
  [2262/4056] New England Violet (Viola novae-angliae)...
    Found 61 photos, kept 16 for scoring
  [2263/4056] Landlady's Wig (Ahnfeltia plicata)...
    Found 13 photos, kept 13 for scoring
  [2264/4056] swamp moonwort (Botrychium tenebrosum)...
    Found 29 photos, kept 16 for scoring
  [2265/4056] Common Gromwell (Lithospermum officinale)...
    Found 31 photos, kept 16 for scoring
  [2266/4056] Pandorina morum (Pandorina morum)...
    Found 19 photos, kept 16 for scoring
  [2267/4056] Staurastrum ophiura (Staurastrum ophiura)...
    Found 15 photos, kept 15 for scoring
  [2268/4056] Euastrum humerosum (Euastrum humerosum)...
    Found 16 photos, kept 16 for scoring
  [2269/4056] Indian Elecampane (Inula racemosa)...
    Found 40 photos, kept 16 for scoring
  [2270/4056] Smith's Bulrush (Schoenoplectiella smithii)...
    Found 25 photos, kept 16 for scoring
  [2271/4056] Staurastrum tetracerum (Staurastrum tetracerum)...
    Found 19 photos, kept 16 for scoring
  [2272/4056] Closterium closterioides (Closterium closterioides)...
    Found 16 photos, kept 16 for scoring
  [2273/4056] charlock (Mutarda arvensis)...
    Found 22 photos, kept 16 for scoring
  [2274/4056] mountain andromeda (Pieris floribunda)...
    Found 22 photos, kept 16 for scoring
  [2275/4056] Menzies' baby blue eyes (Nemophila menziesii)...
    Found 22 photos, kept 16 for scoring
  [2276/4056] common flax (Linum usitatissimum)...
    Found 15 photos, kept 15 for scoring
  [2277/4056] hairy crabweed (Fatoua villosa)...
    Found 27 photos, kept 16 for scoring
  [2278/4056] Common Laburnum (Laburnum anagyroides)...
    Found 13 photos, kept 13 for scoring
  [2279/4056] Stinking chamomile (Anthemis cotula)...
    Found 15 photos, kept 15 for scoring
  [2280/4056] galax (Galax urceolata)...
    Found 20 photos, kept 16 for scoring
  [2281/4056] common hazel (Corylus avellana)...
    Found 21 photos, kept 16 for scoring
  [2282/4056] Wild Pansy (Viola tricolor)...
    Found 20 photos, kept 16 for scoring
  [2283/4056] bluebell (Hyacinthoides non-scripta)...
    Found 12 photos, kept 12 for scoring
  [2284/4056] Petty Spurge (Euphorbia peplus)...
    Found 29 photos, kept 16 for scoring
  [2285/4056] Horned Seablite (Suaeda calceoliformis)...
    Found 48 photos, kept 16 for scoring
  [2286/4056] absinthe wormwood (Artemisia absinthium)...
    Found 21 photos, kept 16 for scoring
  [2287/4056] Armenian Blackberry (Rubus armeniacus)...
    Found 32 photos, kept 16 for scoring
  [2288/4056] Rock Soapwort (Saponaria ocymoides)...
    Found 9 photos, kept 9 for scoring
  [2289/4056] ragwort (Jacobaea vulgaris)...
    Found 23 photos, kept 16 for scoring
  [2290/4056] Lesser Spearwort (Ranunculus flammula)...
    Found 32 photos, kept 16 for scoring
  [2291/4056] colonial bent (Agrostis capillaris)...
    Found 38 photos, kept 16 for scoring
  [2292/4056] Cutleaf Anemone (Anemone multifida)...
    Found 117 photos, kept 16 for scoring
  [2293/4056] little grapefern (Botrychium simplex)...
    Found 52 photos, kept 16 for scoring
  [2294/4056] pot marigold (Calendula officinalis)...
    Found 23 photos, kept 16 for scoring
  [2295/4056] drooping woodreed (Cinna latifolia)...
    Found 35 photos, kept 16 for scoring
  [2296/4056] common spikerush (Eleocharis palustris)...
    Found 54 photos, kept 16 for scoring
  [2297/4056] Small Spikerush (Eleocharis parvula)...
    Found 31 photos, kept 16 for scoring
  [2298/4056] Rose-of-sharon (Hypericum calycinum)...
    Found 14 photos, kept 14 for scoring
  [2299/4056] Ivy-leaved Duckweed (Lemna trisulca)...
    Found 28 photos, kept 16 for scoring
  [2300/4056] Apple Mint (Mentha suaveolens)...
    Found 29 photos, kept 16 for scoring
  [2301/4056] rye (Secale cereale)...
    Found 20 photos, kept 16 for scoring
  [2302/4056] Canadian buffalo-berry (Shepherdia canadensis)...
    Found 36 photos, kept 16 for scoring
  [2303/4056] Horned Pondweed (Zannichellia palustris)...
    Found 39 photos, kept 16 for scoring
  [2304/4056] Sweet Chestnut (Castanea sativa)...
    Found 28 photos, kept 16 for scoring
  [2305/4056] Water Earwort (Scapania undulata)...
    Found 66 photos, kept 16 for scoring
  [2306/4056] Sheep's Fescue (Festuca ovina)...
    Found 43 photos, kept 16 for scoring
  [2307/4056] Tall Ironweed (Vernonia gigantea)...
    Found 12 photos, kept 12 for scoring
  [2308/4056] Eastern Narrowleaf Sedge (Carex amphibola)...
    Found 66 photos, kept 16 for scoring
  [2309/4056] Autumn Crocus (Colchicum autumnale)...
    Found 16 photos, kept 16 for scoring
  [2310/4056] Garden balsam (Impatiens balsamina)...
    Found 16 photos, kept 16 for scoring
  [2311/4056] Smokebush (Cotinus coggygria)...
    Found 21 photos, kept 16 for scoring
  [2312/4056] Sand Bittercress (Cardamine parviflora)...
    Found 43 photos, kept 16 for scoring
  [2313/4056] Delicate Starwort (Asterella tenella)...
    Found 21 photos, kept 16 for scoring
  [2314/4056] Parlin's Pussytoes (Antennaria parlinii)...
    Found 27 photos, kept 16 for scoring
  [2315/4056] crested sedge (Carex cristatella)...
    Found 19 photos, kept 16 for scoring
  [2316/4056] handsome sedge (Carex formosa)...
    Found 39 photos, kept 16 for scoring
  [2317/4056] marsh straw sedge (Carex hormathodes)...
    Found 31 photos, kept 16 for scoring
  [2318/4056] false hop sedge (Carex lupuliformis)...
    Found 54 photos, kept 16 for scoring
  [2319/4056] Fanleaf Hawthorn (Crataegus flabellata)...
    Found 62 photos, kept 16 for scoring
  [2320/4056] Wiegand's wild rye (Elymus wiegandii)...
    Found 38 photos, kept 16 for scoring
  [2321/4056] Northern Comandra (Geocaulon lividum)...
    Found 46 photos, kept 16 for scoring
  [2322/4056] Mountain Winterberry (Ilex montana)...
    Found 35 photos, kept 16 for scoring
  [2323/4056] greater bird's-foot-trefoil (Lotus pedunculatus)...
    Found 27 photos, kept 16 for scoring
  [2324/4056] Appalachian adder's-mouth (Malaxis bayardii)...
    Found 27 photos, kept 16 for scoring
  [2325/4056] Alternate Water-milfoil (Myriophyllum alterniflorum)...
    Found 41 photos, kept 16 for scoring
  [2326/4056] Tufted Fen-moss (Paludella squarrosa)...
    Found 28 photos, kept 16 for scoring
  [2327/4056] Threadfoot (Podostemum ceratophyllum)...
    Found 39 photos, kept 16 for scoring
  [2328/4056] Small's yellow-eyed grass (Xyris smalliana)...
    Found 44 photos, kept 16 for scoring
  [2329/4056] roundleaf thoroughwort (Eupatorium pubescens)...
    Found 78 photos, kept 16 for scoring
  [2330/4056] northern sweetgrass (Anthoxanthum hirtum)...
    Found 29 photos, kept 16 for scoring
  [2331/4056] purple rattlesnake root (Nabalus racemosus)...
    Found 70 photos, kept 16 for scoring
  [2332/4056] Puritan Smartweed (Persicaria puritanorum)...
    Found 51 photos, kept 16 for scoring
  [2333/4056] Euastrum oblongum (Euastrum oblongum)...
    Found 16 photos, kept 16 for scoring
  [2334/4056] Trailing bellflower (Campanula poscharskyana)...
    Found 18 photos, kept 16 for scoring
  [2335/4056] Tun tree (Toona sinensis)...
    Found 22 photos, kept 16 for scoring
  [2336/4056] Closterium kuetzingii (Closterium kuetzingii)...
    Found 25 photos, kept 16 for scoring
  [2337/4056] Eudorina elegans (Eudorina elegans)...
    Found 20 photos, kept 16 for scoring
  [2338/4056] seep monkeyflower (Erythranthe guttata)...
    Found 21 photos, kept 16 for scoring
  [2339/4056] Sorastrum americanum (Sorastrum americanum)...
    Found 14 photos, kept 14 for scoring
  [2340/4056] Capillary Thread-moss (Ptychostomum capillare)...
    Found 27 photos, kept 16 for scoring
  [2341/4056] warty panic grass (Kellochloa verrucosa)...
    Found 45 photos, kept 16 for scoring
  [2342/4056] Racemose Goldenrod (Solidago racemosa)...
    Found 24 photos, kept 16 for scoring
  [2343/4056] Staurastrum sublaevispinum (Staurastrum sublaevispinum)...
    Found 19 photos, kept 16 for scoring
  [2344/4056] roughleaf dogwood (Cornus drummondii)...
    Found 18 photos, kept 16 for scoring
  [2345/4056] Square-leaved Crestwort (Chiloscyphus polyanthos)...
    Found 60 photos, kept 16 for scoring
  [2346/4056] Aquatic pygmyweed (Crassula aquatica)...
    Found 59 photos, kept 16 for scoring
  [2347/4056] American alpine speedwell (Veronica wormskjoldii)...
    Found 15 photos, kept 15 for scoring
  [2348/4056] Japanese Quince (Chaenomeles japonica)...
    Found 28 photos, kept 16 for scoring
  [2349/4056] Dropwort (Filipendula vulgaris)...
    Found 20 photos, kept 16 for scoring
  [2350/4056] kudzu (Pueraria montana)...
    Found 25 photos, kept 16 for scoring
  [2351/4056] Fragrant flatsedge (Cyperus odoratus)...
    Found 26 photos, kept 16 for scoring
  [2352/4056] corn cockle (Agrostemma githago)...
    Found 18 photos, kept 16 for scoring
  [2353/4056] Dill (Anethum graveolens)...
    Found 15 photos, kept 15 for scoring
  [2354/4056] upswept moonwort (Botrychium ascendens)...
    Found 36 photos, kept 16 for scoring
  [2355/4056] Pond water-starwort (Callitriche stagnalis)...
    Found 26 photos, kept 16 for scoring
  [2356/4056] large bindweed (Calystegia silvatica)...
    Found 21 photos, kept 16 for scoring
  [2357/4056] African love grass (Eragrostis curvula)...
    Found 49 photos, kept 16 for scoring
  [2358/4056] Kashmir Balsam (Impatiens balfourii)...
    Found 13 photos, kept 13 for scoring
  [2359/4056] dagger rush (Juncus ensifolius)...
    Found 27 photos, kept 16 for scoring
  [2360/4056] German Chamomile (Matricaria chamomilla)...
    Found 21 photos, kept 16 for scoring
  [2361/4056] southern waternymph (Najas guadalupensis)...
    Found 22 photos, kept 16 for scoring
  [2362/4056] garden parsley (Petroselinum crispum)...
    Found 13 photos, kept 13 for scoring
  [2363/4056] small pondweed (Potamogeton pusillus)...
    Found 42 photos, kept 16 for scoring
  [2364/4056] flowering spurge (Euphorbia corollata)...
    Found 19 photos, kept 16 for scoring
  [2365/4056] snow-on-the-mountain (Euphorbia marginata)...
    Found 20 photos, kept 16 for scoring
  [2366/4056] Bud-headed Groove-moss (Aulacomnium androgynum)...
    Found 42 photos, kept 16 for scoring
  [2367/4056] eastern bluestar (Amsonia tabernaemontana)...
    Found 10 photos, kept 10 for scoring
  [2368/4056] Maximilian sunflower (Helianthus maximiliani)...
    Found 24 photos, kept 16 for scoring
  [2369/4056] Heart-leaved Spear-moss (Calliergon cordifolium)...
    Found 28 photos, kept 16 for scoring
  [2370/4056] Hyacinth bean (Lablab purpureus)...
    Found 22 photos, kept 16 for scoring
  [2371/4056] Beach Cocklebur (Xanthium echinatum)...
    Found 15 photos, kept 15 for scoring
  [2372/4056] Blandow's Bog Moss (Helodium blandovii)...
    Found 23 photos, kept 16 for scoring
  [2373/4056] Fir Tamarisk-moss (Abietinella abietina)...
    Found 39 photos, kept 16 for scoring
  [2374/4056] downy pagoda plant (Blephilia ciliata)...
    Found 13 photos, kept 13 for scoring
  [2375/4056] Muhlenberg's Sedge (Carex muehlenbergii)...
    Found 48 photos, kept 16 for scoring
  [2376/4056] Marsh Thistle (Cirsium palustre)...
    Found 27 photos, kept 16 for scoring
  [2377/4056] Wright's Rosette Grass (Dichanthelium wrightianum)...
    Found 18 photos, kept 16 for scoring
  [2378/4056] slender panic grass (Dichanthelium xanthophysum)...
    Found 36 photos, kept 16 for scoring
  [2379/4056] Matted Spikerush (Eleocharis intermedia)...
    Found 36 photos, kept 16 for scoring
  [2380/4056] violet bush clover (Lespedeza frutescens)...
    Found 51 photos, kept 16 for scoring
  [2381/4056] Notched Rustwort (Marsupella emarginata)...
    Found 69 photos, kept 16 for scoring
  [2382/4056] Anomalous Flapwort (Mylia anomala)...
    Found 50 photos, kept 16 for scoring
  [2383/4056] Laurentian Primrose (Primula laurentiana)...
    Found 58 photos, kept 16 for scoring
  [2384/4056] Mistassini Primrose (Primula mistassinica)...
    Found 56 photos, kept 16 for scoring
  [2385/4056] Old Field Blackberry (Rubus alumnus)...
    Found 47 photos, kept 16 for scoring
  [2386/4056] Autumn Willow (Salix serissima)...
    Found 34 photos, kept 16 for scoring
  [2387/4056] Cream Scabious (Scabiosa ochroleuca)...
    Found 16 photos, kept 16 for scoring
  [2388/4056] Long's Bulrush (Scirpus longii)...
    Found 24 photos, kept 16 for scoring
  [2389/4056] Marsh Valerian (Valeriana uliginosa)...
    Found 97 photos, kept 16 for scoring
  [2390/4056] Seven Sons Tree (Heptacodium miconioides)...
    Found 21 photos, kept 16 for scoring
  [2391/4056] Virginia Flax (Linum virginianum)...
    Found 41 photos, kept 16 for scoring
  [2392/4056] Tickseed Sunflower (Bidens polylepis)...
    Found 32 photos, kept 16 for scoring
  [2393/4056] Biltmore Hawthorn (Crataegus biltmoreana)...
    Found 20 photos, kept 16 for scoring
  [2394/4056] Korean Euodia (Tetradium daniellii)...
    Found 26 photos, kept 16 for scoring
  [2395/4056] Pale Corydalis (Pseudofumaria alba)...
    Found 15 photos, kept 15 for scoring
  [2396/4056] Hamilton's spindle (Euonymus hamiltonianus)...
    Found 12 photos, kept 12 for scoring
  [2397/4056] Large-leaved Spindle (Euonymus latifolius)...
    Found 18 photos, kept 16 for scoring
  [2398/4056] squirrel-tail moss (Leucodon sciuroides)...
    Found 28 photos, kept 16 for scoring
  [2399/4056] Coelastrum pulchrum (Coelastrum pulchrum)...
    Found 16 photos, kept 16 for scoring
  [2400/4056] Tetmemorus brebissonii (Tetmemorus brebissonii)...
    Found 14 photos, kept 14 for scoring
  [2401/4056] Staurodesmus convergens (Staurodesmus convergens)...
    Found 12 photos, kept 12 for scoring
  [2402/4056] Microthamnion kuetzingianum (Microthamnion kuetzingianum)...
    Found 21 photos, kept 16 for scoring
  [2403/4056] Mountain Ricegrass (Piptatheropsis pungens)...
    Found 35 photos, kept 16 for scoring
  [2404/4056] blue columbine (Aquilegia coerulea)...
    Found 17 photos, kept 16 for scoring
  [2405/4056] bushy St. John's Wort (Hypericum densiflorum)...
    Found 15 photos, kept 15 for scoring
  [2406/4056] Hybrid Stonecrop (Phedimus hybridus)...
    Found 11 photos, kept 11 for scoring
  [2407/4056] Korean mulberry (Morus indica)...
    Found 11 photos, kept 11 for scoring
  [2408/4056] Micrasterias compereana (Micrasterias compereana)...
    Found 37 photos, kept 16 for scoring
  [2409/4056] Interrupted Fern (Claytosmunda claytoniana)...
    Found 12 photos, kept 12 for scoring
  [2410/4056] Rand's goldenrod (Solidago randii)...
    Found 30 photos, kept 16 for scoring
  [2411/4056] Common Fumitory (Fumaria officinalis)...
    Found 21 photos, kept 16 for scoring
  [2412/4056] Blackthorn (Prunus spinosa)...
    Found 22 photos, kept 16 for scoring
  [2413/4056] Pear-leaf Crabapple (Malus prunifolia)...
    Found 20 photos, kept 16 for scoring
  [2414/4056] Common Orache (Atriplex patula)...
    Found 19 photos, kept 16 for scoring
  [2415/4056] Siberian water-milfoil (Myriophyllum sibiricum)...
    Found 29 photos, kept 16 for scoring
  [2416/4056] early forget-me-not (Myosotis verna)...
    Found 17 photos, kept 16 for scoring
  [2417/4056] bison grass (Anthoxanthum nitens)...
    Found 28 photos, kept 16 for scoring
  [2418/4056] Slender Rockcress (Arabis pycnocarpa)...
    Found 46 photos, kept 16 for scoring
  [2419/4056] Oldfield Three-awn (Aristida oligantha)...
    Found 44 photos, kept 16 for scoring
  [2420/4056] golden corydalis (Corydalis aurea)...
    Found 25 photos, kept 16 for scoring
  [2421/4056] Ovate Spikerush (Eleocharis ovata)...
    Found 25 photos, kept 16 for scoring
  [2422/4056] marsh horsetail (Equisetum palustre)...
    Found 25 photos, kept 16 for scoring
  [2423/4056] slender water-nymph (Najas flexilis)...
    Found 29 photos, kept 16 for scoring
  [2424/4056] kiss-me-over-the-garden-gate (Persicaria orientalis)...
    Found 8 photos, kept 8 for scoring
  [2425/4056] Dwarf Glasswort (Salicornia bigelovii)...
    Found 24 photos, kept 16 for scoring
  [2426/4056] Bifid Crestwort (Lophocolea bidentata)...
    Found 51 photos, kept 16 for scoring
  [2427/4056] Chinese yam (Dioscorea polystachya)...
    Found 27 photos, kept 16 for scoring
  [2428/4056] heart-leaf golden Alexanders (Zizia aptera)...
    Found 19 photos, kept 16 for scoring
  [2429/4056] pale purple coneflower (Echinacea pallida)...
    Found 13 photos, kept 13 for scoring
  [2430/4056] Grove Meadow Grass (Poa alsodes)...
    Found 40 photos, kept 16 for scoring
  [2431/4056] blunt broom sedge (Carex tribuloides)...
    Found 40 photos, kept 16 for scoring
  [2432/4056] dogfennel (Eupatorium capillifolium)...
    Found 15 photos, kept 15 for scoring
  [2433/4056] Spiked Speedwell (Veronica spicata)...
    Found 14 photos, kept 14 for scoring
  [2434/4056] Delicate Peatmoss (Sphagnum tenellum)...
    Found 50 photos, kept 16 for scoring
  [2435/4056] Orange Peatmoss (Sphagnum subsecundum)...
    Found 65 photos, kept 16 for scoring
  [2436/4056] Carey's Smartweed (Persicaria careyi)...
    Found 41 photos, kept 16 for scoring
  [2437/4056] Longbract Spiderwort (Tradescantia bracteata)...
    Found 7 photos, kept 7 for scoring
  [2438/4056] Arctic Bentgrass (Agrostis mertensii)...
    Found 16 photos, kept 16 for scoring
  [2439/4056] Maritime Saltbush (Atriplex acadiensis)...
    Found 32 photos, kept 16 for scoring
  [2440/4056] scabrous black sedge (Carex atratiformis)...
    Found 22 photos, kept 16 for scoring
  [2441/4056] Inflated Narrow-leaved Sedge (Carex grisea)...
    Found 28 photos, kept 16 for scoring
  [2442/4056] downy thorn-apple (Datura innoxia)...
    Found 21 photos, kept 16 for scoring
  [2443/4056] Rusty Fork-moss (Dicranum spurium)...
    Found 63 photos, kept 16 for scoring
  [2444/4056] leafy spurge (Euphorbia esula)...
    Found 17 photos, kept 16 for scoring
  [2445/4056] Inflated Notchwort (Gymnocolea inflata)...
    Found 75 photos, kept 16 for scoring
  [2446/4056] mountain silverbell (Halesia tetraptera)...
    Found 13 photos, kept 13 for scoring
  [2447/4056] Forked Veilwort (Metzgeria furcata)...
    Found 27 photos, kept 16 for scoring
  [2448/4056] Field Paspalum (Paspalum laeve)...
    Found 58 photos, kept 16 for scoring
  [2449/4056] Woolly Fringe-moss (Racomitrium lanuginosum)...
    Found 26 photos, kept 16 for scoring
  [2450/4056] pinkshell azalea (Rhododendron vaseyi)...
    Found 13 photos, kept 13 for scoring
  [2451/4056] Northern Dock (Rumex longifolius)...
    Found 19 photos, kept 16 for scoring
  [2452/4056] Austin's Sphagnum (Sphagnum austinii)...
    Found 64 photos, kept 16 for scoring
  [2453/4056] yellow peatmoss (Sphagnum lescurii)...
    Found 90 photos, kept 16 for scoring
  [2454/4056] Hook-leaved Fern Moss (Thuidium recognitum)...
    Found 54 photos, kept 16 for scoring
  [2455/4056] Purple Mullein (Verbascum phoeniceum)...
    Found 22 photos, kept 16 for scoring
  [2456/4056] alpine woodsia (Woodsia alpina)...
    Found 12 photos, kept 12 for scoring
  [2457/4056] Bushy Frostweed (Crocanthemum dumosum)...
    Found 12 photos, kept 12 for scoring
  [2458/4056] Incised Fumewort (Corydalis incisa)...
    Found 24 photos, kept 16 for scoring
  [2459/4056] Closterium gracile (Closterium gracile)...
    Found 10 photos, kept 10 for scoring
  [2460/4056] Polysiphonia stricta (Polysiphonia stricta)...
    Found 20 photos, kept 16 for scoring
  [2461/4056] Pink Ivy-leaved Speedwell (Veronica sublobata)...
    Found 30 photos, kept 16 for scoring
  [2462/4056] Kolomicta (Actinidia kolomikta)...
    Found 13 photos, kept 13 for scoring
  [2463/4056] Lesser Notchwort (Isopaches bicrenatus)...
    Found 64 photos, kept 16 for scoring
  [2464/4056] lesser plait moss (Jochenia pallescens)...
    Found 30 photos, kept 16 for scoring
  [2465/4056] Black Mustard (Mutarda nigra)...
    Found 20 photos, kept 16 for scoring
  [2466/4056] Spanish needles (Bidens bipinnata)...
    Found 25 photos, kept 16 for scoring
  [2467/4056] European gooseberry (Ribes uva-crispa)...
    Found 26 photos, kept 16 for scoring
  [2468/4056] cabbage, broccoli, and allies (Brassica oleracea)...
    Found 13 photos, kept 13 for scoring
  [2469/4056] red mulberry (Morus rubra)...
    Found 18 photos, kept 16 for scoring
  [2470/4056] swamp agrimony (Agrimonia parviflora)...
    Found 31 photos, kept 16 for scoring
  [2471/4056] giant blue sage (Salvia azurea)...
    Found 27 photos, kept 16 for scoring
  [2472/4056] Variable Flatsedge (Cyperus difformis)...
    Found 36 photos, kept 16 for scoring
  [2473/4056] Tunicflower (Petrorhagia saxifraga)...
    Found 18 photos, kept 16 for scoring
  [2474/4056] Sea Thrift (Armeria maritima)...
    Found 20 photos, kept 16 for scoring
  [2475/4056] Orange Rock Hair (Trentepohlia aurea)...
    Found 22 photos, kept 16 for scoring
  [2476/4056] Sour Cherry (Prunus cerasus)...
    Found 15 photos, kept 15 for scoring
  [2477/4056] Grey Field-speedwell (Veronica polita)...
    Found 21 photos, kept 16 for scoring
  [2478/4056] Fork-tip Three-Awn (Aristida dichotoma)...
    Found 47 photos, kept 16 for scoring
  [2479/4056] alpine bittercress (Cardamine bellidifolia)...
    Found 33 photos, kept 16 for scoring
  [2480/4056] water sedge (Carex aquatilis)...
    Found 29 photos, kept 16 for scoring
  [2481/4056] narrow-leaved hawksbeard (Crepis tectorum)...
    Found 23 photos, kept 16 for scoring
  [2482/4056] Brown Flatsedge (Cyperus fuscus)...
    Found 36 photos, kept 16 for scoring
  [2483/4056] Rice flat-sedge (Cyperus iria)...
    Found 37 photos, kept 16 for scoring
  [2484/4056] Glandular Globe-thistle (Echinops sphaerocephalus)...
    Found 20 photos, kept 16 for scoring
  [2485/4056] Northern Bedstraw (Galium boreale)...
    Found 20 photos, kept 16 for scoring
  [2486/4056] boreal manna grass (Glyceria borealis)...
    Found 35 photos, kept 16 for scoring
  [2487/4056] Common Mare's Tail (Hippuris vulgaris)...
    Found 26 photos, kept 16 for scoring
  [2488/4056] spiny-spored quillwort (Isoetes echinospora)...
    Found 23 photos, kept 16 for scoring
  [2489/4056] matrimony vine (Lycium barbarum)...
    Found 18 photos, kept 16 for scoring
  [2490/4056] watermint (Mentha aquatica)...
    Found 18 photos, kept 16 for scoring
  [2491/4056] cotton thistle (Onopordum acanthium)...
    Found 17 photos, kept 16 for scoring
  [2492/4056] Wood Meadow-grass (Poa nemoralis)...
    Found 18 photos, kept 16 for scoring
  [2493/4056] Swamp Meadow-grass (Poa palustris)...
    Found 29 photos, kept 16 for scoring
  [2494/4056] Northern Pondweed (Potamogeton alpinus)...
    Found 29 photos, kept 16 for scoring
  [2495/4056] Narrow-leaved Bur-reed (Sparganium angustifolium)...
    Found 18 photos, kept 16 for scoring
  [2496/4056] prairie woundwort (Stachys pilosa)...
    Found 35 photos, kept 16 for scoring
  [2497/4056] dune tansy (Tanacetum bipinnatum)...
    Found 71 photos, kept 16 for scoring
  [2498/4056] Zigzag Bladderwort (Utricularia subulata)...
    Found 30 photos, kept 16 for scoring
  [2499/4056] northern bog violet (Viola nephrophylla)...
    Found 32 photos, kept 16 for scoring
  [2500/4056] Blueleaf Willow (Salix myricoides)...
    Found 44 photos, kept 16 for scoring
  [2501/4056] Cypress Vine (Ipomoea quamoclit)...
    Found 15 photos, kept 15 for scoring
  [2502/4056] Bulbous Woodrush (Luzula bulbosa)...
    Found 40 photos, kept 16 for scoring
  [2503/4056] Awl-leaved Earth-moss (Pleuridium subulatum)...
    Found 37 photos, kept 16 for scoring
  [2504/4056] Sibthorp's Pennywort (Hydrocotyle sibthorpioides)...
    Found 15 photos, kept 15 for scoring
  [2505/4056] Mintweed (Salvia reflexa)...
    Found 14 photos, kept 14 for scoring
  [2506/4056] yellow pimpernel (Taenidia integerrima)...
    Found 7 photos, kept 7 for scoring
  [2507/4056] buttonweed (Diodia virginiana)...
    Found 25 photos, kept 16 for scoring
  [2508/4056] Blunt-leaved Rein Orchid (Platanthera obtusata)...
    Found 38 photos, kept 16 for scoring
  [2509/4056] Prickly Wild Rose (Rosa acicularis)...
    Found 53 photos, kept 16 for scoring
  [2510/4056] Rigid Bog-moss (Sphagnum teres)...
    Found 21 photos, kept 16 for scoring
  [2511/4056] amur maackia (Maackia amurensis)...
    Found 27 photos, kept 16 for scoring
  [2512/4056] sparse-flowered sedge (Carex tenuiflora)...
    Found 31 photos, kept 16 for scoring
  [2513/4056] bird cherry (Prunus padus)...
    Found 15 photos, kept 15 for scoring
  [2514/4056] Nova Scotia False Foxglove (Agalinis neoscotica)...
    Found 33 photos, kept 16 for scoring
  [2515/4056] Seaside Threeawn (Aristida tuberculosa)...
    Found 30 photos, kept 16 for scoring
  [2516/4056] Wavy Starburst Moss (Atrichum altecristatum)...
    Found 20 photos, kept 16 for scoring
  [2517/4056] Siberian peashrub (Caragana arborescens)...
    Found 12 photos, kept 12 for scoring
  [2518/4056] hairy sedge (Carex hirtifolia)...
    Found 32 photos, kept 16 for scoring
  [2519/4056] grass-like sedge (Carex panicea)...
    Found 52 photos, kept 16 for scoring
  [2520/4056] Peck's sedge (Carex peckii)...
    Found 33 photos, kept 16 for scoring
  [2521/4056] Fogg's Goosefoot (Chenopodium foggii)...
    Found 20 photos, kept 16 for scoring
  [2522/4056] hemlock-parsley (Conioselinum chinense)...
    Found 10 photos, kept 10 for scoring
  [2523/4056] Houghton's Umbrella-sedge (Cyperus houghtonii)...
    Found 38 photos, kept 16 for scoring
  [2524/4056] Slender Spikerush (Eleocharis elliptica)...
    Found 24 photos, kept 16 for scoring
  [2525/4056] Moonflower (Ipomoea alba)...
    Found 12 photos, kept 12 for scoring
  [2526/4056] Wood Fingerwort (Kurzia sylvatica)...
    Found 50 photos, kept 16 for scoring
  [2527/4056] southern crabapple (Malus angustifolia)...
    Found 15 photos, kept 15 for scoring
  [2528/4056] Brown Beakrush (Rhynchospora fusca)...
    Found 38 photos, kept 16 for scoring
  [2529/4056] Golden Glade-moss (Rhytidium rugosum)...
    Found 29 photos, kept 16 for scoring
  [2530/4056] Bristly Blackberry (Rubus setosus)...
    Found 35 photos, kept 16 for scoring
  [2531/4056] willowleaf aster (Symphyotrichum praealtum)...
    Found 19 photos, kept 16 for scoring
  [2532/4056] Sea Oak (Phycodrys rubens)...
    Found 9 photos, kept 9 for scoring
  [2533/4056] Blue Sedge (Carex glaucodea)...
    Found 32 photos, kept 16 for scoring
  [2534/4056] Cleft-leaved Hawthorn (Crataegus schizophylla)...
    Found 21 photos, kept 16 for scoring
  [2535/4056] Low Frostweed (Crocanthemum propinquum)...
    Found 49 photos, kept 16 for scoring
  [2536/4056] Blackberry Lily (Iris domestica)...
    Found 15 photos, kept 15 for scoring
  [2537/4056] graceful spurge (Euphorbia hypericifolia)...
    Found 19 photos, kept 16 for scoring
  [2538/4056] Crenulated Flapwort (Solenostoma gracillimum)...
    Found 50 photos, kept 16 for scoring
  [2539/4056] Japanese spindle tree (Euonymus japonicus)...
    Found 21 photos, kept 16 for scoring
  [2540/4056] Green Nightshade (Solanum nitidibaccatum)...
    Found 25 photos, kept 16 for scoring
  [2541/4056] Chinese witch-hazel (Hamamelis mollis)...
    Found 20 photos, kept 16 for scoring
  [2542/4056] Euastrum crassum (Euastrum crassum)...
    Found 11 photos, kept 11 for scoring
  [2543/4056] Cosmarium punctulatum (Cosmarium punctulatum)...
    Found 9 photos, kept 9 for scoring
  [2544/4056] Euastrum ampullaceum (Euastrum ampullaceum)...
    Found 9 photos, kept 9 for scoring
  [2545/4056] Trunk Pawwort (Neoorthocaulis attenuatus)...
    Found 72 photos, kept 16 for scoring
  [2546/4056] Cowherb (Gypsophila vaccaria)...
    Found 14 photos, kept 14 for scoring
  [2547/4056] Spinoclosterium cuspidatum (Spinoclosterium cuspidatum)...
    Found 11 photos, kept 11 for scoring
  [2548/4056] Bog Notchwort (Odontoschisma fluitans)...
    Found 60 photos, kept 16 for scoring
  [2549/4056] Chinese pennisetum (Cenchrus alopecuroides)...
    Found 34 photos, kept 16 for scoring
  [2550/4056] Pea Hawthorn (Crataegus pisifera)...
    Found 36 photos, kept 16 for scoring
  [2551/4056] Catawba Rhododendron (Rhododendron catawbiense)...
    Found 24 photos, kept 16 for scoring
  [2552/4056] Western Rattlesnake Plantain (Goodyera oblongifolia)...
    Found 26 photos, kept 16 for scoring
  [2553/4056] Bearded Beggarticks (Bidens aristosa)...
    Found 10 photos, kept 10 for scoring
  [2554/4056] western maidenhair fern (Adiantum aleuticum)...
    Found 34 photos, kept 16 for scoring
  [2555/4056] downy hawthorn (Crataegus mollis)...
    Found 19 photos, kept 16 for scoring
  [2556/4056] Wild Tulip (Tulipa sylvestris)...
    Found 16 photos, kept 16 for scoring
  [2557/4056] White deadnettle (Lamium album)...
    Found 32 photos, kept 16 for scoring
  [2558/4056] Common Barley (Hordeum vulgare)...
    Found 16 photos, kept 16 for scoring
  [2559/4056] weeping willow (Salix babylonica)...
    Found 15 photos, kept 15 for scoring
  [2560/4056] Largeleaf Sandwort (Moehringia macrophylla)...
    Found 26 photos, kept 16 for scoring
  [2561/4056] unbranched bur-reed (Sparganium emersum)...
    Found 17 photos, kept 16 for scoring
  [2562/4056] Persian walnut (Juglans regia)...
    Found 15 photos, kept 15 for scoring
  [2563/4056] European dewberry (Rubus caesius)...
    Found 29 photos, kept 16 for scoring
  [2564/4056] Great burnet (Sanguisorba officinalis)...
    Found 13 photos, kept 13 for scoring
  [2565/4056] Busy Lizzie (Impatiens walleriana)...
    Found 14 photos, kept 14 for scoring
  [2566/4056] Large Water-starwort (Callitriche heterophylla)...
    Found 29 photos, kept 16 for scoring
  [2567/4056] lenticular sedge (Carex lenticularis)...
    Found 19 photos, kept 16 for scoring
  [2568/4056] Safflower (Carthamus tinctorius)...
    Found 18 photos, kept 16 for scoring
  [2569/4056] Dwarf Morning-glory (Convolvulus tricolor)...
    Found 9 photos, kept 9 for scoring
  [2570/4056] tufted hair grass (Deschampsia cespitosa)...
    Found 13 photos, kept 13 for scoring
  [2571/4056] American manna grass (Glyceria grandis)...
    Found 18 photos, kept 16 for scoring
  [2572/4056] Slim-pod Rush (Juncus diffusissimus)...
    Found 31 photos, kept 16 for scoring
  [2573/4056] Smith's Cress (Lepidium heterophyllum)...
    Found 29 photos, kept 16 for scoring
  [2574/4056] whorled water-milfoil (Myriophyllum verticillatum)...
    Found 49 photos, kept 16 for scoring
  [2575/4056] Proso Millet (Panicum miliaceum)...
    Found 15 photos, kept 15 for scoring
  [2576/4056] pale false mannagrass (Torreyochloa pallida)...
    Found 44 photos, kept 16 for scoring
  [2577/4056] spring vetch (Vicia lathyroides)...
    Found 13 photos, kept 13 for scoring
  [2578/4056] Brazilian watermeal (Wolffia brasiliensis)...
    Found 21 photos, kept 16 for scoring
  [2579/4056] northern wild rice (Zizania palustris)...
    Found 14 photos, kept 14 for scoring
  [2580/4056] Quince (Cydonia oblonga)...
    Found 14 photos, kept 14 for scoring
  [2581/4056] Fairy Flax (Linum catharticum)...
    Found 23 photos, kept 16 for scoring
  [2582/4056] American Field Chickweed (Cerastium strictum)...
    Found 28 photos, kept 16 for scoring
  [2583/4056] Aromatic Aster (Symphyotrichum oblongifolium)...
    Found 15 photos, kept 15 for scoring
  [2584/4056] agueweed (Gentianella quinquefolia)...
    Found 32 photos, kept 16 for scoring
  [2585/4056] foxtail bog clubmoss (Lycopodiella alopecuroides)...
    Found 29 photos, kept 16 for scoring
  [2586/4056] royal catchfly (Silene regia)...
    Found 10 photos, kept 10 for scoring
  [2587/4056] Maryland meadowbeauty (Rhexia mariana)...
    Found 29 photos, kept 16 for scoring
  [2588/4056] Korean Spice Viburnum (Viburnum carlesii)...
    Found 16 photos, kept 16 for scoring
  [2589/4056] Flexuous Peatmoss (Sphagnum flexuosum)...
    Found 48 photos, kept 16 for scoring
  [2590/4056] Hupeh Crabapple (Malus hupehensis)...
    Found 10 photos, kept 10 for scoring
  [2591/4056] upright hedge-parsley (Torilis japonica)...
    Found 34 photos, kept 16 for scoring
  [2592/4056] Laurentian bulblet fern (Cystopteris laurentiana)...
    Found 17 photos, kept 16 for scoring
  [2593/4056] Thunberg's lespedeza (Lespedeza thunbergii)...
    Found 26 photos, kept 16 for scoring
  [2594/4056] netted nutrush (Scleria reticularis)...
    Found 13 photos, kept 13 for scoring
  [2595/4056] silvery-flowered sedge (Carex argyrantha)...
    Found 46 photos, kept 16 for scoring
  [2596/4056] southern wild raisin (Viburnum nudum)...
    Found 9 photos, kept 9 for scoring
  [2597/4056] Whorled Mountain Mint (Pycnanthemum verticillatum)...
    Found 37 photos, kept 16 for scoring
  [2598/4056] Rough Thelia (Thelia asprella)...
    Found 31 photos, kept 16 for scoring
  [2599/4056] downy agrimony (Agrimonia pubescens)...
    Found 18 photos, kept 16 for scoring
  [2600/4056] Dwarf Anomodon Moss (Anomodon minor)...
    Found 37 photos, kept 16 for scoring
  [2601/4056] Collins' Sedge (Carex collinsii)...
    Found 24 photos, kept 16 for scoring
  [2602/4056] hairy sedge (Carex hirta)...
    Found 17 photos, kept 16 for scoring
  [2603/4056] Hitchcock's Sedge (Carex hitchcockiana)...
    Found 30 photos, kept 16 for scoring
  [2604/4056] Merritt Fernald's sedge (Carex merritt-fernaldii)...
    Found 25 photos, kept 16 for scoring
  [2605/4056] Walter's Sedge (Carex striata)...
    Found 36 photos, kept 16 for scoring
  [2606/4056] Blanchard's Hawthorn (Crataegus irrasa)...
    Found 51 photos, kept 16 for scoring
  [2607/4056] Miss Jones' hawthorn (Crataegus jonesiae)...
    Found 39 photos, kept 16 for scoring
  [2608/4056] northern witchgrass (Dichanthelium boreale)...
    Found 14 photos, kept 14 for scoring
  [2609/4056] Velvet Panicum (Dichanthelium scoparium)...
    Found 27 photos, kept 16 for scoring
  [2610/4056] white dittany (Dictamnus albus)...
    Found 13 photos, kept 13 for scoring
  [2611/4056] Tall Globe-thistle (Echinops exaltatus)...
    Found 3 photos, kept 3 for scoring
  [2612/4056] Fine-leaved Sheep's-fescue (Festuca filiformis)...
    Found 15 photos, kept 15 for scoring
  [2613/4056] Common Pocket-moss (Fissidens taxifolius)...
    Found 37 photos, kept 16 for scoring
  [2614/4056] Atlantic Ivy (Hedera hibernica)...
    Found 11 photos, kept 11 for scoring
  [2615/4056] Helodium paludosum (Helodium paludosum)...
    Found 27 photos, kept 16 for scoring
  [2616/4056] Blue Plantain-lily (Hosta ventricosa)...
    Found 24 photos, kept 16 for scoring
  [2617/4056] Sweet Iris (Iris pallida)...
    Found 10 photos, kept 10 for scoring
  [2618/4056] Streamside Leptodictyum Moss (Leptodictyum riparium)...
    Found 32 photos, kept 16 for scoring
  [2619/4056] Marsh Felwort (Lomatogonium rotatum)...
    Found 28 photos, kept 16 for scoring
  [2620/4056] Globefruit Primrose-willow (Ludwigia sphaerocarpa)...
    Found 26 photos, kept 16 for scoring
  [2621/4056] Small Mousetail Moss (Myurella julacea)...
    Found 19 photos, kept 16 for scoring
  [2622/4056] Scouler's popcornflower (Plagiobothrys scouleri)...
    Found 16 photos, kept 16 for scoring
  [2623/4056] Urn Hair Moss (Pogonatum urnigerum)...
    Found 15 photos, kept 15 for scoring
  [2624/4056] Horned Beakrush (Rhynchospora capillacea)...
    Found 27 photos, kept 16 for scoring
  [2625/4056] Appalachian Gooseberry (Ribes rotundifolium)...
    Found 12 photos, kept 12 for scoring
  [2626/4056] Green Mountain Blackberry (Rubus vermontanus)...
    Found 40 photos, kept 16 for scoring
  [2627/4056] Japanese Pearlwort (Sagina japonica)...
    Found 21 photos, kept 16 for scoring
  [2628/4056] Angerman's sphagnum (Sphagnum angermanicum)...
    Found 43 photos, kept 16 for scoring
  [2629/4056] Golden Fuzzy Fen Moss (Tomentypnum nitens)...
    Found 12 photos, kept 12 for scoring
  [2630/4056] Bushy Red Weed (Cystoclonium purpureum)...
    Found 9 photos, kept 9 for scoring
  [2631/4056] Red Puff Ball (Spermothamnion repens)...
    Found 13 photos, kept 13 for scoring
  [2632/4056] Capitate Sedge (Carex arctogena)...
    Found 40 photos, kept 16 for scoring
  [2633/4056] Long-leaved Redtop-Panicgrass (Coleataenia longifolia)...
    Found 47 photos, kept 16 for scoring
  [2634/4056] Swamp Buttercup (Ranunculus septentrionalis)...
    Found 19 photos, kept 16 for scoring
  [2635/4056] false shamrock (Oxalis triangularis)...
    Found 9 photos, kept 9 for scoring
  [2636/4056] Dawn-land sedge (Carex waponahkikensis)...
    Found 35 photos, kept 16 for scoring
  [2637/4056] Small-leaved Plantain Lily (Hosta sieboldii)...
    Found 11 photos, kept 11 for scoring
  [2638/4056] Euastrum binale (Euastrum binale)...
    Found 8 photos, kept 8 for scoring
  [2639/4056] Tetraedron minimum (Tetraedron minimum)...
    Found 19 photos, kept 16 for scoring
  [2640/4056] Closterium ehrenbergii (Closterium ehrenbergii)...
    Found 18 photos, kept 16 for scoring
  [2641/4056] Staurastrum alternans (Staurastrum alternans)...
    Found 8 photos, kept 8 for scoring
  [2642/4056] Pediastrum obtusum (Pediastrum obtusum)...
    Found 7 photos, kept 7 for scoring
  [2643/4056] Staurodesmus megacanthus (Staurodesmus megacanthus)...
    Found 10 photos, kept 10 for scoring
  [2644/4056] Eremosphaera viridis (Eremosphaera viridis)...
    Found 12 photos, kept 12 for scoring
  [2645/4056] Staurastrum furcigerum (Staurastrum furcigerum)...
    Found 13 photos, kept 13 for scoring
  [2646/4056] Kamchatka Stonecrop (Phedimus kamtschaticus)...
    Found 10 photos, kept 10 for scoring
  [2647/4056] Egyptian Walking Onion (Allium proliferum)...
    Found 7 photos, kept 7 for scoring
  [2648/4056] Cosmarium regnesi (Cosmarium regnesi)...
    Found 11 photos, kept 11 for scoring
  [2649/4056] red pigweed (Oxybasis rubra)...
    Found 27 photos, kept 16 for scoring
  [2650/4056] Closterium rostratum (Closterium rostratum)...
    Found 14 photos, kept 14 for scoring
  [2651/4056] Cosmarium ornatum (Cosmarium ornatum)...
    Found 9 photos, kept 9 for scoring
  [2652/4056] Moon-leaved Pincerwort (Fuscocephaloziopsis lunulifolia)...
    Found 33 photos, kept 16 for scoring
  [2653/4056] Polyides rotunda (Polyides rotunda)...
    Found 15 photos, kept 15 for scoring
  [2654/4056] Comb Notchwort (Sphenolobus minutus)...
    Found 69 photos, kept 16 for scoring
  [2655/4056] Scenedesmus quadricauda (Scenedesmus quadricauda)...
    Found 10 photos, kept 10 for scoring
  [2656/4056] Downy willowherb (Epilobium densum)...
    Found 38 photos, kept 16 for scoring
  [2657/4056] Cosmarium dentatum (Cosmarium dentatum)...
    Found 9 photos, kept 9 for scoring
  [2658/4056] Chenille Weed (Dasya pedicellata)...
    Found 17 photos, kept 16 for scoring
  [2659/4056] Utricularia tenuicaulis (Utricularia tenuicaulis)...
    Found 14 photos, kept 14 for scoring
  [2660/4056] Black Poplar (Populus nigra)...
    Found 18 photos, kept 16 for scoring
  [2661/4056] woodland pinedrops (Pterospora andromedea)...
    Found 32 photos, kept 16 for scoring
  [2662/4056] Bur Parsley (Anthriscus caucalis)...
    Found 13 photos, kept 13 for scoring
  [2663/4056] Blackcurrant (Ribes nigrum)...
    Found 16 photos, kept 16 for scoring
  [2664/4056] peachleaf willow (Salix amygdaloides)...
    Found 48 photos, kept 16 for scoring
  [2665/4056] goat willow (Salix caprea)...
    Found 15 photos, kept 15 for scoring
  [2666/4056] Common Honeysuckle (Lonicera periclymenum)...
    Found 23 photos, kept 16 for scoring
  [2667/4056] Palmate Germanderwort (Riccardia palmata)...
    Found 41 photos, kept 16 for scoring
  [2668/4056] Two-horned Pincerwort (Cephalozia bicuspidata)...
    Found 54 photos, kept 16 for scoring
  [2669/4056] Pale Liverwort (Chiloscyphus pallescens)...
    Found 38 photos, kept 16 for scoring
  [2670/4056] Common Oat (Avena sativa)...
    Found 13 photos, kept 13 for scoring
  [2671/4056] Red Valerian (Centranthus ruber)...
    Found 14 photos, kept 14 for scoring
  [2672/4056] biennial wormwood (Artemisia biennis)...
    Found 13 photos, kept 13 for scoring
  [2673/4056] Lovage (Levisticum officinale)...
    Found 13 photos, kept 13 for scoring
  [2674/4056] Case's ladies' tresses (Spiranthes casei)...
    Found 19 photos, kept 16 for scoring
  [2675/4056] eggplant (Solanum melongena)...
    Found 15 photos, kept 15 for scoring
  [2676/4056] eastern mosquito fern (Azolla caroliniana)...
    Found 17 photos, kept 16 for scoring
  [2677/4056] Artillery Plant (Pilea microphylla)...
    Found 10 photos, kept 10 for scoring
  [2678/4056] Creeping Bent (Agrostis stolonifera)...
    Found 40 photos, kept 16 for scoring
  [2679/4056] Yellow Flatsedge (Cyperus flavescens)...
    Found 21 photos, kept 16 for scoring
  [2680/4056] Jerusalem oak (Dysphania botrys)...
    Found 18 photos, kept 16 for scoring
  [2681/4056] Jagged Chickweed (Holosteum umbellatum)...
    Found 24 photos, kept 16 for scoring
  [2682/4056] greater poverty rush (Juncus anthelatus)...
    Found 31 photos, kept 16 for scoring
  [2683/4056] Blue statice (Limonium sinuatum)...
    Found 12 photos, kept 12 for scoring
  [2684/4056] Purple Toadflax (Linaria purpurea)...
    Found 15 photos, kept 15 for scoring
  [2685/4056] cutleaf evening primrose (Oenothera laciniata)...
    Found 27 photos, kept 16 for scoring
  [2686/4056] Small Bur-reed (Sparganium natans)...
    Found 13 photos, kept 13 for scoring
  [2687/4056] Purple Sandgrass (Triplasis purpurea)...
    Found 23 photos, kept 16 for scoring
  [2688/4056] Hoary Willowherb (Epilobium parviflorum)...
    Found 29 photos, kept 16 for scoring
  [2689/4056] Two-flower Dwarf-dandelion (Krigia biflora)...
    Found 20 photos, kept 16 for scoring
  [2690/4056] Reeve's Spirea (Spiraea cantoniensis)...
    Found 12 photos, kept 12 for scoring
  [2691/4056] Thunberg's meadowsweet (Spiraea thunbergii)...
    Found 18 photos, kept 16 for scoring
  [2692/4056] marsh pink (Sabatia stellaris)...
    Found 28 photos, kept 16 for scoring
  [2693/4056] Needle-tipped Blue-eyed-grass (Sisyrinchium mucronatum)...
    Found 21 photos, kept 16 for scoring
  [2694/4056] winecup mallow (Callirhoe involucrata)...
    Found 15 photos, kept 15 for scoring
  [2695/4056] Yellow Corydalis (Corydalis flavula)...
    Found 19 photos, kept 16 for scoring
  [2696/4056] great coneflower (Rudbeckia maxima)...
    Found 14 photos, kept 14 for scoring
  [2697/4056] Japanese Skimmia (Skimmia japonica)...
    Found 14 photos, kept 14 for scoring
  [2698/4056] Slender Cruet-moss (Tetraplodon mnioides)...
    Found 18 photos, kept 16 for scoring
  [2699/4056] sessileleaf ticktrefoil (Desmodium sessilifolium)...
    Found 19 photos, kept 16 for scoring
  [2700/4056] Malabar spinach (Basella alba)...
    Found 21 photos, kept 16 for scoring
  [2701/4056] Waterside Feather Moss (Brachythecium rivulare)...
    Found 20 photos, kept 16 for scoring
  [2702/4056] Smooth-stalk Feather-moss (Brachythecium salebrosum)...
    Found 12 photos, kept 12 for scoring
  [2703/4056] Recurved Brotherella Moss (Brotherella recurvans)...
    Found 21 photos, kept 16 for scoring
  [2704/4056] Thorow-wax (Bupleurum rotundifolium)...
    Found 12 photos, kept 12 for scoring
  [2705/4056] Crawford's sedge (Carex crawfordii)...
    Found 33 photos, kept 16 for scoring
  [2706/4056] Houghton's sedge (Carex houghtoniana)...
    Found 30 photos, kept 16 for scoring
  [2707/4056] Japanese sedge (Carex kobomugi)...
    Found 24 photos, kept 16 for scoring
  [2708/4056] Orono sedge (Carex oronensis)...
    Found 24 photos, kept 16 for scoring
  [2709/4056] variable sedge (Carex polymorpha)...
    Found 15 photos, kept 15 for scoring
  [2710/4056] prairie sedge (Carex prairea)...
    Found 10 photos, kept 10 for scoring
  [2711/4056] dioecious sedge (Carex sterilis)...
    Found 17 photos, kept 16 for scoring
  [2712/4056] Wiegand's sedge (Carex wiegandii)...
    Found 25 photos, kept 16 for scoring
  [2713/4056] red hickory (Carya ovalis)...
    Found 17 photos, kept 16 for scoring
  [2714/4056] Chinese forget-me-not (Cynoglossum amabile)...
    Found 13 photos, kept 13 for scoring
  [2715/4056] Wright's Spikerush (Eleocharis diandra)...
    Found 12 photos, kept 12 for scoring
  [2716/4056] Blue Eryngo (Eryngium planum)...
    Found 14 photos, kept 14 for scoring
  [2717/4056] yellow daylily (Hemerocallis lilioasphodelus)...
    Found 19 photos, kept 16 for scoring
  [2718/4056] Muhlenbeck's Feather-moss (Herzogiella striatella)...
    Found 53 photos, kept 16 for scoring
  [2719/4056] Forked Rush (Juncus dichotomus)...
    Found 30 photos, kept 16 for scoring
  [2720/4056] Calabash (Lagenaria siceraria)...
    Found 17 photos, kept 16 for scoring
  [2721/4056] White Woodrush (Luzula luzuloides)...
    Found 26 photos, kept 16 for scoring
  [2722/4056] miniature moneywort (Lysimachia japonica)...
    Found 10 photos, kept 10 for scoring
  [2723/4056] Round Hornwort (Notothylas orbicularis)...
    Found 11 photos, kept 11 for scoring
  [2724/4056] Woodland Cudweed (Omalotheca sylvatica)...
    Found 29 photos, kept 16 for scoring
  [2725/4056] Carolina hornwort (Phaeoceros carolinianus)...
    Found 23 photos, kept 16 for scoring
  [2726/4056] drooping bluegrass (Poa saltuensis)...
    Found 1 photos, kept 1 for scoring
  [2727/4056] River Thyme Moss (Pseudobryum cinclidioides)...
    Found 43 photos, kept 16 for scoring
  [2728/4056] Buffalo-nut (Pyrularia pubera)...
    Found 21 photos, kept 16 for scoring
  [2729/4056] Woodland Beakrush (Scirpus expansus)...
    Found 29 photos, kept 16 for scoring
  [2730/4056] Georgia Bulrush (Scirpus georgianus)...
    Found 22 photos, kept 16 for scoring
  [2731/4056] leafy bulrush (Scirpus polyphyllus)...
    Found 26 photos, kept 16 for scoring
  [2732/4056] Bog Stitchwort (Stellaria alsine)...
    Found 29 photos, kept 16 for scoring
  [2733/4056] northern bog aster (Symphyotrichum boreale)...
    Found 14 photos, kept 14 for scoring
  [2734/4056] Ontario Aster (Symphyotrichum ontarionis)...
    Found 20 photos, kept 16 for scoring
  [2735/4056] bashful wakerobin (Trillium catesbaei)...
    Found 22 photos, kept 16 for scoring
  [2736/4056] Graham's Rockcress (Boechera grahamii)...
    Found 42 photos, kept 16 for scoring
  [2737/4056] straw sedge (Carex foenea)...
    Found 12 photos, kept 12 for scoring
  [2738/4056] small yellow pond-lily (Nuphar microphylla)...
    Found 16 photos, kept 16 for scoring
  [2739/4056] small water-pepper (Persicaria minor)...
    Found 17 photos, kept 16 for scoring
  [2740/4056] Star Moss (Syntrichia ruralis)...
    Found 15 photos, kept 15 for scoring
  [2741/4056] Matted Pratia (Lobelia pedunculata)...
    Found 19 photos, kept 16 for scoring
  [2742/4056] leatherleaf mahonia (Berberis bealei)...
    Found 11 photos, kept 11 for scoring
  [2743/4056] Plumaria plumosa (Plumaria plumosa)...
    Found 15 photos, kept 15 for scoring
  [2744/4056] Silvery Crocus (Crocus biflorus)...
    Found 8 photos, kept 8 for scoring
  [2745/4056] Euastrum verrucosum (Euastrum verrucosum)...
    Found 8 photos, kept 8 for scoring
  [2746/4056] Geminella ellipsoidea (Geminella ellipsoidea)...
    Found 6 photos, kept 6 for scoring
  [2747/4056] Cosmarium porteanum (Cosmarium porteanum)...
    Found 9 photos, kept 9 for scoring
  [2748/4056] Staurodesmus cuspidatus (Staurodesmus cuspidatus)...
    Found 11 photos, kept 11 for scoring
  [2749/4056] Staurastrum leptocladum (Staurastrum leptocladum)...
    Found 9 photos, kept 9 for scoring
  [2750/4056] Micrasterias foliacea (Micrasterias foliacea)...
    Found 8 photos, kept 8 for scoring
  [2751/4056] Euastrum divaricatum (Euastrum divaricatum)...
    Found 5 photos, kept 5 for scoring
  [2752/4056] Closterium lunula (Closterium lunula)...
    Found 16 photos, kept 16 for scoring
  [2753/4056] Closterium aciculare (Closterium aciculare)...
    Found 11 photos, kept 11 for scoring
  [2754/4056] Oeder's Apple-moss (Plagiopus oederianus)...
    Found 16 photos, kept 16 for scoring
  [2755/4056] Micrasterias brachyptera (Micrasterias brachyptera)...
    Found 11 photos, kept 11 for scoring
  [2756/4056] Thymeleaf Sandmat (Euphorbia serpillifolia)...
    Found 15 photos, kept 15 for scoring
  [2757/4056] Closterium acutum (Closterium acutum)...
    Found 10 photos, kept 10 for scoring
  [2758/4056] Vertebrata fucoides (Vertebrata fucoides)...
    Found 10 photos, kept 10 for scoring
  [2759/4056] Spondylosium pulchrum (Spondylosium pulchrum)...
    Found 9 photos, kept 9 for scoring
  [2760/4056] Tripora divaricata (Tripora divaricata)...
    Found 3 photos, kept 3 for scoring
  [2761/4056] Sticky Catchfly (Viscaria vulgaris)...
    Found 16 photos, kept 16 for scoring
  [2762/4056] Longbeak buttercup (Ranunculus longirostris)...
    Found 40 photos, kept 16 for scoring
  [2763/4056] Many-seeded Goosefoot (Lipandra polysperma)...
    Found 12 photos, kept 12 for scoring
  [2764/4056] meadow fescue (Lolium pratense)...
    Found 19 photos, kept 16 for scoring
  [2765/4056] Lacunastrum gracillimum (Lacunastrum gracillimum)...
    Found 9 photos, kept 9 for scoring
  [2766/4056] Common mouse-ear chickweed (Cerastium holosteoides)...
    Found 16 photos, kept 16 for scoring
  [2767/4056] Comasiella arcuata (Comasiella arcuata)...
    Found 10 photos, kept 10 for scoring
  [2768/4056] Blunt-leaved Bristle Moss (Nyholmiella obtusifolia)...
    Found 23 photos, kept 16 for scoring
  [2769/4056] lesser bird's-claw beard-moss (Streblotrichum convolutum)...
    Found 19 photos, kept 16 for scoring
  [2770/4056] Asiatic Greenhead Sedge (Cyperus brevifolioides)...
    Found 31 photos, kept 16 for scoring
  [2771/4056] Slender parsley-piert (Alchemilla australis)...
    Found 23 photos, kept 16 for scoring
  [2772/4056] Brazilian elodea (Elodea densa)...
    Found 20 photos, kept 16 for scoring
  [2773/4056] bristly buttercup (Ranunculus hispidus)...
    Found 28 photos, kept 16 for scoring
  [2774/4056] Stone's Hawthorn (Crataegus stonei)...
    Found 12 photos, kept 12 for scoring
  [2775/4056] desert bluebells (Phacelia campanularia)...
    Found 15 photos, kept 15 for scoring
  [2776/4056] Buttonbush Dodder (Cuscuta cephalanthi)...
    Found 8 photos, kept 8 for scoring
  [2777/4056] Oval Leaf Knotweed (Polygonum arenastrum)...
    Found 20 photos, kept 16 for scoring
  [2778/4056] Heartleaf Foamflower (Tiarella cordifolia)...
    Found 8 photos, kept 8 for scoring
  [2779/4056] fleshy hawthorn (Crataegus succulenta)...
    Found 28 photos, kept 16 for scoring
  [2780/4056] Salad Burnet (Sanguisorba minor)...
    Found 16 photos, kept 16 for scoring
  [2781/4056] European Hornbeam (Carpinus betulus)...
    Found 14 photos, kept 14 for scoring
  [2782/4056] Cherry-plum (Prunus cerasifera)...
    Found 16 photos, kept 16 for scoring
  [2783/4056] Oxlip (Primula elatior)...
    Found 14 photos, kept 14 for scoring
  [2784/4056] Long-headed poppy (Papaver dubium)...
    Found 10 photos, kept 10 for scoring
  [2785/4056] Bunch-flowered Daffodil (Narcissus tazetta)...
    Found 15 photos, kept 15 for scoring
  [2786/4056] Common vervain (Verbena officinalis)...
    Found 9 photos, kept 9 for scoring
  [2787/4056] Fragrant Macewort (Mannia fragrans)...
    Found 15 photos, kept 15 for scoring
  [2788/4056] Rock Veilwort (Metzgeria conjugata)...
    Found 17 photos, kept 16 for scoring
  [2789/4056] Hairy Scalewort (Frullania bolanderi)...
    Found 38 photos, kept 16 for scoring
  [2790/4056] Alpine Squill (Scilla bifolia)...
    Found 16 photos, kept 16 for scoring
  [2791/4056] hoop-petticoat daffodil (Narcissus bulbocodium)...
    Found 16 photos, kept 16 for scoring
  [2792/4056] Stinkwort (Dittrichia graveolens)...
    Found 8 photos, kept 8 for scoring
  [2793/4056] American three-square bulrush (Schoenoplectus americanus)...
    Found 21 photos, kept 16 for scoring
  [2794/4056] red fescue (Festuca rubra)...
    Found 17 photos, kept 16 for scoring
  [2795/4056] slender wheat grass (Elymus trachycaulus)...
    Found 10 photos, kept 10 for scoring
  [2796/4056] Largeflower pink-sorrel (Oxalis debilis)...
    Found 18 photos, kept 16 for scoring
  [2797/4056] Large-flowered Evening-primrose (Oenothera glazioviana)...
    Found 17 photos, kept 16 for scoring
  [2798/4056] Common Harebell (Campanula rotundifolia)...
    Found 17 photos, kept 16 for scoring
  [2799/4056] Avocado (Persea americana)...
    Found 13 photos, kept 13 for scoring
  [2800/4056] Madagascar Periwinkle (Catharanthus roseus)...
    Found 13 photos, kept 13 for scoring
  [2801/4056] Brown Mustard (Brassica juncea)...
    Found 17 photos, kept 16 for scoring
  [2802/4056] Russian olive (Elaeagnus angustifolia)...
    Found 24 photos, kept 16 for scoring
  [2803/4056] Watermelon (Citrullus lanatus)...
    Found 12 photos, kept 12 for scoring
  [2804/4056] Canadian milkvetch (Astragalus canadensis)...
    Found 9 photos, kept 9 for scoring
  [2805/4056] Muskmelon (Cucumis melo)...
    Found 14 photos, kept 14 for scoring
  [2806/4056] Perennial Wall-rocket (Diplotaxis tenuifolia)...
    Found 20 photos, kept 16 for scoring
  [2807/4056] tapered rush (Juncus acuminatus)...
    Found 25 photos, kept 16 for scoring
  [2808/4056] Knotted Rush (Juncus nodosus)...
    Found 26 photos, kept 16 for scoring
  [2809/4056] Sweet pea (Lathyrus odoratus)...
    Found 16 photos, kept 16 for scoring
  [2810/4056] Mexican Muhly (Muhlenbergia mexicana)...
    Found 24 photos, kept 16 for scoring
  [2811/4056] Woodland Tobacco (Nicotiana sylvestris)...
    Found 8 photos, kept 8 for scoring
  [2812/4056] Douglas' knotweed (Polygonum douglasii)...
    Found 46 photos, kept 16 for scoring
  [2813/4056] lesser wintergreen (Pyrola minor)...
    Found 37 photos, kept 16 for scoring
  [2814/4056] Pennsylvania Blackberry (Rubus pensilvanicus)...
    Found 24 photos, kept 16 for scoring
  [2815/4056] Night-flowering Catchfly (Silene noctiflora)...
    Found 20 photos, kept 16 for scoring
  [2816/4056] poverty dropseed (Sporobolus vaginiflorus)...
    Found 15 photos, kept 15 for scoring
  [2817/4056] Mexican Marigold (Tagetes erecta)...
    Found 8 photos, kept 8 for scoring
  [2818/4056] Chinese elm (Ulmus parvifolia)...
    Found 20 photos, kept 16 for scoring
  [2819/4056] wine grape (Vitis vinifera)...
    Found 16 photos, kept 16 for scoring
  [2820/4056] Columbian Watermeal (Wolffia columbiana)...
    Found 23 photos, kept 16 for scoring
  [2821/4056] Zigzag Clover (Trifolium medium)...
    Found 23 photos, kept 16 for scoring
  [2822/4056] Bebb's Sedge (Carex bebbii)...
    Found 18 photos, kept 16 for scoring
  [2823/4056] Oakes' Evening-primrose (Oenothera oakesiana)...
    Found 13 photos, kept 13 for scoring
  [2824/4056] blue spruce (Picea pungens)...
    Found 17 photos, kept 16 for scoring
  [2825/4056] mophead hydrangea (Hydrangea macrophylla)...
    Found 12 photos, kept 12 for scoring
  [2826/4056] winter squash (Cucurbita maxima)...
    Found 5 photos, kept 5 for scoring
  [2827/4056] Wall Screw-moss (Tortula muralis)...
    Found 18 photos, kept 16 for scoring
  [2828/4056] ashy sunflower (Helianthus mollis)...
    Found 11 photos, kept 11 for scoring
  [2829/4056] Helmet skullcap (Scutellaria integrifolia)...
    Found 12 photos, kept 12 for scoring
  [2830/4056] sea heart (Entada gigas)...
    Found 8 photos, kept 8 for scoring
  [2831/4056] Japanese snowbell (Styrax japonicus)...
    Found 16 photos, kept 16 for scoring
  [2832/4056] Nodding Fescue (Festuca subverticillata)...
    Found 29 photos, kept 16 for scoring
  [2833/4056] Cylindrical Thimbleweed (Anemone cylindrica)...
    Found 15 photos, kept 15 for scoring
  [2834/4056] Starry rosinweed (Silphium asteriscus)...
    Found 14 photos, kept 14 for scoring
  [2835/4056] central sphagnum moss (Sphagnum centrale)...
    Found 44 photos, kept 16 for scoring
  [2836/4056] Narrowleaf Peatmoss (Sphagnum angustifolium)...
    Found 29 photos, kept 16 for scoring
  [2837/4056] Panicle Hydrangea (Hydrangea paniculata)...
    Found 11 photos, kept 11 for scoring
  [2838/4056] Carolina hemlock (Tsuga caroliniana)...
    Found 32 photos, kept 16 for scoring
  [2839/4056] Whip Nutrush (Scleria triglomerata)...
    Found 14 photos, kept 14 for scoring
  [2840/4056] Bluntleaf Bedstraw (Galium obtusum)...
    Found 21 photos, kept 16 for scoring
  [2841/4056] Scarlet Hawthorn (Crataegus coccinea)...
    Found 27 photos, kept 16 for scoring
  [2842/4056] Winter Bentgrass (Agrostis hyemalis)...
    Found 25 photos, kept 16 for scoring
  [2843/4056] field locoweed (Oxytropis campestris)...
    Found 65 photos, kept 16 for scoring
  [2844/4056] False Indian Plantain (Hasteola suaveolens)...
    Found 16 photos, kept 16 for scoring
  [2845/4056] smaller white snakeroot (Ageratina aromatica)...
    Found 17 photos, kept 16 for scoring
  [2846/4056] Black Rock Moss (Andreaea rupestris)...
    Found 36 photos, kept 16 for scoring
  [2847/4056] Rambling Tail-moss (Anomodon viticulosus)...
    Found 11 photos, kept 11 for scoring
  [2848/4056] Tatarian Aster (Aster tataricus)...
    Found 18 photos, kept 16 for scoring
  [2849/4056] Strongly Crispate Smoothcap (Atrichum crispulum)...
    Found 29 photos, kept 16 for scoring
  [2850/4056] Turgid Aulacomnium Moss (Aulacomnium turgidum)...
    Found 10 photos, kept 10 for scoring
  [2851/4056] broad-glumed brome (Bromus latiglumis)...
    Found 16 photos, kept 16 for scoring
  [2852/4056] Hairy Woodland Brome (Bromus pubescens)...
    Found 28 photos, kept 16 for scoring
  [2853/4056] Bicoloured Bryum (Bryum dichotomum)...
    Found 42 photos, kept 16 for scoring
  [2854/4056] Greenwhite Sedge (Carex albolutescens)...
    Found 11 photos, kept 11 for scoring
  [2855/4056] Little Mouse-ear (Cerastium semidecandrum)...
    Found 15 photos, kept 15 for scoring
  [2856/4056] Schuette's Hawthorn (Crataegus schuettei)...
    Found 33 photos, kept 16 for scoring
  [2857/4056] Rock Pocket-moss (Fissidens dubius)...
    Found 36 photos, kept 16 for scoring
  [2858/4056] Cupped Water Moss (Fontinalis dalecarlica)...
    Found 19 photos, kept 16 for scoring
  [2859/4056] Fontinalis sphagnifolia (Fontinalis sphagnifolia)...
    Found 21 photos, kept 16 for scoring
  [2860/4056] Sullivant's Willow Moss (Fontinalis sullivantii)...
    Found 12 photos, kept 12 for scoring
  [2861/4056] Mudmat (Glossostigma cleistanthum)...
    Found 13 photos, kept 13 for scoring
  [2862/4056] pale-leaved woodland sunflower (Helianthus strumosus)...
    Found 13 photos, kept 13 for scoring
  [2863/4056] Kidneyleaf mud plantain (Heteranthera reniformis)...
    Found 23 photos, kept 16 for scoring
  [2864/4056] Scarlet Rosemallow (Hibiscus coccineus)...
    Found 19 photos, kept 16 for scoring
  [2865/4056] Shaded Wood-moss (Hylocomiastrum umbratum)...
    Found 22 photos, kept 16 for scoring
  [2866/4056] Perennial Candytuft (Iberis sempervirens)...
    Found 9 photos, kept 9 for scoring
  [2867/4056] Lesser Crestwort (Lophocolea minor)...
    Found 27 photos, kept 16 for scoring
  [2868/4056] taperleaf waterhorehound (Lycopus rubellus)...
    Found 34 photos, kept 16 for scoring
  [2869/4056] Virginia Stock (Malcolmia maritima)...
    Found 10 photos, kept 10 for scoring
  [2870/4056] Japanese silver grass (Miscanthus sacchariflorus)...
    Found 15 photos, kept 15 for scoring
  [2871/4056] fall dropseed muhly (Muhlenbergia uniflora)...
    Found 18 photos, kept 16 for scoring
  [2872/4056] Scentless Mock Orange (Philadelphus inodorus)...
    Found 14 photos, kept 14 for scoring
  [2873/4056] Alpine Haircap Moss (Polytrichastrum alpinum)...
    Found 30 photos, kept 16 for scoring
  [2874/4056] Eastern Haircap Moss (Polytrichum pallidisetum)...
    Found 14 photos, kept 14 for scoring
  [2875/4056] Creeping cinquefoil (Potentilla reptans)...
    Found 15 photos, kept 15 for scoring
  [2876/4056] Arrow Bamboo (Pseudosasa japonica)...
    Found 16 photos, kept 16 for scoring
  [2877/4056] Small Yellow Water-crowfoot (Ranunculus gmelinii)...
    Found 73 photos, kept 16 for scoring
  [2878/4056] Appalachian penny moss (Rhizomnium appalachianum)...
    Found 11 photos, kept 11 for scoring
  [2879/4056] narrowfruit horned beaksedge (Rhynchospora inundata)...
    Found 16 photos, kept 16 for scoring
  [2880/4056] Rhynchospora torreyana (Rhynchospora torreyana)...
    Found 10 photos, kept 10 for scoring
  [2881/4056] Amphibious Yellowcress (Rorippa amphibia)...
    Found 23 photos, kept 16 for scoring
  [2882/4056] Seabeach Dock (Rumex pallidus)...
    Found 21 photos, kept 16 for scoring
  [2883/4056] Slender Wedgescale (Sphenopholis intermedia)...
    Found 32 photos, kept 16 for scoring
  [2884/4056] Small Twisted Moss (Tortella humilis)...
    Found 30 photos, kept 16 for scoring
  [2885/4056] Trematodon longicollis (Trematodon longicollis)...
    Found 10 photos, kept 10 for scoring
  [2886/4056] Clinton's Bulrush (Trichophorum clintonii)...
    Found 20 photos, kept 16 for scoring
  [2887/4056] Wych Elm (Ulmus glabra)...
    Found 15 photos, kept 15 for scoring
  [2888/4056] Green-tufted Stubble Moss (Weissia controversa)...
    Found 21 photos, kept 16 for scoring
  [2889/4056] Turkey beard (Xerophyllum asphodeloides)...
    Found 13 photos, kept 13 for scoring
  [2890/4056] clasping coneflower (Rudbeckia amplexicaulis)...
    Found 10 photos, kept 10 for scoring
  [2891/4056] Hen Pen (Bryopsis plumosa)...
    Found 17 photos, kept 16 for scoring
  [2892/4056] Common Glasswort (Salicornia europaea)...
    Found 11 photos, kept 11 for scoring
  [2893/4056] Peanutgrass (Amphicarpum amphicarpon)...
    Found 36 photos, kept 16 for scoring
  [2894/4056] Compact Rush (Juncus conglomeratus)...
    Found 27 photos, kept 16 for scoring
  [2895/4056] Hungarian Lilac (Syringa josikaea)...
    Found 13 photos, kept 13 for scoring
  [2896/4056] Sphagnum subfulvum (Sphagnum subfulvum)...
    Found 65 photos, kept 16 for scoring
  [2897/4056] Liriope (Liriope muscari)...
    Found 14 photos, kept 14 for scoring
  [2898/4056] Caucasian Comfrey (Symphytum caucasicum)...
    Found 10 photos, kept 10 for scoring
  [2899/4056] Golden Feather-moss (Campyliadelphus chrysophyllus)...
    Found 36 photos, kept 16 for scoring
  [2900/4056] Water Net (Hydrodictyon reticulatum)...
    Found 18 photos, kept 16 for scoring
  [2901/4056] smooth hornwort (Phaeoceros laevis)...
    Found 15 photos, kept 15 for scoring
  [2902/4056] European bladdernut (Staphylea pinnata)...
    Found 19 photos, kept 16 for scoring
  [2903/4056] Sweet Spurge (Euphorbia dulcis)...
    Found 8 photos, kept 8 for scoring
  [2904/4056] Trentepohlia umbrina (Trentepohlia umbrina)...
    Found 13 photos, kept 13 for scoring
  [2905/4056] Sphagnum beothuk (Sphagnum beothuk)...
    Found 42 photos, kept 16 for scoring
  [2906/4056] Cosmarium granatum (Cosmarium granatum)...
    Found 7 photos, kept 7 for scoring
  [2907/4056] Nephrocytium agardhianum (Nephrocytium agardhianum)...
    Found 7 photos, kept 7 for scoring
  [2908/4056] Cosmarium impressulum (Cosmarium impressulum)...
    Found 6 photos, kept 6 for scoring
  [2909/4056] Teilingia granulata (Teilingia granulata)...
    Found 5 photos, kept 5 for scoring
  [2910/4056] Dictyosphaerium ehrenbergianum (Dictyosphaerium ehrenbergianum)...
    Found 5 photos, kept 5 for scoring
  [2911/4056] Micrasterias torreyi (Micrasterias torreyi)...
    Found 9 photos, kept 9 for scoring
  [2912/4056] fragile stonewort (Chara globularis)...
    Found 23 photos, kept 16 for scoring
  [2913/4056] common stonewort (Chara vulgaris)...
    Found 22 photos, kept 16 for scoring
  [2914/4056] Lesser Calamint (Clinopodium nepeta)...
    Found 11 photos, kept 11 for scoring
  [2915/4056] Ankistrodesmus fusiformis (Ankistrodesmus fusiformis)...
    Found 8 photos, kept 8 for scoring
  [2916/4056] Royal Mallow (Malva trimestris)...
    Found 8 photos, kept 8 for scoring
  [2917/4056] red bistort (Bistorta amplexicaulis)...
    Found 10 photos, kept 10 for scoring
  [2918/4056] Northern Wild Comfrey (Andersonglossum boreale)...
    Found 35 photos, kept 16 for scoring
  [2919/4056] Chaetophora lobata (Chaetophora lobata)...
    Found 25 photos, kept 16 for scoring
  [2920/4056] eastern brackenfern (Pteridium latiusculum)...
    Found 17 photos, kept 16 for scoring
  [2921/4056] Planotaenium interruptum (Planotaenium interruptum)...
    Found 10 photos, kept 10 for scoring
  [2922/4056] Eurasian maple-leaved goosefoot (Chenopodiastrum hybridum)...
    Found 8 photos, kept 8 for scoring
  [2923/4056] Sphagnum missouricum (Sphagnum missouricum)...
    Found 48 photos, kept 16 for scoring
  [2924/4056] Staurastrum hystrix (Staurastrum hystrix)...
    Found 5 photos, kept 5 for scoring
  [2925/4056] Divine Bogmoss (Sphagnum divinum)...
    Found 47 photos, kept 16 for scoring
  [2926/4056] Hindakia tetrachotoma (Hindakia tetrachotoma)...
    Found 8 photos, kept 8 for scoring
  [2927/4056] Desmodesmus brasiliensis (Desmodesmus brasiliensis)...
    Found 7 photos, kept 7 for scoring
  [2928/4056] false bearded panic grass (Dichanthelium mattamuskeetense)...
    Found 27 photos, kept 16 for scoring
  [2929/4056] pennyroyal bluecurls (Trichostema coeruleum)...
    Found 6 photos, kept 6 for scoring
  [2930/4056] Champia farlowii (Champia farlowii)...
    Found 7 photos, kept 7 for scoring
  [2931/4056] Gonatozygon kinahanii (Gonatozygon kinahanii)...
    Found 7 photos, kept 7 for scoring
  [2932/4056] Narrow-panicle Rush (Juncus tweedyi)...
    Found 21 photos, kept 16 for scoring
  [2933/4056] Crataegus aquilonaris (Crataegus aquilonaris)...
    Found 25 photos, kept 16 for scoring
  [2934/4056] Monactinus biwae (Monactinus biwae)...
    Found 15 photos, kept 15 for scoring
  [2935/4056] Toad Lily (Tricyrtis hirta)...
    Found 6 photos, kept 6 for scoring
  [2936/4056] stellar calcareous moss (Mnium stellare)...
    Found 26 photos, kept 16 for scoring
  [2937/4056] small-leaf bramble (Rubus parvifolius)...
    Found 12 photos, kept 12 for scoring
  [2938/4056] marsh mallow (Althaea officinalis)...
    Found 12 photos, kept 12 for scoring
  [2939/4056] milk thistle (Silybum marianum)...
    Found 12 photos, kept 12 for scoring
  [2940/4056] mountain sweet cicely (Osmorhiza berteroi)...
    Found 19 photos, kept 16 for scoring
  [2941/4056] Wall cotoneaster (Cotoneaster horizontalis)...
    Found 10 photos, kept 10 for scoring
  [2942/4056] common hops (Humulus lupulus)...
    Found 15 photos, kept 15 for scoring
  [2943/4056] Smooth hawksbeard (Crepis capillaris)...
    Found 15 photos, kept 15 for scoring
  [2944/4056] Virginia snakeroot (Aristolochia serpentaria)...
    Found 17 photos, kept 16 for scoring
  [2945/4056] Chinese gooseberry (Actinidia chinensis)...
    Found 6 photos, kept 6 for scoring
  [2946/4056] sea kale (Crambe maritima)...
    Found 9 photos, kept 9 for scoring
  [2947/4056] golden currant (Ribes aureum)...
    Found 15 photos, kept 15 for scoring
  [2948/4056] white fawnlily (Erythronium albidum)...
    Found 7 photos, kept 7 for scoring
  [2949/4056] Field woodrush (Luzula campestris)...
    Found 21 photos, kept 16 for scoring
  [2950/4056] basket willow (Salix viminalis)...
    Found 8 photos, kept 8 for scoring
  [2951/4056] hemp agrimony (Eupatorium cannabinum)...
    Found 20 photos, kept 16 for scoring
  [2952/4056] saltcedar (Tamarix ramosissima)...
    Found 16 photos, kept 16 for scoring
  [2953/4056] Bog Germanderwort (Riccardia latifrons)...
    Found 36 photos, kept 16 for scoring
  [2954/4056] European mistletoe (Viscum album)...
    Found 18 photos, kept 16 for scoring
  [2955/4056] bluehead gilia (Gilia capitata)...
    Found 16 photos, kept 16 for scoring
  [2956/4056] Johnson grass (Sorghum halepense)...
    Found 29 photos, kept 16 for scoring
  [2957/4056] Hoary Plantain (Plantago media)...
    Found 13 photos, kept 13 for scoring
  [2958/4056] Hairy Hawkbit (Leontodon saxatilis)...
    Found 17 photos, kept 16 for scoring
  [2959/4056] Spotted medick (Medicago arabica)...
    Found 17 photos, kept 16 for scoring
  [2960/4056] Auricled Twayblade (Neottia auriculata)...
    Found 5 photos, kept 5 for scoring
  [2961/4056] Peanut (Arachis hypogaea)...
    Found 14 photos, kept 14 for scoring
  [2962/4056] Sharp-leaved Fluellen (Kickxia elatine)...
    Found 13 photos, kept 13 for scoring
  [2963/4056] Atlantic camas (Camassia scilloides)...
    Found 8 photos, kept 8 for scoring
  [2964/4056] Elegant Silk-moss (Pseudotaxiphyllum elegans)...
    Found 33 photos, kept 16 for scoring
  [2965/4056] Common Pincushion (Dicranoweisia cirrata)...
    Found 13 photos, kept 13 for scoring
  [2966/4056] Blue Grama (Bouteloua gracilis)...
    Found 9 photos, kept 9 for scoring
  [2967/4056] Garlic (Allium sativum)...
    Found 9 photos, kept 9 for scoring
  [2968/4056] rough-fruit amaranth (Amaranthus tuberculatus)...
    Found 13 photos, kept 13 for scoring
  [2969/4056] green amaranth (Amaranthus viridis)...
    Found 10 photos, kept 10 for scoring
  [2970/4056] Sideoats Grama (Bouteloua curtipendula)...
    Found 11 photos, kept 11 for scoring
  [2971/4056] Japanese brome (Bromus japonicus)...
    Found 10 photos, kept 10 for scoring
  [2972/4056] tumble windmillgrass (Chloris verticillata)...
    Found 14 photos, kept 14 for scoring
  [2973/4056] marsh willowherb (Epilobium palustre)...
    Found 14 photos, kept 14 for scoring
  [2974/4056] green poinsettia (Euphorbia dentata)...
    Found 7 photos, kept 7 for scoring
  [2975/4056] showy baby's-breath (Gypsophila elegans)...
    Found 16 photos, kept 16 for scoring
  [2976/4056] Glandular Baby's-breath (Gypsophila scorzonerifolia)...
    Found 17 photos, kept 16 for scoring
  [2977/4056] Bitterweed (Helenium amarum)...
    Found 12 photos, kept 12 for scoring
  [2978/4056] Rough Meadow-grass (Poa trivialis)...
    Found 12 photos, kept 12 for scoring
  [2979/4056] Sweet-brier (Rosa rubiginosa)...
    Found 16 photos, kept 16 for scoring
  [2980/4056] pacific golden dock (Rumex persicarioides)...
    Found 9 photos, kept 9 for scoring
  [2981/4056] white willow dock (Rumex triangulivalvis)...
    Found 20 photos, kept 16 for scoring
  [2982/4056] creeping sibbaldia (Sibbaldia procumbens)...
    Found 12 photos, kept 12 for scoring
  [2983/4056] Field Elm (Ulmus minor)...
    Found 16 photos, kept 16 for scoring
  [2984/4056] Slender Clubmoss (Pseudolycopodiella caroliniana)...
    Found 8 photos, kept 8 for scoring
  [2985/4056] Slender Rose Gentian (Sabatia campanulata)...
    Found 13 photos, kept 13 for scoring
  [2986/4056] yellow buckeye (Aesculus flava)...
    Found 10 photos, kept 10 for scoring
  [2987/4056] northeastern bulrush (Scirpus ancistrochaetus)...
    Found 28 photos, kept 16 for scoring
  [2988/4056] Hill's pondweed (Potamogeton hillii)...
    Found 17 photos, kept 16 for scoring
  [2989/4056] Common Sea-lavender (Limonium vulgare)...
    Found 8 photos, kept 8 for scoring
  [2990/4056] southern blue monkshood (Aconitum uncinatum)...
    Found 14 photos, kept 14 for scoring
  [2991/4056] compass plant (Silphium laciniatum)...
    Found 10 photos, kept 10 for scoring
  [2992/4056] slender glasswort (Salicornia maritima)...
    Found 15 photos, kept 15 for scoring
  [2993/4056] Squash (Cucurbita moschata)...
    Found 10 photos, kept 10 for scoring
  [2994/4056] Dusky Fork-moss (Dicranum fuscescens)...
    Found 25 photos, kept 16 for scoring
  [2995/4056] Drummond's phlox (Phlox drummondii)...
    Found 7 photos, kept 7 for scoring
  [2996/4056] Lenten-rose (Helleborus orientalis)...
    Found 6 photos, kept 6 for scoring
  [2997/4056] frost grape (Vitis vulpina)...
    Found 7 photos, kept 7 for scoring
  [2998/4056] Heavenly bamboo (Nandina domestica)...
    Found 15 photos, kept 15 for scoring
  [2999/4056] Ivy-leaved cyclamen (Cyclamen hederifolium)...
    Found 13 photos, kept 13 for scoring
  [3000/4056] Paper mulberry (Broussonetia papyrifera)...
    Found 15 photos, kept 15 for scoring
  [3001/4056] spreading chervil (Chaerophyllum procumbens)...
    Found 10 photos, kept 10 for scoring
  [3002/4056] climbing prairie rose (Rosa setigera)...
    Found 16 photos, kept 16 for scoring
  [3003/4056] Globe Flatsedge (Cyperus echinatus)...
    Found 16 photos, kept 16 for scoring
  [3004/4056] Yellow Fringe-moss (Racomitrium aciculare)...
    Found 17 photos, kept 16 for scoring
  [3005/4056] Spring Avens (Geum vernum)...
    Found 26 photos, kept 16 for scoring
  [3006/4056] cream-colored avens (Geum virginianum)...
    Found 18 photos, kept 16 for scoring
  [3007/4056] Annual Seepweed (Suaeda linearis)...
    Found 21 photos, kept 16 for scoring
  [3008/4056] summer bluet (Houstonia purpurea)...
    Found 15 photos, kept 15 for scoring
  [3009/4056] Livelong Saxifrage (Saxifraga paniculata)...
    Found 22 photos, kept 16 for scoring
  [3010/4056] Black-eyed Susan vine (Thunbergia alata)...
    Found 16 photos, kept 16 for scoring
  [3011/4056] Five-ranked Bogmoss (Sphagnum quinquefarium)...
    Found 24 photos, kept 16 for scoring
  [3012/4056] Greater Peatmoss (Sphagnum majus)...
    Found 31 photos, kept 16 for scoring
  [3013/4056] White Mullein (Verbascum lychnitis)...
    Found 15 photos, kept 15 for scoring
  [3014/4056] campanulate enkianthus (Enkianthus campanulatus)...
    Found 8 photos, kept 8 for scoring
  [3015/4056] Common Lavender (Lavandula angustifolia)...
    Found 7 photos, kept 7 for scoring
  [3016/4056] common box (Buxus sempervirens)...
    Found 13 photos, kept 13 for scoring
  [3017/4056] Floating Mannagrass (Glyceria septentrionalis)...
    Found 22 photos, kept 16 for scoring
  [3018/4056] Le Conte's Violet (Viola affinis)...
    Found 19 photos, kept 16 for scoring
  [3019/4056] slickseed fuzzybean (Strophostyles leiosperma)...
    Found 14 photos, kept 14 for scoring
  [3020/4056] Fen Peatmoss (Sphagnum warnstorfii)...
    Found 64 photos, kept 16 for scoring
  [3021/4056] Kobus magnolia (Magnolia kobus)...
    Found 17 photos, kept 16 for scoring
  [3022/4056] Silver Lime (Tilia tomentosa)...
    Found 21 photos, kept 16 for scoring
  [3023/4056] pale Indian plantain (Arnoglossum atriplicifolium)...
    Found 13 photos, kept 13 for scoring
  [3024/4056] Kneiff's hook-moss (Drepanocladus aduncus)...
    Found 26 photos, kept 16 for scoring
  [3025/4056] Varnished Hook-moss (Hamatocaulis vernicosus)...
    Found 21 photos, kept 16 for scoring
  [3026/4056] roundleaf shadbush (Amelanchier sanguinea)...
    Found 26 photos, kept 16 for scoring
  [3027/4056] Roth's Andreaea Moss (Andreaea rothii)...
    Found 27 photos, kept 16 for scoring
  [3028/4056] Bird's-Claw Beard-Moss (Barbula unguiculata)...
    Found 30 photos, kept 16 for scoring
  [3029/4056] false aster (Boltonia asteroides)...
    Found 20 photos, kept 16 for scoring
  [3030/4056] spathulate moonwort (Botrychium spathulatum)...
    Found 14 photos, kept 14 for scoring
  [3031/4056] Rough-stalked Feather-moss (Brachythecium rutabulum)...
    Found 25 photos, kept 16 for scoring
  [3032/4056] Pointed Spear-moss (Calliergonella cuspidata)...
    Found 16 photos, kept 16 for scoring
  [3033/4056] Long's Bittercress (Cardamine longii)...
    Found 28 photos, kept 16 for scoring
  [3034/4056] swarthy sedge (Carex adusta)...
    Found 9 photos, kept 9 for scoring
  [3035/4056] hair-like sedge (Carex capillaris)...
    Found 12 photos, kept 12 for scoring
  [3036/4056] Davis' sedge (Carex davisii)...
    Found 17 photos, kept 16 for scoring
  [3037/4056] Mitchell's sedge (Carex mitchelliana)...
    Found 11 photos, kept 11 for scoring
  [3038/4056] Eastern Few-fruit Sedge (Carex oligocarpa)...
    Found 23 photos, kept 16 for scoring
  [3039/4056] Delicate Quill Sedge (Carex tenera)...
    Found 13 photos, kept 13 for scoring
  [3040/4056] parasol sedge (Carex umbellata)...
    Found 19 photos, kept 16 for scoring
  [3041/4056] blue leadwort (Ceratostigma plumbaginoides)...
    Found 10 photos, kept 10 for scoring
  [3042/4056] Maryland golden-aster (Chrysopsis mariana)...
    Found 10 photos, kept 10 for scoring
  [3043/4056] Dodge's Hawthorn (Crataegus dodgei)...
    Found 21 photos, kept 16 for scoring
  [3044/4056] Holmes' Hawthorn (Crataegus holmesiana)...
    Found 11 photos, kept 11 for scoring
  [3045/4056] Broad-leaved Cockspurthorn (Crataegus persimilis)...
    Found 21 photos, kept 16 for scoring
  [3046/4056] Hairy Cockspurthorn (Crataegus submollis)...
    Found 18 photos, kept 16 for scoring
  [3047/4056] Piedmont Bedstraw (Cruciata pedemontana)...
    Found 13 photos, kept 13 for scoring
  [3048/4056] Curvey-capsuled Thin-leaved Moss (Cyrtomnium hymenophylloides)...
    Found 16 photos, kept 16 for scoring
  [3049/4056] Heller's Rosette Grass (Dichanthelium oligosanthes)...
    Found 18 photos, kept 16 for scoring
  [3050/4056] Awned Dichelyma Moss (Dichelyma capillaceum)...
    Found 22 photos, kept 16 for scoring
  [3051/4056] Cornel-leaf Whitetop (Doellingeria infirma)...
    Found 20 photos, kept 16 for scoring
  [3052/4056] Train Track Moss (Drummondia prorepens)...
    Found 8 photos, kept 8 for scoring
  [3053/4056] Small Waterwort (Elatine minima)...
    Found 24 photos, kept 16 for scoring
  [3054/4056] Horsetail Spikerush (Eleocharis equisetoides)...
    Found 27 photos, kept 16 for scoring
  [3055/4056] limp mannagrass (Glyceria laxa)...
    Found 22 photos, kept 16 for scoring
  [3056/4056] Grimmia Dry Rock Moss (Grimmia pilifera)...
    Found 7 photos, kept 7 for scoring
  [3057/4056] Rough False Pennyroyal (Hedeoma hispida)...
    Found 11 photos, kept 11 for scoring
  [3058/4056] Fountain Feather-moss (Hygroamblystegium tenax)...
    Found 24 photos, kept 16 for scoring
  [3059/4056] tangled thread moss (Hygroamblystegium varium)...
    Found 31 photos, kept 16 for scoring
  [3060/4056] Leggett's Pinweed (Lechea pulchella)...
    Found 12 photos, kept 12 for scoring
  [3061/4056] Micheli's Least Pouncewort (Lejeunea cavifolia)...
    Found 43 photos, kept 16 for scoring
  [3062/4056] Long-sepal Beardtongue (Penstemon calycosus)...
    Found 9 photos, kept 9 for scoring
  [3063/4056] Hawkweed Oxtongue (Picris hieracioides)...
    Found 12 photos, kept 12 for scoring
  [3064/4056] Bordered Brook Moss (Platylomella lescurii)...
    Found 24 photos, kept 16 for scoring
  [3065/4056] Wavy Meadow-grass (Poa flexuosa)...
    Found 6 photos, kept 6 for scoring
  [3066/4056] Pale-fruited Thread-moss (Pohlia annotina)...
    Found 21 photos, kept 16 for scoring
  [3067/4056] Algae-like Pondweed (Potamogeton confervoides)...
    Found 11 photos, kept 11 for scoring
  [3068/4056] Sawtooth oak (Quercus acutissima)...
    Found 8 photos, kept 8 for scoring
  [3069/4056] Lapland Buttercup (Ranunculus lapponicus)...
    Found 46 photos, kept 16 for scoring
  [3070/4056] Lizard Crystalwort (Riccia bifurca)...
    Found 20 photos, kept 16 for scoring
  [3071/4056] Branching Bur-reed (Sparganium androcladum)...
    Found 24 photos, kept 16 for scoring
  [3072/4056] Northern Meadowsweet (Spiraea septentrionalis)...
    Found 7 photos, kept 7 for scoring
  [3073/4056] Cruet Collar-moss (Splachnum ampullaceum)...
    Found 22 photos, kept 16 for scoring
  [3074/4056] Tick Quackgrass (Thinopyrum pycnanthum)...
    Found 17 photos, kept 16 for scoring
  [3075/4056] Red Sunflower (Tithonia rotundifolia)...
    Found 9 photos, kept 9 for scoring
  [3076/4056] Korean grass (Zoysia japonica)...
    Found 14 photos, kept 14 for scoring
  [3077/4056] Elegant Zinnia (Zinnia elegans)...
    Found 11 photos, kept 11 for scoring
  [3078/4056] Bog Smartweed (Persicaria setacea)...
    Found 35 photos, kept 16 for scoring
  [3079/4056] basil-thyme (Clinopodium acinos)...
    Found 20 photos, kept 16 for scoring
  [3080/4056] Torrey's eupatorium (Eupatorium torreyanum)...
    Found 20 photos, kept 16 for scoring
  [3081/4056] Cambridge Milk-parsley (Selinum carvifolia)...
    Found 15 photos, kept 15 for scoring
  [3082/4056] Michigan lily (Lilium michiganense)...
    Found 14 photos, kept 14 for scoring
  [3083/4056] Lindberg's Maple-moss (Lindbergia brachyptera)...
    Found 30 photos, kept 16 for scoring
  [3084/4056] Steerecleus Moss (Rhynchostegium serrulatum)...
    Found 35 photos, kept 16 for scoring
  [3085/4056] Heart of Jesus (Caladium bicolor)...
    Found 15 photos, kept 15 for scoring
  [3086/4056] Micrasterias americana (Micrasterias americana)...
    Found 18 photos, kept 16 for scoring
  [3087/4056] shining aster (Symphyotrichum firmum)...
    Found 11 photos, kept 11 for scoring
  [3088/4056] Yellow onion (Allium moly)...
    Found 7 photos, kept 7 for scoring
  [3089/4056] Water Violet (Hottonia palustris)...
    Found 11 photos, kept 11 for scoring
  [3090/4056] North Japanese hill cherry (Prunus sargentii)...
    Found 12 photos, kept 12 for scoring
  [3091/4056] Weak-leaf Yucca (Yucca flaccida)...
    Found 4 photos, kept 4 for scoring
  [3092/4056] Italian Toadflax (Cymbalaria pallida)...
    Found 11 photos, kept 11 for scoring
  [3093/4056] Scarce Turf-moss (Rhytidiadelphus subpinnatus)...
    Found 15 photos, kept 15 for scoring
  [3094/4056] Atlas Poppy (Papaver atlanticum)...
    Found 10 photos, kept 10 for scoring
  [3095/4056] Dusty miller (Jacobaea maritima)...
    Found 9 photos, kept 9 for scoring
  [3096/4056] Java water-dropwort (Oenanthe javanica)...
    Found 11 photos, kept 11 for scoring
  [3097/4056] doubtful knight's-spur (Delphinium ajacis)...
    Found 8 photos, kept 8 for scoring
  [3098/4056] green rope (Acrosiphonia coalita)...
    Found 16 photos, kept 16 for scoring
  [3099/4056] Crocus sublimis (Crocus sublimis)...
    Found 8 photos, kept 8 for scoring
  [3100/4056] white Forsythia (Abeliophyllum distichum)...
    Found 6 photos, kept 6 for scoring
  [3101/4056] large-flowered barrenwort (Epimedium grandiflorum)...
    Found 6 photos, kept 6 for scoring
  [3102/4056] Green Tarantula Weed (Acrosiphonia arcta)...
    Found 9 photos, kept 9 for scoring
  [3103/4056] Botryococcus braunii (Botryococcus braunii)...
    Found 14 photos, kept 14 for scoring
  [3104/4056] Pleurotaenium nodosum (Pleurotaenium nodosum)...
    Found 9 photos, kept 9 for scoring
  [3105/4056] Kirchneriella lunaris (Kirchneriella lunaris)...
    Found 4 photos, kept 4 for scoring
  [3106/4056] Staurastrum hirsutum (Staurastrum hirsutum)...
    Found 9 photos, kept 9 for scoring
  [3107/4056] Staurastrum wolleanum (Staurastrum wolleanum)...
    Found 5 photos, kept 5 for scoring
  [3108/4056] Closterium moniliferum (Closterium moniliferum)...
    Found 6 photos, kept 6 for scoring
  [3109/4056] Gonium pectorale (Gonium pectorale)...
    Found 7 photos, kept 7 for scoring
  [3110/4056] Hyalotheca mucosa (Hyalotheca mucosa)...
    Found 12 photos, kept 12 for scoring
  [3111/4056] Staurastrum avicula (Staurastrum avicula)...
    Found 5 photos, kept 5 for scoring
  [3112/4056] Euastrum didelta (Euastrum didelta)...
    Found 4 photos, kept 4 for scoring
  [3113/4056] Micrasterias conferta (Micrasterias conferta)...
    Found 8 photos, kept 8 for scoring
  [3114/4056] Euastrum insigne (Euastrum insigne)...
    Found 4 photos, kept 4 for scoring
  [3115/4056] Monster Pawwort (Tetralophozia setiformis)...
    Found 7 photos, kept 7 for scoring
  [3116/4056] delicate stonewort (Chara virgata)...
    Found 26 photos, kept 16 for scoring
  [3117/4056] Red-stalked evening primrose (Oenothera rubricaulis)...
    Found 14 photos, kept 14 for scoring
  [3118/4056] Cylindrocystis brebissonii (Cylindrocystis brebissonii)...
    Found 4 photos, kept 4 for scoring
  [3119/4056] Asian lady's thumb (Persicaria posumbu)...
    Found 13 photos, kept 13 for scoring
  [3120/4056] Cosmarium phaseolus (Cosmarium phaseolus)...
    Found 3 photos, kept 3 for scoring
  [3121/4056] Closterium dianae (Closterium dianae)...
    Found 9 photos, kept 9 for scoring
  [3122/4056] Asterococcus superbus (Asterococcus superbus)...
    Found 7 photos, kept 7 for scoring
  [3123/4056] Cosmarium subcucumis (Cosmarium subcucumis)...
    Found 3 photos, kept 3 for scoring
  [3124/4056] Staurastrum elongatum (Staurastrum elongatum)...
    Found 5 photos, kept 5 for scoring
  [3125/4056] Cosmarium margaritatum (Cosmarium margaritatum)...
    Found 4 photos, kept 4 for scoring
  [3126/4056] Porphyra linearis (Porphyra linearis)...
    Found 20 photos, kept 16 for scoring
  [3127/4056] Cosmarium pyramidatum (Cosmarium pyramidatum)...
    Found 3 photos, kept 3 for scoring
  [3128/4056] Staurastrum margaritaceum (Staurastrum margaritaceum)...
    Found 4 photos, kept 4 for scoring
  [3129/4056] Closterium setaceum (Closterium setaceum)...
    Found 7 photos, kept 7 for scoring
  [3130/4056] Pleurotaenium coronatum (Pleurotaenium coronatum)...
    Found 8 photos, kept 8 for scoring
  [3131/4056] Clawed Forked Weed (Furcellaria lumbricalis)...
    Found 5 photos, kept 5 for scoring
  [3132/4056] Jagged Notchwort (Schistochilopsis incisa)...
    Found 15 photos, kept 15 for scoring
  [3133/4056] Rolling Hen-and-chicks (Sempervivum globiferum)...
    Found 9 photos, kept 9 for scoring
  [3134/4056] Chain Pincerwort (Fuscocephaloziopsis catenulata)...
    Found 28 photos, kept 16 for scoring
  [3135/4056] Micrasterias thomasiana (Micrasterias thomasiana)...
    Found 9 photos, kept 9 for scoring
  [3136/4056] Pond Crystalwort (Riccia rhenana)...
    Found 19 photos, kept 16 for scoring
  [3137/4056] Common Feather-moss (Kindbergia praelonga)...
    Found 22 photos, kept 16 for scoring
  [3138/4056] Hygrohypnum Moss (Hygrohypnella ochracea)...
    Found 25 photos, kept 16 for scoring
  [3139/4056] Stephanosphaera pluvialis (Stephanosphaera pluvialis)...
    Found 23 photos, kept 16 for scoring
  [3140/4056] Euastrum pinnatum (Euastrum pinnatum)...
    Found 4 photos, kept 4 for scoring
  [3141/4056] Cosmarium eloiseanum (Cosmarium eloiseanum)...
    Found 8 photos, kept 8 for scoring
  [3142/4056] Antithamnion hubbsii (Antithamnion hubbsii)...
    Found 14 photos, kept 14 for scoring
  [3143/4056] Asperifolia sullivantii (Asperifolia sullivantii)...
    Found 21 photos, kept 16 for scoring
  [3144/4056] spike trisetum (Koeleria spicata)...
    Found 17 photos, kept 16 for scoring
  [3145/4056] Cuscuta saururi (Cuscuta saururi)...
    Found 12 photos, kept 12 for scoring
  [3146/4056] Virginia bunchflower (Melanthium virginicum)...
    Found 17 photos, kept 16 for scoring
  [3147/4056] Purple Chinese Houses (Collinsia heterophylla)...
    Found 16 photos, kept 16 for scoring
  [3148/4056] coralbells (Heuchera sanguinea)...
    Found 7 photos, kept 7 for scoring
  [3149/4056] Painted-cup Paintbrush (Castilleja coccinea)...
    Found 14 photos, kept 14 for scoring
  [3150/4056] Douglas' meadowfoam (Limnanthes douglasii)...
    Found 7 photos, kept 7 for scoring
  [3151/4056] purple passionflower (Passiflora incarnata)...
    Found 12 photos, kept 12 for scoring
  [3152/4056] Perfoliate Honeysuckle (Lonicera caprifolium)...
    Found 15 photos, kept 15 for scoring
  [3153/4056] wild oat (Avena fatua)...
    Found 16 photos, kept 16 for scoring
  [3154/4056] common soft brome (Bromus hordeaceus)...
    Found 16 photos, kept 16 for scoring
  [3155/4056] American yellowrocket (Barbarea orthoceras)...
    Found 10 photos, kept 10 for scoring
  [3156/4056] chia (Salvia hispanica)...
    Found 10 photos, kept 10 for scoring
  [3157/4056] nodding chickweed (Cerastium nutans)...
    Found 19 photos, kept 16 for scoring
  [3158/4056] Dwarf Nettle (Urtica urens)...
    Found 10 photos, kept 10 for scoring
  [3159/4056] snake's-head fritillary (Fritillaria meleagris)...
    Found 10 photos, kept 10 for scoring
  [3160/4056] Bieberstein's Crocus (Crocus speciosus)...
    Found 8 photos, kept 8 for scoring
  [3161/4056] small-flowered tamarisk (Tamarix parviflora)...
    Found 16 photos, kept 16 for scoring
  [3162/4056] Grey-cushioned Grimmia (Grimmia pulvinata)...
    Found 10 photos, kept 10 for scoring
  [3163/4056] Comb Liverwort (Riccardia multifida)...
    Found 27 photos, kept 16 for scoring
  [3164/4056] common hedge parsley (Torilis arvensis)...
    Found 13 photos, kept 13 for scoring
  [3165/4056] Intermediate Cinquefoil (Potentilla intermedia)...
    Found 8 photos, kept 8 for scoring
  [3166/4056] trailing pearlwort (Sagina decumbens)...
    Found 12 photos, kept 12 for scoring
  [3167/4056] fava bean (Vicia faba)...
    Found 7 photos, kept 7 for scoring
  [3168/4056] prairie smoke (Geum triflorum)...
    Found 13 photos, kept 13 for scoring
  [3169/4056] Summer Savory (Satureja hortensis)...
    Found 7 photos, kept 7 for scoring
  [3170/4056] field marigold (Calendula arvensis)...
    Found 13 photos, kept 13 for scoring
  [3171/4056] European Globeflower (Trollius europaeus)...
    Found 13 photos, kept 13 for scoring
  [3172/4056] Small-flowered Crane's-bill (Geranium pusillum)...
    Found 16 photos, kept 16 for scoring
  [3173/4056] willow dock (Rumex salicifolius)...
    Found 10 photos, kept 10 for scoring
  [3174/4056] field sedge (Carex praegracilis)...
    Found 14 photos, kept 14 for scoring
  [3175/4056] perennial flax (Linum perenne)...
    Found 5 photos, kept 5 for scoring
  [3176/4056] twinberry honeysuckle (Lonicera involucrata)...
    Found 13 photos, kept 13 for scoring
  [3177/4056] Chinese motherwort (Leonurus japonicus)...
    Found 10 photos, kept 10 for scoring
  [3178/4056] Papaya (Carica papaya)...
    Found 14 photos, kept 14 for scoring
  [3179/4056] American Sicklepod (Senna obtusifolia)...
    Found 13 photos, kept 13 for scoring
  [3180/4056] sweet potato (Ipomoea batatas)...
    Found 12 photos, kept 12 for scoring
  [3181/4056] Lesser Balloon Vine (Cardiospermum halicacabum)...
    Found 13 photos, kept 13 for scoring
  [3182/4056] purple prairie clover (Dalea purpurea)...
    Found 7 photos, kept 7 for scoring
  [3183/4056] Canary Islands Ivy (Hedera canariensis)...
    Found 9 photos, kept 9 for scoring
  [3184/4056] ginkgo (Ginkgo biloba)...
    Found 13 photos, kept 13 for scoring
  [3185/4056] Hypnea musciformis (Hypnea musciformis)...
    Found 11 photos, kept 11 for scoring
  [3186/4056] Ohio buckeye (Aesculus glabra)...
    Found 16 photos, kept 16 for scoring
  [3187/4056] Delta Arrowhead (Sagittaria platyphylla)...
    Found 14 photos, kept 14 for scoring
  [3188/4056] Narrow-leaved Arrowhead (Sagittaria subulata)...
    Found 17 photos, kept 16 for scoring
  [3189/4056] short-awn foxtail (Alopecurus aequalis)...
    Found 30 photos, kept 16 for scoring
  [3190/4056] African Asparagus (Asparagus aethiopicus)...
    Found 5 photos, kept 5 for scoring
  [3191/4056] rapeseed (Brassica napus)...
    Found 16 photos, kept 16 for scoring
  [3192/4056] Meadow Brome (Bromus commutatus)...
    Found 18 photos, kept 16 for scoring
  [3193/4056] northern sedge (Carex deflexa)...
    Found 13 photos, kept 13 for scoring
  [3194/4056] Isle of Man Cabbage (Coincya monensis)...
    Found 10 photos, kept 10 for scoring
  [3195/4056] purple viper's-bugloss (Echium plantagineum)...
    Found 11 photos, kept 11 for scoring
  [3196/4056] squarestem spikerush (Eleocharis quadrangulata)...
    Found 18 photos, kept 16 for scoring
  [3197/4056] Few-flower Spikerush (Eleocharis quinqueflora)...
    Found 11 photos, kept 11 for scoring
  [3198/4056] Little Lovegrass (Eragrostis minor)...
    Found 15 photos, kept 15 for scoring
  [3199/4056] Jersey Love-grass (Eragrostis pilosa)...
    Found 29 photos, kept 16 for scoring
  [3200/4056] David's spurge (Euphorbia davidii)...
    Found 16 photos, kept 16 for scoring
  [3201/4056] fishpole bamboo (Phyllostachys aurea)...
    Found 14 photos, kept 14 for scoring
  [3202/4056] shining pondweed (Potamogeton illinoensis)...
    Found 20 photos, kept 16 for scoring
  [3203/4056] slender bulrush (Schoenoplectus heterochaetus)...
    Found 4 photos, kept 4 for scoring
  [3204/4056] False London-rocket (Sisymbrium loeselii)...
    Found 18 photos, kept 16 for scoring
  [3205/4056] lowland brittle fern (Cystopteris protrusa)...
    Found 11 photos, kept 11 for scoring
  [3206/4056] Common Kidney-Vetch (Anthyllis vulneraria)...
    Found 12 photos, kept 12 for scoring
  [3207/4056] catbird grape (Vitis palmata)...
    Found 4 photos, kept 4 for scoring
  [3208/4056] oakleaf hydrangea (Hydrangea quercifolia)...
    Found 6 photos, kept 6 for scoring
  [3209/4056] dwarf huckleberry (Gaylussacia dumosa)...
    Found 8 photos, kept 8 for scoring
  [3210/4056] leafcup (Polymnia canadensis)...
    Found 18 photos, kept 16 for scoring
  [3211/4056] watermelon snow (Chlamydomonas nivalis)...
    Found 8 photos, kept 8 for scoring
  [3212/4056] stalked bulrush (Scirpus pedicellatus)...
    Found 11 photos, kept 11 for scoring
  [3213/4056] wax myrtle (Morella cerifera)...
    Found 8 photos, kept 8 for scoring
  [3214/4056] willow oak (Quercus phellos)...
    Found 11 photos, kept 11 for scoring
  [3215/4056] red morning glory (Ipomoea coccinea)...
    Found 6 photos, kept 6 for scoring
  [3216/4056] bluemink (Ageratum houstonianum)...
    Found 20 photos, kept 16 for scoring
  [3217/4056] devil's bit (Chamaelirium luteum)...
    Found 11 photos, kept 11 for scoring
  [3218/4056] Japanese Chestnut (Castanea crenata)...
    Found 13 photos, kept 13 for scoring
  [3219/4056] saw greenbrier (Smilax bona-nox)...
    Found 13 photos, kept 13 for scoring
  [3220/4056] Lily Magnolia (Magnolia liliiflora)...
    Found 13 photos, kept 13 for scoring
  [3221/4056] star magnolia (Magnolia stellata)...
    Found 17 photos, kept 16 for scoring
  [3222/4056] American alumroot (Heuchera americana)...
    Found 9 photos, kept 9 for scoring
  [3223/4056] Swamp Dog-laurel (Leucothoe axillaris)...
    Found 5 photos, kept 5 for scoring
  [3224/4056] great yellow woodsorrel (Oxalis grandis)...
    Found 8 photos, kept 8 for scoring
  [3225/4056] creeping lespedeza (Lespedeza repens)...
    Found 6 photos, kept 6 for scoring
  [3226/4056] Devil's-bit Scabious (Succisa pratensis)...
    Found 14 photos, kept 14 for scoring
  [3227/4056] Pale Bog-moss (Sphagnum strictum)...
    Found 8 photos, kept 8 for scoring
  [3228/4056] Trailing Snapdragon (Asarina procumbens)...
    Found 8 photos, kept 8 for scoring
  [3229/4056] Carolina Rhododendron (Rhododendron carolinianum)...
    Found 16 photos, kept 16 for scoring
  [3230/4056] corn gromwell (Buglossoides arvensis)...
    Found 15 photos, kept 15 for scoring
  [3231/4056] Chinese golden larch (Pseudolarix amabilis)...
    Found 4 photos, kept 4 for scoring
  [3232/4056] temple juniper (Juniperus rigida)...
    Found 13 photos, kept 13 for scoring
  [3233/4056] Northern Reedgrass (Calamagrostis inexpansa)...
    Found 7 photos, kept 7 for scoring
  [3234/4056] Japanese Flatsedge (Cyperus nipponicus)...
    Found 10 photos, kept 10 for scoring
  [3235/4056] Savannah False Pimpernel (Lindernia grandiflora)...
    Found 12 photos, kept 12 for scoring
  [3236/4056] Sticky Sage (Salvia glutinosa)...
    Found 13 photos, kept 13 for scoring
  [3237/4056] Tatarian Maple (Acer tataricum)...
    Found 15 photos, kept 15 for scoring
  [3238/4056] American smoketree (Cotinus obovatus)...
    Found 11 photos, kept 11 for scoring
  [3239/4056] Slim-flower Muhly (Muhlenbergia tenuiflora)...
    Found 19 photos, kept 16 for scoring
  [3240/4056] Job's Tears (Coix lacryma-jobi)...
    Found 11 photos, kept 11 for scoring
  [3241/4056] Scented hosta (Hosta plantaginea)...
    Found 4 photos, kept 4 for scoring
  [3242/4056] Leopardplant (Ligularia dentata)...
    Found 10 photos, kept 10 for scoring
  [3243/4056] Stiff Yellow Flax (Linum medium)...
    Found 16 photos, kept 16 for scoring
  [3244/4056] swamp lousewort (Pedicularis lanceolata)...
    Found 11 photos, kept 11 for scoring
  [3245/4056] silky wild rye (Elymus villosus)...
    Found 13 photos, kept 13 for scoring
  [3246/4056] common dogwood (Cornus sanguinea)...
    Found 12 photos, kept 12 for scoring
  [3247/4056] Trematodon ambiguus (Trematodon ambiguus)...
    Found 6 photos, kept 6 for scoring
  [3248/4056] Oconee bells (Shortia galacifolia)...
    Found 5 photos, kept 5 for scoring
  [3249/4056] Rusty Ragged Moss (Sciuro-hypnum plumosum)...
    Found 40 photos, kept 16 for scoring
  [3250/4056] Umbrella-leaf (Diphylleia cymosa)...
    Found 11 photos, kept 11 for scoring
  [3251/4056] purple giant hyssop (Agastache scrophulariifolia)...
    Found 11 photos, kept 11 for scoring
  [3252/4056] Velvet Lady's-mantle (Alchemilla monticola)...
    Found 6 photos, kept 6 for scoring
  [3253/4056] Low Serviceberry (Amelanchier humilis)...
    Found 15 photos, kept 15 for scoring
  [3254/4056] Knothole Moss (Anacamptodon splachnoides)...
    Found 13 photos, kept 13 for scoring
  [3255/4056] Forked Three-awn Grass (Aristida basiramea)...
    Found 9 photos, kept 9 for scoring
  [3256/4056] Babington's Orache (Atriplex glabriuscula)...
    Found 8 photos, kept 8 for scoring
  [3257/4056] Prairie Brome (Bromus kalmii)...
    Found 12 photos, kept 12 for scoring
  [3258/4056] Pickering's Reed Bentgrass (Calamagrostis pickeringii)...
    Found 39 photos, kept 16 for scoring
  [3259/4056] Bog Pouchwort (Calypogeia sphagnicola)...
    Found 18 photos, kept 16 for scoring
  [3260/4056] Canterbury-bells (Campanula medium)...
    Found 7 photos, kept 7 for scoring
  [3261/4056] foxtail sedge (Carex alopecoidea)...
    Found 4 photos, kept 4 for scoring
  [3262/4056] thin-leaved sedge (Carex cephaloidea)...
    Found 8 photos, kept 8 for scoring
  [3263/4056] creeping sedge (Carex chordorrhiza)...
    Found 18 photos, kept 16 for scoring
  [3264/4056] Slender Loose-flowered Sedge (Carex gracilescens)...
    Found 17 photos, kept 16 for scoring
  [3265/4056] Heavy-fruited Sedge (Carex gravida)...
    Found 26 photos, kept 16 for scoring
  [3266/4056] smooth-sheathed sedge (Carex laevivaginata)...
    Found 9 photos, kept 9 for scoring
  [3267/4056] Troublesome Sedge (Carex molesta)...
    Found 7 photos, kept 7 for scoring
  [3268/4056] Reflexed Sedge (Carex retroflexa)...
    Found 14 photos, kept 14 for scoring
  [3269/4056] Richardson's Sedge (Carex richardsonii)...
    Found 10 photos, kept 10 for scoring
  [3270/4056] russet sedge (Carex saxatilis)...
    Found 13 photos, kept 13 for scoring
  [3271/4056] Eastern Straw Sedge (Carex straminea)...
    Found 14 photos, kept 14 for scoring
  [3272/4056] sheathed sedge (Carex vaginata)...
    Found 19 photos, kept 16 for scoring
  [3273/4056] Willdenow's Sedge (Carex willdenowii)...
    Found 7 photos, kept 7 for scoring
  [3274/4056] Dwarf Mouse-ear (Cerastium pumilum)...
    Found 9 photos, kept 9 for scoring
  [3275/4056] Fig-leaved Goosefoot (Chenopodium ficifolium)...
    Found 6 photos, kept 6 for scoring
  [3276/4056] Helmet-moss (Conostomum tetragonum)...
    Found 12 photos, kept 12 for scoring
  [3277/4056] lobed coreopsis (Coreopsis auriculata)...
    Found 12 photos, kept 12 for scoring
  [3278/4056] Brainerd's Hawthorn (Crataegus brainerdii)...
    Found 30 photos, kept 16 for scoring
  [3279/4056] grove hawthorn (Crataegus lucorum)...
    Found 5 photos, kept 5 for scoring
  [3280/4056] Sessile Dodder (Cuscuta compacta)...
    Found 13 photos, kept 13 for scoring
  [3281/4056] Pinebarren Flatsedge (Cyperus retrorsus)...
    Found 13 photos, kept 13 for scoring
  [3282/4056] Ontario Dicranum Moss (Dicranum ontariense)...
    Found 12 photos, kept 12 for scoring
  [3283/4056] Fall Witchgrass (Digitaria cognata)...
    Found 12 photos, kept 12 for scoring
  [3284/4056] Blunted Earwort (Diplophyllum obtusatum)...
    Found 17 photos, kept 16 for scoring
  [3285/4056] Long-tubercled Spikerush (Eleocharis tuberculosa)...
    Found 11 photos, kept 11 for scoring
  [3286/4056] tiny lovegrass (Eragrostis capillaris)...
    Found 14 photos, kept 14 for scoring
  [3287/4056] Grassleaf Spurge (Euphorbia graminea)...
    Found 13 photos, kept 13 for scoring
  [3288/4056] Small Eyebright (Euphrasia randii)...
    Found 11 photos, kept 11 for scoring
  [3289/4056] slender aster (Eurybia compacta)...
    Found 6 photos, kept 6 for scoring
  [3290/4056] Maidenhair Pocket Moss (Fissidens adianthoides)...
    Found 33 photos, kept 16 for scoring
  [3291/4056] Fissidens bushii (Fissidens bushii)...
    Found 17 photos, kept 16 for scoring
  [3292/4056] fan moss (Forsstroemia trichomitria)...
    Found 25 photos, kept 16 for scoring
  [3293/4056] Greenstem Forsythia (Forsythia viridissima)...
    Found 4 photos, kept 4 for scoring
  [3294/4056] Northern Stickseed (Hackelia deflexa)...
    Found 33 photos, kept 16 for scoring
  [3295/4056] Smooth Rupturewort (Herniaria glabra)...
    Found 9 photos, kept 9 for scoring
  [3296/4056] Robinson's Hawkweed (Hieracium robinsonii)...
    Found 27 photos, kept 16 for scoring
  [3297/4056] Narrow-leaved Plantain-lily (Hosta lancifolia)...
    Found 4 photos, kept 4 for scoring
  [3298/4056] Hairy St John's-wort (Hypericum hirsutum)...
    Found 16 photos, kept 16 for scoring
  [3299/4056] Chinese holly (Ilex cornuta)...
    Found 10 photos, kept 10 for scoring
  [3300/4056] True Indigo (Indigofera tinctoria)...
    Found 12 photos, kept 12 for scoring
  [3301/4056] Engelmann's quillwort (Isoetes engelmannii)...
    Found 22 photos, kept 16 for scoring
  [3302/4056] Tuckerman's quillwort (Isoetes tuckermanii)...
    Found 4 photos, kept 4 for scoring
  [3303/4056] Isopterygium Moss (Isopterygium tenerum)...
    Found 29 photos, kept 16 for scoring
  [3304/4056] Hard Rush (Juncus inflexus)...
    Found 13 photos, kept 13 for scoring
  [3305/4056] pale vetchling (Lathyrus ochroleucus)...
    Found 17 photos, kept 16 for scoring
  [3306/4056] Golden Thread-moss (Leptobryum pyriforme)...
    Found 13 photos, kept 13 for scoring
  [3307/4056] Graceful Chain Moss (Leskea gracilescens)...
    Found 33 photos, kept 16 for scoring
  [3308/4056] lyme grass (Leymus arenarius)...
    Found 27 photos, kept 16 for scoring
  [3309/4056] Grape Honeysuckle (Lonicera reticulata)...
    Found 10 photos, kept 10 for scoring
  [3310/4056] Speckled Rustwort (Marsupella sphacelata)...
    Found 14 photos, kept 14 for scoring
  [3311/4056] Hairy Veilwort (Metzgeria crassipilis)...
    Found 17 photos, kept 16 for scoring
  [3312/4056] Olivegreen Calcareous Moss (Mnium marginatum)...
    Found 19 photos, kept 16 for scoring
  [3313/4056] Wirestem Muhly (Muhlenbergia frondosa)...
    Found 18 photos, kept 16 for scoring
  [3314/4056] jasmine tobacco (Nicotiana alata)...
    Found 13 photos, kept 13 for scoring
  [3315/4056] Aztec Tobacco (Nicotiana rustica)...
    Found 18 photos, kept 16 for scoring
  [3316/4056] Philadelphia panic grass (Panicum philadelphicum)...
    Found 18 photos, kept 16 for scoring
  [3317/4056] alpine thyme-moss (Plagiomnium medium)...
    Found 7 photos, kept 7 for scoring
  [3318/4056] Pohlia bulbifera (Pohlia bulbifera)...
    Found 8 photos, kept 8 for scoring
  [3319/4056] Vasey's Pondweed (Potamogeton vaseyi)...
    Found 6 photos, kept 6 for scoring
  [3320/4056] Flowering Almond (Prunus glandulosa)...
    Found 11 photos, kept 11 for scoring
  [3321/4056] Nanking Cherry (Prunus tomentosa)...
    Found 10 photos, kept 10 for scoring
  [3322/4056] Hoary Fringe-moss (Racomitrium canescens)...
    Found 15 photos, kept 15 for scoring
  [3323/4056] Rubus multispinus (Rubus multispinus)...
    Found 7 photos, kept 7 for scoring
  [3324/4056] pugnacious blackberry (Rubus pugnax)...
    Found 16 photos, kept 16 for scoring
  [3325/4056] Sickle-leaved Hook-moss (Sanionia uncinata)...
    Found 29 photos, kept 16 for scoring
  [3326/4056] Mexican Stonecrop (Sedum mexicanum)...
    Found 10 photos, kept 10 for scoring
  [3327/4056] Donn's Rock-bristle (Seligeria donniana)...
    Found 21 photos, kept 16 for scoring
  [3328/4056] Twisted Bog-moss (Sphagnum contortum)...
    Found 26 photos, kept 16 for scoring
  [3329/4056] Streamside Sphagnum (Sphagnum riparium)...
    Found 5 photos, kept 5 for scoring
  [3330/4056] Shiny Wedgegrass (Sphenopholis nitida)...
    Found 9 photos, kept 9 for scoring
  [3331/4056] Anticosti aster (Symphyotrichum anticostense)...
    Found 26 photos, kept 16 for scoring
  [3332/4056] Rough Comfrey (Symphytum asperum)...
    Found 18 photos, kept 16 for scoring
  [3333/4056] Fen Dandelion (Taraxacum palustre)...
    Found 12 photos, kept 12 for scoring
  [3334/4056] Taxiphyllum deplanatum (Taxiphyllum deplanatum)...
    Found 16 photos, kept 16 for scoring
  [3335/4056] Narrow Cruet-moss (Tetraplodon angustatus)...
    Found 22 photos, kept 16 for scoring
  [3336/4056] Brown's Four-toothed Moss (Tetrodontium brownianum)...
    Found 5 photos, kept 5 for scoring
  [3337/4056] Powdery thalia (Thalia dealbata)...
    Found 10 photos, kept 10 for scoring
  [3338/4056] Veiny Meadow-rue (Thalictrum venulosum)...
    Found 12 photos, kept 12 for scoring
  [3339/4056] spreadfruit goldenbanner (Thermopsis divaricarpa)...
    Found 12 photos, kept 12 for scoring
  [3340/4056] Large Cut Notchwort (Tritomaria exsectiformis)...
    Found 20 photos, kept 16 for scoring
  [3341/4056] Narrowleaf Vervain (Verbena simplex)...
    Found 5 photos, kept 5 for scoring
  [3342/4056] Garden Huckleberry (Solanum scabrum)...
    Found 14 photos, kept 14 for scoring
  [3343/4056] american hops (Humulus americanus)...
    Found 16 photos, kept 16 for scoring
  [3344/4056] Chaetomorpha melagonium (Chaetomorpha melagonium)...
    Found 3 photos, kept 3 for scoring
  [3345/4056] rusty rock (Hildenbrandia rubra)...
    Found 5 photos, kept 5 for scoring
  [3346/4056] Gracilaria tikvahiae (Gracilaria tikvahiae)...
    Found 17 photos, kept 16 for scoring
  [3347/4056] Griffithsia globulifera (Griffithsia globulifera)...
    Found 11 photos, kept 11 for scoring
  [3348/4056] Rhodomela confervoides (Rhodomela confervoides)...
    Found 3 photos, kept 3 for scoring
  [3349/4056] Chinese Angelica-tree (Aralia chinensis)...
    Found 9 photos, kept 9 for scoring
  [3350/4056] Dark Columbine (Aquilegia atrata)...
    Found 11 photos, kept 11 for scoring
  [3351/4056] Siam weed (Chromolaena odorata)...
    Found 12 photos, kept 12 for scoring
  [3352/4056] prostrate sandmat (Euphorbia prostrata)...
    Found 10 photos, kept 10 for scoring
  [3353/4056] Marsh Tickseed (Bidens trichosperma)...
    Found 8 photos, kept 8 for scoring
  [3354/4056] Sitka clubmoss (Diphasiastrum sitchense)...
    Found 16 photos, kept 16 for scoring
  [3355/4056] Narrow-fruited Watercress (Nasturtium microphyllum)...
    Found 18 photos, kept 16 for scoring
  [3356/4056] Stout Smartweed (Persicaria robustior)...
    Found 26 photos, kept 16 for scoring
  [3357/4056] Nuttall's Lobelia (Lobelia nuttallii)...
    Found 8 photos, kept 8 for scoring
  [3358/4056] Pleurotaenium trabecula (Pleurotaenium trabecula)...
    Found 4 photos, kept 4 for scoring
  [3359/4056] Slender False Pimpernel (Lindernia anagallidea)...
    Found 15 photos, kept 15 for scoring
  [3360/4056] balloonplant (Gomphocarpus physocarpus)...
    Found 9 photos, kept 9 for scoring
  [3361/4056] Sesame (Sesamum indicum)...
    Found 12 photos, kept 12 for scoring
  [3362/4056] Rusty Foxglove (Digitalis ferruginea)...
    Found 8 photos, kept 8 for scoring
  [3363/4056] Ankistrodesmus falcatus (Ankistrodesmus falcatus)...
    Found 4 photos, kept 4 for scoring
  [3364/4056] Green Mountain quillwort (Isoetes viridimontana)...
    Found 5 photos, kept 5 for scoring
  [3365/4056] Alpine Barrenwort (Epimedium alpinum)...
    Found 7 photos, kept 7 for scoring
  [3366/4056] Longstalk Holly (Ilex pedunculosa)...
    Found 7 photos, kept 7 for scoring
  [3367/4056] Sweet scabious (Sixalix atropurpurea)...
    Found 15 photos, kept 15 for scoring
  [3368/4056] Antithamnionella floccosa (Antithamnionella floccosa)...
    Found 5 photos, kept 5 for scoring
  [3369/4056] Dwarf Stonewort (Nitella tenuissima)...
    Found 16 photos, kept 16 for scoring
  [3370/4056] Draparnaldia mutabilis (Draparnaldia mutabilis)...
    Found 22 photos, kept 16 for scoring
  [3371/4056] Gonatozygon aculeatum (Gonatozygon aculeatum)...
    Found 6 photos, kept 6 for scoring
  [3372/4056] Palmodictyon varium (Palmodictyon varium)...
    Found 5 photos, kept 5 for scoring
  [3373/4056] Chara zeylanica (Chara zeylanica)...
    Found 2 photos, kept 2 for scoring
  [3374/4056] Volvox aureus (Volvox aureus)...
    Found 8 photos, kept 8 for scoring
  [3375/4056] Actidesmium hookeri (Actidesmium hookeri)...
    Found 5 photos, kept 5 for scoring
  [3376/4056] Xanthidium tumidum (Xanthidium tumidum)...
    Found 2 photos, kept 2 for scoring
  [3377/4056] Closterium acerosum (Closterium acerosum)...
    Found 10 photos, kept 10 for scoring
  [3378/4056] Staurodesmus dickiei (Staurodesmus dickiei)...
    Found 2 photos, kept 2 for scoring
  [3379/4056] Euastrum ciastonii (Euastrum ciastonii)...
    Found 2 photos, kept 2 for scoring
  [3380/4056] Penium margaritaceum (Penium margaritaceum)...
    Found 8 photos, kept 8 for scoring
  [3381/4056] Dimorphococcus lunatus (Dimorphococcus lunatus)...
    Found 13 photos, kept 13 for scoring
  [3382/4056] Staurastrum anatinum (Staurastrum anatinum)...
    Found 2 photos, kept 2 for scoring
  [3383/4056] Northern sea fern (Ptilota serrata)...
    Found 4 photos, kept 4 for scoring
  [3384/4056] Cosmarium turpinii (Cosmarium turpinii)...
    Found 3 photos, kept 3 for scoring
  [3385/4056] Ceramium deslongchampsii (Ceramium deslongchampsii)...
    Found 6 photos, kept 6 for scoring
  [3386/4056] Braun's stonewort (Chara braunii)...
    Found 17 photos, kept 16 for scoring
  [3387/4056] Noble Corydalis (Corydalis nobilis)...
    Found 3 photos, kept 3 for scoring
  [3388/4056] Draparnaldia glomerata (Draparnaldia glomerata)...
    Found 8 photos, kept 8 for scoring
  [3389/4056] Actinastrum hantzschii (Actinastrum hantzschii)...
    Found 4 photos, kept 4 for scoring
  [3390/4056] Kirchneriella obesa (Kirchneriella obesa)...
    Found 6 photos, kept 6 for scoring
  [3391/4056] Gonatozygon brebissonii (Gonatozygon brebissonii)...
    Found 8 photos, kept 8 for scoring
  [3392/4056] Bacopa (Chaenostoma cordatum)...
    Found 11 photos, kept 11 for scoring
  [3393/4056] Staurodesmus incus (Staurodesmus incus)...
    Found 3 photos, kept 3 for scoring
  [3394/4056] Yellow waxbells (Kirengeshoma palmata)...
    Found 14 photos, kept 14 for scoring
  [3395/4056] Devaleraea ramentacea (Devaleraea ramentacea)...
    Found 5 photos, kept 5 for scoring
  [3396/4056] Scutellaria strigillosa (Scutellaria strigillosa)...
    Found 11 photos, kept 11 for scoring
  [3397/4056] Purple-vein geranium (Geranium wallichianum)...
    Found 7 photos, kept 7 for scoring
  [3398/4056] fan-leaf Chinese green dragon (Pinellia pedatisecta)...
    Found 11 photos, kept 11 for scoring
  [3399/4056] Pink Mongolian Stonecrop (Hylotelephium ewersii)...
    Found 10 photos, kept 10 for scoring
  [3400/4056] Tetradesmus lagerheimii (Tetradesmus lagerheimii)...
    Found 13 photos, kept 13 for scoring
  [3401/4056] Closterium striolatum (Closterium striolatum)...
    Found 7 photos, kept 7 for scoring
  [3402/4056] Ulota intermedia (Ulota intermedia)...
    Found 10 photos, kept 10 for scoring
  [3403/4056] Perfoliate Penny-cress (Noccaea perfoliata)...
    Found 11 photos, kept 11 for scoring
  [3404/4056] Desmidium asymmetricum (Desmidium asymmetricum)...
    Found 2 photos, kept 2 for scoring
  [3405/4056] Lavender Mist Meadowrue (Thalictrum rochebruneanum)...
    Found 3 photos, kept 3 for scoring
  [3406/4056] Petrosedum orientale (Petrosedum orientale)...
    Found 10 photos, kept 10 for scoring
  [3407/4056] Robin Runaway (Rubus repens)...
    Found 2 photos, kept 2 for scoring
  [3408/4056] Planktosphaeria gelatinosa (Planktosphaeria gelatinosa)...
    Found 5 photos, kept 5 for scoring
  [3409/4056] Coelastrum astroideum (Coelastrum astroideum)...
    Found 7 photos, kept 7 for scoring
  [3410/4056] Chaetosphaeridium globosum (Chaetosphaeridium globosum)...
    Found 15 photos, kept 15 for scoring
  [3411/4056] Cosmocladium constrictum (Cosmocladium constrictum)...
    Found 8 photos, kept 8 for scoring
  [3412/4056] Willea rectangularis (Willea rectangularis)...
    Found 11 photos, kept 11 for scoring
  [3413/4056] Staurastrum brachiatum (Staurastrum brachiatum)...
    Found 3 photos, kept 3 for scoring
  [3414/4056] Staurastrum inconspicuum (Staurastrum inconspicuum)...
    Found 4 photos, kept 4 for scoring
  [3415/4056] Forcipated Pincerwort (Fuscocephaloziopsis connivens)...
    Found 18 photos, kept 16 for scoring
  [3416/4056] Cosmarium candianum (Cosmarium candianum)...
    Found 4 photos, kept 4 for scoring
  [3417/4056] Euastrum abruptum (Euastrum abruptum)...
    Found 3 photos, kept 3 for scoring
  [3418/4056] Sphagnum medium (Sphagnum medium)...
    Found 13 photos, kept 13 for scoring
  [3419/4056] Pseudoleskeella nervosa (Pseudoleskeella nervosa)...
    Found 15 photos, kept 15 for scoring
  [3420/4056] Canadian Ricegrass (Piptatheropsis canadensis)...
    Found 19 photos, kept 16 for scoring
  [3421/4056] Leptosiphonia fibrillosa (Leptosiphonia fibrillosa)...
    Found 3 photos, kept 3 for scoring
  [3422/4056] Chaetomorpha ligustica (Chaetomorpha ligustica)...
    Found 2 photos, kept 2 for scoring
  [3423/4056] Mouse-tail Moss (Pseudisothecium myosuroides)...
    Found 15 photos, kept 15 for scoring
  [3424/4056] Willea irregularis (Willea irregularis)...
    Found 4 photos, kept 4 for scoring
  [3425/4056] Rusty Beard-moss (Geheebia ferruginea)...
    Found 24 photos, kept 16 for scoring
  [3426/4056] Ceramium secundatum (Ceramium secundatum)...
    Found 14 photos, kept 14 for scoring
  [3427/4056] Xanthidium scrobiculatum (Xanthidium scrobiculatum)...
    Found 8 photos, kept 8 for scoring
  [3428/4056] Campylophyllopsis hispidula (Campylophyllopsis hispidula)...
    Found 14 photos, kept 14 for scoring
  [3429/4056] Wahlenberg's Spur Moss (Brideliella wahlenbergii)...
    Found 26 photos, kept 16 for scoring
  [3430/4056] Tall false-buck's-beard (Astilbe chinensis)...
    Found 6 photos, kept 6 for scoring
  [3431/4056] Coelastrum indicum (Coelastrum indicum)...
    Found 2 photos, kept 2 for scoring
  [3432/4056] Scribner's Panicgrass (Dichanthelium scribnerianum)...
    Found 15 photos, kept 15 for scoring
  [3433/4056] Radiofilum conjunctivum (Radiofilum conjunctivum)...
    Found 10 photos, kept 10 for scoring
  [3434/4056] Coelastrum cruciatum (Coelastrum cruciatum)...
    Found 4 photos, kept 4 for scoring
  [3435/4056] Forest Notchwort (Lophozia silvicola)...
    Found 22 photos, kept 16 for scoring
  [3436/4056] largeflower heartleaf (Asarum shuttleworthii)...
    Found 16 photos, kept 16 for scoring
  [3437/4056] Blue Scarlet Pimpernel (Lysimachia loeflingii)...
    Found 15 photos, kept 15 for scoring
  [3438/4056] Boreolithothamnion glaciale (Boreolithothamnion glaciale)...
    Found 5 photos, kept 5 for scoring
  [3439/4056] Marshelder (Euphrosyne xanthiifolia)...
    Found 9 photos, kept 9 for scoring
  [3440/4056] Japanese tassel fern (Polystichum polyblepharon)...
    Found 8 photos, kept 8 for scoring
  [3441/4056] eastern green violet (Cubelium concolor)...
    Found 15 photos, kept 15 for scoring
  [3442/4056] Fumaria wirtgenii (Fumaria wirtgenii)...
    Found 12 photos, kept 12 for scoring
  [3443/4056] Chlamydocapsa ampla (Chlamydocapsa ampla)...
    Found 7 photos, kept 7 for scoring
  [3444/4056] Rubus flavinanus (Rubus flavinanus)...
    Found 2 photos, kept 2 for scoring
  [3445/4056] hound's-tongue (Cynoglossum officinale)...
    Found 12 photos, kept 12 for scoring
  [3446/4056] western skunk cabbage (Lysichiton americanus)...
    Found 15 photos, kept 15 for scoring
  [3447/4056] Common Onion (Allium cepa)...
    Found 10 photos, kept 10 for scoring
  [3448/4056] Virginia pine (Pinus virginiana)...
    Found 10 photos, kept 10 for scoring
  [3449/4056] common lantana (Lantana camara)...
    Found 5 photos, kept 5 for scoring
  [3450/4056] tidy tips (Layia platyglossa)...
    Found 13 photos, kept 13 for scoring
  [3451/4056] Pacific Bleeding Heart (Dicentra formosa)...
    Found 13 photos, kept 13 for scoring
  [3452/4056] Ithuriel's Spear (Triteleia laxa)...
    Found 11 photos, kept 11 for scoring
  [3453/4056] longbract wild indigo (Baptisia bracteata)...
    Found 6 photos, kept 6 for scoring
  [3454/4056] Elegant Clarkia (Clarkia unguiculata)...
    Found 13 photos, kept 13 for scoring
  [3455/4056] tall evening primrose (Oenothera elata)...
    Found 12 photos, kept 12 for scoring
  [3456/4056] Catsfoot (Antennaria dioica)...
    Found 7 photos, kept 7 for scoring
  [3457/4056] Sensitive Plant (Mimosa pudica)...
    Found 11 photos, kept 11 for scoring
  [3458/4056] Formosa lily (Lilium formosanum)...
    Found 8 photos, kept 8 for scoring
  [3459/4056] Cut-leaved crane's-bill (Geranium dissectum)...
    Found 6 photos, kept 6 for scoring
  [3460/4056] Smooth Cat's Ear (Hypochaeris glabra)...
    Found 16 photos, kept 16 for scoring
  [3461/4056] Cape-ivy (Delairea odorata)...
    Found 12 photos, kept 12 for scoring
  [3462/4056] Beet (Beta vulgaris)...
    Found 12 photos, kept 12 for scoring
  [3463/4056] Shellbark Hickory (Carya laciniosa)...
    Found 8 photos, kept 8 for scoring
  [3464/4056] Cucumber (Cucumis sativus)...
    Found 7 photos, kept 7 for scoring
  [3465/4056] Butterweed (Packera glabella)...
    Found 13 photos, kept 13 for scoring
  [3466/4056] Bird's-foot (Ornithopus perpusillus)...
    Found 11 photos, kept 11 for scoring
  [3467/4056] Ramsons (Allium ursinum)...
    Found 8 photos, kept 8 for scoring
  [3468/4056] Black horehound (Ballota nigra)...
    Found 8 photos, kept 8 for scoring
  [3469/4056] Frost's Crystalwort (Riccia frostii)...
    Found 6 photos, kept 6 for scoring
  [3470/4056] Texas Balloonwort (Sphaerocarpos texanus)...
    Found 7 photos, kept 7 for scoring
  [3471/4056] Meylan's Pouchwort (Calypogeia integristipula)...
    Found 12 photos, kept 12 for scoring
  [3472/4056] Nees' Pouchwort (Calypogeia neesiana)...
    Found 8 photos, kept 8 for scoring
  [3473/4056] Red Threadwort (Cephaloziella rubella)...
    Found 1 photos, kept 1 for scoring
  [3474/4056] Tall Tumblemustard (Sisymbrium altissimum)...
    Found 15 photos, kept 15 for scoring
  [3475/4056] Prairie Junegrass (Koeleria macrantha)...
    Found 12 photos, kept 12 for scoring
  [3476/4056] harding grass (Phalaris aquatica)...
    Found 12 photos, kept 12 for scoring
  [3477/4056] Firethorn (Pyracantha coccinea)...
    Found 6 photos, kept 6 for scoring
  [3478/4056] fire pink (Silene virginica)...
    Found 14 photos, kept 14 for scoring
  [3479/4056] Sieber's Crocus (Crocus sieberi)...
    Found 2 photos, kept 2 for scoring
  [3480/4056] Ladder brake (Pteris vittata)...
    Found 10 photos, kept 10 for scoring
  [3481/4056] Little-Robin (Geranium purpureum)...
    Found 12 photos, kept 12 for scoring
  [3482/4056] pink-sorrel (Oxalis articulata)...
    Found 8 photos, kept 8 for scoring
  [3483/4056] cheeseweed mallow (Malva parviflora)...
    Found 12 photos, kept 12 for scoring
  [3484/4056] Bermuda grass (Cynodon dactylon)...
    Found 14 photos, kept 14 for scoring
  [3485/4056] cutleaf water parsnip (Berula erecta)...
    Found 12 photos, kept 12 for scoring
  [3486/4056] small-flowered blue-eyed mary (Collinsia parviflora)...
    Found 14 photos, kept 14 for scoring
  [3487/4056] Beaked Spikerush (Eleocharis rostellata)...
    Found 12 photos, kept 12 for scoring
  [3488/4056] Siberian Iris (Iris sibirica)...
    Found 13 photos, kept 13 for scoring
  [3489/4056] Proliferous Pink (Petrorhagia prolifera)...
    Found 9 photos, kept 9 for scoring
  [3490/4056] water parsley (Oenanthe sarmentosa)...
    Found 12 photos, kept 12 for scoring
  [3491/4056] Scarlet Toothcup (Ammannia coccinea)...
    Found 23 photos, kept 16 for scoring
  [3492/4056] European Pasqueflower (Pulsatilla vulgaris)...
    Found 8 photos, kept 8 for scoring
  [3493/4056] floating marsh pennywort (Hydrocotyle ranunculoides)...
    Found 11 photos, kept 11 for scoring
  [3494/4056] Purple Cudweed (Gamochaeta purpurea)...
    Found 14 photos, kept 14 for scoring
  [3495/4056] Sand Catchfly (Silene conica)...
    Found 18 photos, kept 16 for scoring
  [3496/4056] Sweet basil (Ocimum basilicum)...
    Found 11 photos, kept 11 for scoring
  [3497/4056] Pignut (Conopodium majus)...
    Found 7 photos, kept 7 for scoring
  [3498/4056] common dog-violet (Viola riviniana)...
    Found 9 photos, kept 9 for scoring
  [3499/4056] great camas (Camassia leichtlinii)...
    Found 11 photos, kept 11 for scoring
  [3500/4056] Small Round-leaved Orchid (Galearis rotundifolia)...
    Found 24 photos, kept 16 for scoring
  [3501/4056] garden orache (Atriplex hortensis)...
    Found 13 photos, kept 13 for scoring
  [3502/4056] Smartweed Dodder (Cuscuta polygonorum)...
    Found 16 photos, kept 16 for scoring
  [3503/4056] Birthwort (Aristolochia clematitis)...
    Found 12 photos, kept 12 for scoring
  [3504/4056] spiny amaranth (Amaranthus spinosus)...
    Found 13 photos, kept 13 for scoring
  [3505/4056] lyreleaf sage (Salvia lyrata)...
    Found 11 photos, kept 11 for scoring
  [3506/4056] Gold-dust (Aurinia saxatilis)...
    Found 8 photos, kept 8 for scoring
  [3507/4056] Alexanders (Smyrnium olusatrum)...
    Found 10 photos, kept 10 for scoring
  [3508/4056] false mermaid (Floerkea proserpinacoides)...
    Found 22 photos, kept 16 for scoring
  [3509/4056] Grass Pea (Lathyrus sphaericus)...
    Found 6 photos, kept 6 for scoring
  [3510/4056] Palmer's Amaranth (Amaranthus palmeri)...
    Found 13 photos, kept 13 for scoring
  [3511/4056] powell's amaranth (Amaranthus powellii)...
    Found 11 photos, kept 11 for scoring
  [3512/4056] Mignonette vine (Anredera cordifolia)...
    Found 8 photos, kept 8 for scoring
  [3513/4056] Dense Silky-bent (Apera interrupta)...
    Found 7 photos, kept 7 for scoring
  [3514/4056] tropical milkweed (Asclepias curassavica)...
    Found 13 photos, kept 13 for scoring
  [3515/4056] Chickpea Milkvetch (Astragalus cicer)...
    Found 11 photos, kept 11 for scoring
  [3516/4056] Rye Brome (Bromus secalinus)...
    Found 10 photos, kept 10 for scoring
  [3517/4056] Slim-stem Small-reedgrass (Calamagrostis stricta)...
    Found 11 photos, kept 11 for scoring
  [3518/4056] coastal sandbur (Cenchrus spinifex)...
    Found 12 photos, kept 12 for scoring
  [3519/4056] desert goosefoot (Chenopodium pratericola)...
    Found 21 photos, kept 16 for scoring
  [3520/4056] Hare's-ear Mustard (Conringia orientalis)...
    Found 9 photos, kept 9 for scoring
  [3521/4056] annual wall-rocket (Diplotaxis muralis)...
    Found 12 photos, kept 12 for scoring
  [3522/4056] Wood Whitlow-grass (Draba nemorosa)...
    Found 8 photos, kept 8 for scoring
  [3523/4056] Jungle Rice (Echinochloa colona)...
    Found 8 photos, kept 8 for scoring
  [3524/4056] Slender Spikerush (Eleocharis tenuis)...
    Found 14 photos, kept 14 for scoring
  [3525/4056] Coulter's fleabane (Erigeron coulteri)...
    Found 7 photos, kept 7 for scoring
  [3526/4056] Spreading Wallflower (Erysimum repandum)...
    Found 13 photos, kept 13 for scoring
  [3527/4056] eggleaf spurge (Euphorbia oblongata)...
    Found 12 photos, kept 12 for scoring
  [3528/4056] Bukhara Fleeceflower (Fallopia baldschuanica)...
    Found 12 photos, kept 12 for scoring
  [3529/4056] hard fescue (Festuca trachyphylla)...
    Found 17 photos, kept 16 for scoring
  [3530/4056] Pennsylvania Cudweed (Gamochaeta pensylvanica)...
    Found 12 photos, kept 12 for scoring
  [3531/4056] Long-stalked Crane's-bill (Geranium columbinum)...
    Found 5 photos, kept 5 for scoring
  [3532/4056] Richardson's geranium (Geranium richardsonii)...
    Found 12 photos, kept 12 for scoring
  [3533/4056] Upland Cotton (Gossypium hirsutum)...
    Found 11 photos, kept 11 for scoring
  [3534/4056] baby's-breath (Gypsophila paniculata)...
    Found 8 photos, kept 8 for scoring
  [3535/4056] Camphorweed (Heterotheca subaxillaris)...
    Found 12 photos, kept 12 for scoring
  [3536/4056] woad (Isatis tinctoria)...
    Found 12 photos, kept 12 for scoring
  [3537/4056] Dudley's Rush (Juncus dudleyi)...
    Found 14 photos, kept 14 for scoring
  [3538/4056] dotted duckweed (Landoltia punctata)...
    Found 12 photos, kept 12 for scoring
  [3539/4056] turion duckweed (Lemna turionifera)...
    Found 9 photos, kept 9 for scoring
  [3540/4056] clasping pepperweed (Lepidium perfoliatum)...
    Found 14 photos, kept 14 for scoring
  [3541/4056] Water-purslane (Lythrum portula)...
    Found 20 photos, kept 16 for scoring
  [3542/4056] mountain tarweed (Madia glomerata)...
    Found 8 photos, kept 8 for scoring
  [3543/4056] Horse Mint (Mentha longifolia)...
    Found 12 photos, kept 12 for scoring
  [3544/4056] Bells-of-Ireland (Moluccella laevis)...
    Found 7 photos, kept 7 for scoring
  [3545/4056] hairy groundcherry (Physalis pubescens)...
    Found 10 photos, kept 10 for scoring
  [3546/4056] Glaucous Bluegrass (Poa glauca)...
    Found 22 photos, kept 16 for scoring
  [3547/4056] bushy knotweed (Polygonum ramosissimum)...
    Found 12 photos, kept 12 for scoring
  [3548/4056] common devil's-claw (Proboscidea louisianica)...
    Found 11 photos, kept 11 for scoring
  [3549/4056] dwarf alkali grass (Puccinellia pumila)...
    Found 8 photos, kept 8 for scoring
  [3550/4056] golden dock (Rumex fueginus)...
    Found 11 photos, kept 11 for scoring
  [3551/4056] Heath Pearlwort (Sagina subulata)...
    Found 5 photos, kept 5 for scoring
  [3552/4056] Maryland senna (Senna marilandica)...
    Found 14 photos, kept 14 for scoring
  [3553/4056] hooked bristle grass (Setaria verticillata)...
    Found 12 photos, kept 12 for scoring
  [3554/4056] prickly fanpetals (Sida spinosa)...
    Found 8 photos, kept 8 for scoring
  [3555/4056] Red Buffalo-bur (Solanum sisymbriifolium)...
    Found 12 photos, kept 12 for scoring
  [3556/4056] Sand Dropseed (Sporobolus cryptandrus)...
    Found 15 photos, kept 15 for scoring
  [3557/4056] long-leaved starwort (Stellaria longifolia)...
    Found 12 photos, kept 12 for scoring
  [3558/4056] Awlwort (Subularia aquatica)...
    Found 10 photos, kept 10 for scoring
  [3559/4056] showy mullein (Verbascum speciosum)...
    Found 5 photos, kept 5 for scoring
  [3560/4056] moss verbena (Verbena pulchella)...
    Found 5 photos, kept 5 for scoring
  [3561/4056] chain speedwell (Veronica catenata)...
    Found 15 photos, kept 15 for scoring
  [3562/4056] Dotted Watermeal (Wolffia borealis)...
    Found 10 photos, kept 10 for scoring
  [3563/4056] rose vervain (Glandularia canadensis)...
    Found 11 photos, kept 11 for scoring
  [3564/4056] false rue anemone (Enemion biternatum)...
    Found 4 photos, kept 4 for scoring
  [3565/4056] yellow pitcher plant (Sarracenia flava)...
    Found 7 photos, kept 7 for scoring
  [3566/4056] Eastern Globeflower (Trollius laxus)...
    Found 11 photos, kept 11 for scoring
  [3567/4056] Red Horned Poppy (Glaucium corniculatum)...
    Found 3 photos, kept 3 for scoring
  [3568/4056] blackfoot daisy (Melampodium leucanthum)...
    Found 9 photos, kept 9 for scoring
  [3569/4056] Heart-leaved Skullcap (Scutellaria ovata)...
    Found 10 photos, kept 10 for scoring
  [3570/4056] devil's walkingstick (Aralia spinosa)...
    Found 12 photos, kept 12 for scoring
  [3571/4056] fly poison (Amianthium muscitoxicum)...
    Found 9 photos, kept 9 for scoring
  [3572/4056] clove pink (Dianthus caryophyllus)...
    Found 5 photos, kept 5 for scoring
  [3573/4056] Spinach (Spinacia oleracea)...
    Found 5 photos, kept 5 for scoring
  [3574/4056] Rosepink (Sabatia angularis)...
    Found 12 photos, kept 12 for scoring
  [3575/4056] mullein foxglove (Dasistoma macrophylla)...
    Found 4 photos, kept 4 for scoring
  [3576/4056] Martagon Lily (Lilium martagon)...
    Found 11 photos, kept 11 for scoring
  [3577/4056] wood crane's-bill (Geranium sylvaticum)...
    Found 10 photos, kept 10 for scoring
  [3578/4056] Cheddar Pink (Dianthus gratianopolitanus)...
    Found 7 photos, kept 7 for scoring
  [3579/4056] shingle oak (Quercus imbricaria)...
    Found 14 photos, kept 14 for scoring
  [3580/4056] Green pin-cushion alga (Cladophora columbiana)...
    Found 8 photos, kept 8 for scoring
  [3581/4056] yellow wakerobin (Trillium luteum)...
    Found 4 photos, kept 4 for scoring
  [3582/4056] Water-plantain Spearwort (Ranunculus ambigens)...
    Found 4 photos, kept 4 for scoring
  [3583/4056] eastern gray beardtongue (Penstemon canescens)...
    Found 7 photos, kept 7 for scoring
  [3584/4056] Small-head Rush (Juncus brachycephalus)...
    Found 5 photos, kept 5 for scoring
  [3585/4056] devil's bite (Liatris scariosa)...
    Found 5 photos, kept 5 for scoring
  [3586/4056] bigfruit evening primrose (Oenothera macrocarpa)...
    Found 6 photos, kept 6 for scoring
  [3587/4056] wild potato vine (Ipomoea pandurata)...
    Found 11 photos, kept 11 for scoring
  [3588/4056] Aralia cordata (Aralia cordata)...
    Found 7 photos, kept 7 for scoring
  [3589/4056] golden columbine (Aquilegia chrysantha)...
    Found 17 photos, kept 16 for scoring
  [3590/4056] common bamboo (Bambusa vulgaris)...
    Found 12 photos, kept 12 for scoring
  [3591/4056] Japanese walnut (Juglans ailantifolia)...
    Found 7 photos, kept 7 for scoring
  [3592/4056] Taro (Colocasia esculenta)...
    Found 11 photos, kept 11 for scoring
  [3593/4056] Wild Leek (Allium ampeloprasum)...
    Found 13 photos, kept 13 for scoring
  [3594/4056] lettuce (Lactuca sativa)...
    Found 12 photos, kept 12 for scoring
  [3595/4056] Paperwhite (Narcissus papyraceus)...
    Found 4 photos, kept 4 for scoring
  [3596/4056] Bright Silk-moss (Plagiothecium laetum)...
    Found 11 photos, kept 11 for scoring
  [3597/4056] Whitish Feather-moss (Brachythecium albicans)...
    Found 16 photos, kept 16 for scoring
  [3598/4056] Lesser Pocket-moss (Fissidens bryoides)...
    Found 11 photos, kept 11 for scoring
  [3599/4056] Woolly Burdock (Arctium tomentosum)...
    Found 15 photos, kept 15 for scoring
  [3600/4056] Tatarian dogwood (Cornus alba)...
    Found 13 photos, kept 13 for scoring
  [3601/4056] European ash (Fraxinus excelsior)...
    Found 14 photos, kept 14 for scoring
  [3602/4056] Angel's-tears (Narcissus triandrus)...
    Found 5 photos, kept 5 for scoring
  [3603/4056] Purple Cress (Cardamine douglassii)...
    Found 19 photos, kept 16 for scoring
  [3604/4056] Hollowroot (Corydalis cava)...
    Found 4 photos, kept 4 for scoring
  [3605/4056] scarlet creeper (Ipomoea hederifolia)...
    Found 13 photos, kept 13 for scoring
  [3606/4056] prairie trillium (Trillium recurvatum)...
    Found 6 photos, kept 6 for scoring
  [3607/4056] Mexican Ruellia (Ruellia simplex)...
    Found 11 photos, kept 11 for scoring
  [3608/4056] St Lucie Cherry (Prunus mahaleb)...
    Found 12 photos, kept 12 for scoring
  [3609/4056] Elephant's-ears (Bergenia crassifolia)...
    Found 12 photos, kept 12 for scoring
  [3610/4056] Sargent Crabapple (Malus sargentii)...
    Found 4 photos, kept 4 for scoring
  [3611/4056] inland ceanothus (Ceanothus herbaceus)...
    Found 10 photos, kept 10 for scoring
  [3612/4056] Leatherleaf viburnum (Viburnum rhytidophyllum)...
    Found 11 photos, kept 11 for scoring
  [3613/4056] large-flowered tickseed (Coreopsis grandiflora)...
    Found 3 photos, kept 3 for scoring
  [3614/4056] Garden Tulip (Tulipa gesneriana)...
    Found 10 photos, kept 10 for scoring
  [3615/4056] Frank's sedge (Carex frankii)...
    Found 9 photos, kept 9 for scoring
  [3616/4056] yellow giant hyssop (Agastache nepetoides)...
    Found 8 photos, kept 8 for scoring
  [3617/4056] Prairie Coreopsis (Coreopsis palmata)...
    Found 5 photos, kept 5 for scoring
  [3618/4056] Stiff Sunflower (Helianthus pauciflorus)...
    Found 13 photos, kept 13 for scoring
  [3619/4056] graybark grape (Vitis cinerea)...
    Found 3 photos, kept 3 for scoring
  [3620/4056] Florida Hammock Sandmat (Euphorbia ophthalmica)...
    Found 14 photos, kept 14 for scoring
  [3621/4056] Saltmarsh mallow (Kosteletzkya pentacarpos)...
    Found 5 photos, kept 5 for scoring
  [3622/4056] Sphagnum subtile (Sphagnum subtile)...
    Found 2 photos, kept 2 for scoring
  [3623/4056] Lustrous Bog-moss (Sphagnum subnitens)...
    Found 4 photos, kept 4 for scoring
  [3624/4056] Common Lionspaw (Leonotis leonurus)...
    Found 13 photos, kept 13 for scoring
  [3625/4056] Purple Bergamot (Monarda media)...
    Found 2 photos, kept 2 for scoring
  [3626/4056] Pale Toadflax (Linaria repens)...
    Found 10 photos, kept 10 for scoring
  [3627/4056] Old World Diamond Flower (Oldenlandia corymbosa)...
    Found 11 photos, kept 11 for scoring
  [3628/4056] Japanese garden juniper (Juniperus procumbens)...
    Found 8 photos, kept 8 for scoring
  [3629/4056] White Morning-glory (Ipomoea lacunosa)...
    Found 7 photos, kept 7 for scoring
  [3630/4056] mountain pine (Pinus mugo)...
    Found 13 photos, kept 13 for scoring
  [3631/4056] yellow sundrops (Oenothera tetragona)...
    Found 5 photos, kept 5 for scoring
  [3632/4056] Korean bushclover (Kummerowia stipulacea)...
    Found 11 photos, kept 11 for scoring
  [3633/4056] Threeranked humpmoss (Meesia triquetra)...
    Found 17 photos, kept 16 for scoring
  [3634/4056] Tall Thistle (Cirsium altissimum)...
    Found 8 photos, kept 8 for scoring
  [3635/4056] fern-leaved hook-moss (Cratoneuron filicinum)...
    Found 13 photos, kept 13 for scoring
  [3636/4056] creeping feather-moss (Amblystegium serpens)...
    Found 19 photos, kept 16 for scoring
  [3637/4056] Taylor's Flapwort (Mylia taylorii)...
    Found 13 photos, kept 13 for scoring
  [3638/4056] Star of Bethlehem (Hippobroma longiflora)...
    Found 12 photos, kept 12 for scoring
  [3639/4056] Stokes' aster (Stokesia laevis)...
    Found 6 photos, kept 6 for scoring
  [3640/4056] Sharp-leaved Blindia (Blindia acuta)...
    Found 6 photos, kept 6 for scoring
  [3641/4056] Aunt Lucy (Ellisia nyctelea)...
    Found 10 photos, kept 10 for scoring
  [3642/4056] Aibika (Abelmoschus manihot)...
    Found 10 photos, kept 10 for scoring
  [3643/4056] Dwarf Earth Moss (Acaulon muticum)...
    Found 11 photos, kept 11 for scoring
  [3644/4056] Beach False Foxglove (Agalinis fasciculata)...
    Found 4 photos, kept 4 for scoring
  [3645/4056] Thin-stem Lady's-mantle (Alchemilla filicaulis)...
    Found 3 photos, kept 3 for scoring
  [3646/4056] field garlic (Allium oleraceum)...
    Found 6 photos, kept 6 for scoring
  [3647/4056] Seabeach Amaranth (Amaranthus pumilus)...
    Found 5 photos, kept 5 for scoring
  [3648/4056] Hubricht's Bluestar (Amsonia hubrichtii)...
    Found 5 photos, kept 5 for scoring
  [3649/4056] Wild Angelica (Angelica sylvestris)...
    Found 12 photos, kept 12 for scoring
  [3650/4056] Rugel's anomodon moss (Anomodon rugelii)...
    Found 13 photos, kept 13 for scoring
  [3651/4056] Field Hornwort (Anthoceros agrestis)...
    Found 9 photos, kept 9 for scoring
  [3652/4056] Garden Chervil (Anthriscus cerefolium)...
    Found 6 photos, kept 6 for scoring
  [3653/4056] Tawny Fork Moss (Arctoa fulvella)...
    Found 4 photos, kept 4 for scoring
  [3654/4056] small carpetgrass (Arthraxon hispidus)...
    Found 10 photos, kept 10 for scoring
  [3655/4056] Bearded Pawwort (Barbilophozia barbata)...
    Found 10 photos, kept 10 for scoring
  [3656/4056] Eaton's Beggarticks (Bidens eatonii)...
    Found 1 photos, kept 1 for scoring
  [3657/4056] prairie moonwort (Botrychium campestre)...
    Found 11 photos, kept 11 for scoring
  [3658/4056] Bryhnia Moss (Bryhnia graminicolor)...
    Found 8 photos, kept 8 for scoring
  [3659/4056] Giant Calliergon Moss (Calliergon giganteum)...
    Found 14 photos, kept 14 for scoring
  [3660/4056] Terrestrial Water-starwort (Callitriche terrestris)...
    Found 18 photos, kept 16 for scoring
  [3661/4056] Giant Bellflower (Campanula latifolia)...
    Found 12 photos, kept 12 for scoring
  [3662/4056] Rock-loving Swan-necked Moss (Campylostelium saxicola)...
    Found 4 photos, kept 4 for scoring
  [3663/4056] Broadwing Sedge (Carex alata)...
    Found 12 photos, kept 12 for scoring
  [3664/4056] brown sedge (Carex disticha)...
    Found 8 photos, kept 8 for scoring
  [3665/4056] Emory's sedge (Carex emoryi)...
    Found 8 photos, kept 8 for scoring
  [3666/4056] fescue sedge (Carex festucacea)...
    Found 15 photos, kept 15 for scoring
  [3667/4056] palm sedge (Carex muskingumensis)...
    Found 9 photos, kept 9 for scoring
  [3668/4056] Reznicek's Sedge (Carex reznicekii)...
    Found 6 photos, kept 6 for scoring
  [3669/4056] Schweinitz's Sedge (Carex schweinitzii)...
    Found 4 photos, kept 4 for scoring
  [3670/4056] Short's sedge (Carex shortiana)...
    Found 8 photos, kept 8 for scoring
  [3671/4056] Bent Sedge (Carex styloflexa)...
    Found 11 photos, kept 11 for scoring
  [3672/4056] tinged sedge (Carex tincta)...
    Found 4 photos, kept 4 for scoring
  [3673/4056] swinging sedge (Carex vacillans)...
    Found 15 photos, kept 15 for scoring
  [3674/4056] Quail Grass (Celosia argentea)...
    Found 10 photos, kept 10 for scoring
  [3675/4056] Giant Knapweed (Centaurea macrocephala)...
    Found 12 photos, kept 12 for scoring
  [3676/4056] Brazilian bachelor's button (Centratherum punctatum)...
    Found 8 photos, kept 8 for scoring
  [3677/4056] South African foxglove (Ceratotheca triloba)...
    Found 7 photos, kept 7 for scoring
  [3678/4056] Spiny Spider-flower (Cleome spinosa)...
    Found 7 photos, kept 7 for scoring
  [3679/4056] Japanese Glorybower (Clerodendrum japonicum)...
    Found 11 photos, kept 11 for scoring
  [3680/4056] Gray Hairgrass (Corynephorus canescens)...
    Found 12 photos, kept 12 for scoring
  [3681/4056] Hazel Dodder (Cuscuta coryli)...
    Found 8 photos, kept 8 for scoring
  [3682/4056] Five Angled Dodder (Cuscuta pentagona)...
    Found 9 photos, kept 9 for scoring
  [3683/4056] Garden Dahlia (Dahlia pinnata)...
    Found 8 photos, kept 8 for scoring
  [3684/4056] Stiff Ticktrefoil (Desmodium obtusum)...
    Found 12 photos, kept 12 for scoring
  [3685/4056] Eaton's Witchgrass (Dichanthelium spretum)...
    Found 8 photos, kept 8 for scoring
  [3686/4056] Crisped Fork-moss (Dicranum bonjeanii)...
    Found 21 photos, kept 16 for scoring
  [3687/4056] Dark Ditrichum (Ditrichum lineare)...
    Found 10 photos, kept 10 for scoring
  [3688/4056] American dragonhead (Dracocephalum parviflorum)...
    Found 10 photos, kept 10 for scoring
  [3689/4056] Bald Spikerush (Eleocharis erythropoda)...
    Found 16 photos, kept 16 for scoring
  [3690/4056] Threerib Spikerush (Eleocharis tricostata)...
    Found 7 photos, kept 7 for scoring
  [3691/4056] Creeping Spikerush (Eleocharis uniglumis)...
    Found 16 photos, kept 16 for scoring
  [3692/4056] MacGregor's Wildrye (Elymus macgregorii)...
    Found 15 photos, kept 15 for scoring
  [3693/4056] slender-toothed earth moss (Ephemerum spinulosum)...
    Found 7 photos, kept 7 for scoring
  [3694/4056] Frank's Lovegrass (Eragrostis frankii)...
    Found 2 photos, kept 2 for scoring
  [3695/4056] Italian Eryngo (Eryngium amethystinum)...
    Found 12 photos, kept 12 for scoring
  [3696/4056] Water Pocket Moss (Fissidens fontanus)...
    Found 18 photos, kept 16 for scoring
  [3697/4056] Osmund Fissidens Moss (Fissidens osmundioides)...
    Found 11 photos, kept 11 for scoring
  [3698/4056] Tree Pocket Moss (Fissidens subbasilaris)...
    Found 12 photos, kept 12 for scoring
  [3699/4056] Tamarisk Scalewort (Frullania tamarisci)...
    Found 13 photos, kept 13 for scoring
  [3700/4056] Siberian Crane's-bill (Geranium sibiricum)...
    Found 6 photos, kept 6 for scoring
  [3701/4056] sharp-glumed manna-grass (Glyceria acutiflora)...
    Found 4 photos, kept 4 for scoring
  [3702/4056] Donn's Grimmia (Grimmia donniana)...
    Found 2 photos, kept 2 for scoring
  [3703/4056] Verdigris Tufa-moss (Gymnostomum aeruginosum)...
    Found 11 photos, kept 11 for scoring
  [3704/4056] Persian Ivy (Hedera colchica)...
    Found 5 photos, kept 5 for scoring
  [3705/4056] Homomallium adnatum (Homomallium adnatum)...
    Found 13 photos, kept 13 for scoring
  [3706/4056] Brook-side Feather-moss (Hygroamblystegium fluviatile)...
    Found 17 photos, kept 16 for scoring
  [3707/4056] garden stonecrop (Hylotelephium erythrostictum)...
    Found 6 photos, kept 6 for scoring
  [3708/4056] Butterfly Stonecrop (Hylotelephium spectabile)...
    Found 3 photos, kept 3 for scoring
  [3709/4056] Hyophila Moss (Hyophila involuta)...
    Found 15 photos, kept 15 for scoring
  [3710/4056] black henbane (Hyoscyamus niger)...
    Found 13 photos, kept 13 for scoring
  [3711/4056] Curveleaf Hypnum Moss (Hypnum curvifolium)...
    Found 14 photos, kept 14 for scoring
  [3712/4056] Wild Candytuft (Iberis amara)...
    Found 7 photos, kept 7 for scoring
  [3713/4056] Japanese iris (Iris ensata)...
    Found 3 photos, kept 3 for scoring
  [3714/4056] Northern Green Rush (Juncus alpinoarticulatus)...
    Found 11 photos, kept 11 for scoring
  [3715/4056] Flattened Rush (Juncus compressus)...
    Found 8 photos, kept 8 for scoring
  [3716/4056] Narrow-leaved Pepperwort (Lepidium ruderale)...
    Found 13 photos, kept 13 for scoring
  [3717/4056] Leucodon brachypus (Leucodon brachypus)...
    Found 18 photos, kept 16 for scoring
  [3718/4056] Siberian Lyme Grass (Leymus racemosus)...
    Found 3 photos, kept 3 for scoring
  [3719/4056] Sweetberry Honeysuckle (Lonicera caerulea)...
    Found 7 photos, kept 7 for scoring
  [3720/4056] red spider lily (Lycoris radiata)...
    Found 9 photos, kept 9 for scoring
  [3721/4056] Evening Stock (Matthiola longipetala)...
    Found 11 photos, kept 11 for scoring
  [3722/4056] tall melilot (Melilotus altissimus)...
    Found 10 photos, kept 10 for scoring
  [3723/4056] Manatee Mudflower (Micranthemum glomeratum)...
    Found 13 photos, kept 13 for scoring
  [3724/4056] Two-lobed Flapwort (Nardia insecta)...
    Found 10 photos, kept 10 for scoring
  [3725/4056] Dwarf Water-lily (Nymphaea leibergii)...
    Found 22 photos, kept 16 for scoring
  [3726/4056] Nodding Evening-Primose (Oenothera nutans)...
    Found 6 photos, kept 6 for scoring
  [3727/4056] Alpine Cudweed (Omalotheca supina)...
    Found 16 photos, kept 16 for scoring
  [3728/4056] Orthotrichum pusillum (Orthotrichum pusillum)...
    Found 4 photos, kept 4 for scoring
  [3729/4056] Miami Mist (Phacelia purshii)...
    Found 5 photos, kept 5 for scoring
  [3730/4056] Philonotis marchica (Philonotis marchica)...
    Found 10 photos, kept 10 for scoring
  [3731/4056] Mascarene Island leaf-flower (Phyllanthus tenellus)...
    Found 15 photos, kept 15 for scoring
  [3732/4056] Marsh Thyme-moss (Plagiomnium ellipticum)...
    Found 15 photos, kept 15 for scoring
  [3733/4056] Toothed Plagiothecium Moss (Plagiothecium denticulatum)...
    Found 12 photos, kept 12 for scoring
  [3734/4056] Shriver's frilly orchid (Platanthera shriveri)...
    Found 3 photos, kept 3 for scoring
  [3735/4056] Straightleaf Pondweed (Potamogeton strictifolius)...
    Found 3 photos, kept 3 for scoring
  [3736/4056] Two-ranked Moss (Pseudotaxiphyllum distichaceum)...
    Found 20 photos, kept 16 for scoring
  [3737/4056] Pylaisiadelpha Moss (Pylaisiadelpha tenuirostris)...
    Found 12 photos, kept 12 for scoring
  [3738/4056] Lesser Fringe-moss (Racomitrium affine)...
    Found 4 photos, kept 4 for scoring
  [3739/4056] Slender Fringe-moss (Racomitrium sudeticum)...
    Found 13 photos, kept 13 for scoring
  [3740/4056] Radula obconica (Radula obconica)...
    Found 6 photos, kept 6 for scoring
  [3741/4056] Rauiella scita (Rauiella scita)...
    Found 6 photos, kept 6 for scoring
  [3742/4056] Toothed Streak-moss (Rhabdoweisia crispata)...
    Found 11 photos, kept 11 for scoring
  [3743/4056] Long-beaked Bald-rush (Rhynchospora scirpoides)...
    Found 10 photos, kept 10 for scoring
  [3744/4056] northeastern dewberry (Rubus fraternalis)...
    Found 1 photos, kept 1 for scoring
  [3745/4056] Yankee Blackberry (Rubus frondosus)...
    Found 18 photos, kept 16 for scoring
  [3746/4056] Ecotone Blackberry (Rubus heterophyllus)...
    Found 13 photos, kept 13 for scoring
  [3747/4056] upland dewberry (Rubus invisus)...
    Found 10 photos, kept 10 for scoring
  [3748/4056] New England blackberry (Rubus semisetosus)...
    Found 19 photos, kept 16 for scoring
  [3749/4056] Golden Dock (Rumex maritimus)...
    Found 10 photos, kept 10 for scoring
  [3750/4056] Patience Dock (Rumex patientia)...
    Found 12 photos, kept 12 for scoring
  [3751/4056] Blue Dew-moss (Saelania glaucescens)...
    Found 8 photos, kept 8 for scoring
  [3752/4056] Seaside Grimmia (Schistidium maritimum)...
    Found 8 photos, kept 8 for scoring
  [3753/4056] Streamside Schistidium Moss (Schistidium rivulare)...
    Found 4 photos, kept 4 for scoring
  [3754/4056] Common Club-rush (Schoenoplectus lacustris)...
    Found 7 photos, kept 7 for scoring
  [3755/4056] Hooked Scorpion-moss (Scorpidium scorpioides)...
    Found 13 photos, kept 13 for scoring
  [3756/4056] cliff stonecrop (Sedum glaucophyllum)...
    Found 2 photos, kept 2 for scoring
  [3757/4056] Sematophyllum adnatum (Sematophyllum adnatum)...
    Found 25 photos, kept 16 for scoring
  [3758/4056] Prostrate Signal-moss (Sematophyllum demissum)...
    Found 15 photos, kept 15 for scoring
  [3759/4056] Foxtail Bristle-grass (Setaria italica)...
    Found 7 photos, kept 7 for scoring
  [3760/4056] Balkan Catchfly (Silene csereii)...
    Found 10 photos, kept 10 for scoring
  [3761/4056] Bartlett's Peatmoss (Sphagnum bartlettianum)...
    Found 5 photos, kept 5 for scoring
  [3762/4056] Variegated peat moss (Sphagnum rubiginosum)...
    Found 5 photos, kept 5 for scoring
  [3763/4056] Trinity sphagnum (Sphagnum trinitense)...
    Found 24 photos, kept 16 for scoring
  [3764/4056] Threelobe Spirea (Spiraea trilobata)...
    Found 5 photos, kept 5 for scoring
  [3765/4056] Roland's Seablite (Suaeda rolandii)...
    Found 15 photos, kept 15 for scoring
  [3766/4056] rayless annual aster (Symphyotrichum ciliatum)...
    Found 14 photos, kept 14 for scoring
  [3767/4056] Lindley's Aster (Symphyotrichum ciliolatum)...
    Found 17 photos, kept 16 for scoring
  [3768/4056] Arrow-leaved Aster (Symphyotrichum urophyllum)...
    Found 10 photos, kept 10 for scoring
  [3769/4056] Jewels of Opar (Talinum paniculatum)...
    Found 9 photos, kept 9 for scoring
  [3770/4056] Hairy-jointed Meadow-parsnip (Thaspium barbinode)...
    Found 16 photos, kept 16 for scoring
  [3771/4056] Thuidium allenii (Thuidium allenii)...
    Found 7 photos, kept 7 for scoring
  [3772/4056] Mother of Thyme (Thymus praecox)...
    Found 4 photos, kept 4 for scoring
  [3773/4056] wishbone flower (Torenia fournieri)...
    Found 12 photos, kept 12 for scoring
  [3774/4056] Purple Heart (Tradescantia pallida)...
    Found 7 photos, kept 7 for scoring
  [3775/4056] inchplant (Tradescantia zebrina)...
    Found 15 photos, kept 15 for scoring
  [3776/4056] coastal false asphodel (Triantha racemosa)...
    Found 5 photos, kept 5 for scoring
  [3777/4056] Smooth Ironweed (Vernonia fasciculata)...
    Found 2 photos, kept 2 for scoring
  [3778/4056] narrow-leaf ironweed (Vernonia lettermannii)...
    Found 9 photos, kept 9 for scoring
  [3779/4056] Missouri Ironweed (Vernonia missurica)...
    Found 12 photos, kept 12 for scoring
  [3780/4056] Southern wood violet (Viola hirsutula)...
    Found 7 photos, kept 7 for scoring
  [3781/4056] Five-leaved chaste tree (Vitex negundo)...
    Found 12 photos, kept 12 for scoring
  [3782/4056] Old Fashioned Weigela (Weigela florida)...
    Found 9 photos, kept 9 for scoring
  [3783/4056] moundlily yucca (Yucca gloriosa)...
    Found 10 photos, kept 10 for scoring
  [3784/4056] Manila grass (Zoysia matrella)...
    Found 6 photos, kept 6 for scoring
  [3785/4056] Society Garlic (Tulbaghia violacea)...
    Found 12 photos, kept 12 for scoring
  [3786/4056] violetflower petunia (Petunia integrifolia)...
    Found 7 photos, kept 7 for scoring
  [3787/4056] Graceful green hair (Cladophora sericea)...
    Found 3 photos, kept 3 for scoring
  [3788/4056] Dense-flowered smartweed (Persicaria glabra)...
    Found 5 photos, kept 5 for scoring
  [3789/4056] Matted Sandmat (Euphorbia serpens)...
    Found 9 photos, kept 9 for scoring
  [3790/4056] Staurastrum aculeatum (Staurastrum aculeatum)...
    Found 1 photos, kept 1 for scoring
  [3791/4056] Green String Lettuce (Ulva linza)...
    Found 4 photos, kept 4 for scoring
  [3792/4056] Yellow-devil (Pilosella floribunda)...
    Found 12 photos, kept 12 for scoring
  [3793/4056] Prickly Quill Sedge (Carex echinodes)...
    Found 8 photos, kept 8 for scoring
  [3794/4056] Keep's Hawthorn (Crataegus keepii)...
    Found 4 photos, kept 4 for scoring
  [3795/4056] poplar hawthorn (Crataegus populnea)...
    Found 4 photos, kept 4 for scoring
  [3796/4056] Ribseed Sandmat (Euphorbia glyptosperma)...
    Found 24 photos, kept 16 for scoring
  [3797/4056] Climbing Buckwheat (Fallopia cristata)...
    Found 8 photos, kept 8 for scoring
  [3798/4056] Copse-bindweed (Fallopia dumetorum)...
    Found 6 photos, kept 6 for scoring
  [3799/4056] yellow star-of-Bethlehem (Gagea fragifera)...
    Found 2 photos, kept 2 for scoring
  [3800/4056] American shoreweed (Littorella americana)...
    Found 4 photos, kept 4 for scoring
  [3801/4056] Coast cinquefoil (Potentilla litoralis)...
    Found 4 photos, kept 4 for scoring
  [3802/4056] Red-leaved Rose (Rosa glauca)...
    Found 5 photos, kept 5 for scoring
  [3803/4056] Smith's blackberry (Rubus jaysmithii)...
    Found 12 photos, kept 12 for scoring
  [3804/4056] painted-tongue (Salpiglossis sinuata)...
    Found 9 photos, kept 9 for scoring
  [3805/4056] pectinate-leaved violet (Viola pectinata)...
    Found 1 photos, kept 1 for scoring
  [3806/4056] Tree spinach (Chenopodium giganteum)...
    Found 8 photos, kept 8 for scoring
  [3807/4056] Wood Stitchwort (Stellaria nemorum)...
    Found 7 photos, kept 7 for scoring
  [3808/4056] thick-leaved stonecrop (Sedum dasyphyllum)...
    Found 8 photos, kept 8 for scoring
  [3809/4056] pinched shaggy moss (Loeskeobryum brevirostre)...
    Found 11 photos, kept 11 for scoring
  [3810/4056] Desmodesmus opoliensis (Desmodesmus opoliensis)...
    Found 8 photos, kept 8 for scoring
  [3811/4056] Cosmarium reniforme (Cosmarium reniforme)...
    Found 2 photos, kept 2 for scoring
  [3812/4056] Pink Arum (Zantedeschia rehmannii)...
    Found 12 photos, kept 12 for scoring
  [3813/4056] Cup-and-saucer vine (Cobaea scandens)...
    Found 8 photos, kept 8 for scoring
  [3814/4056] white cuckoo bitter-cress (Cardamine dentata)...
    Found 12 photos, kept 12 for scoring
  [3815/4056] Knobby Clubrush (Ficinia nodosa)...
    Found 13 photos, kept 13 for scoring
  [3816/4056] Bog Bulrush (Schoenoplectiella mucronata)...
    Found 15 photos, kept 15 for scoring
  [3817/4056] Thicketweed (Bryopsis hypnoides)...
    Found 9 photos, kept 9 for scoring
  [3818/4056] succulent seaweed (Sarcodiotheca gaudichaudii)...
    Found 5 photos, kept 5 for scoring
  [3819/4056] lemon verbena (Aloysia citrodora)...
    Found 6 photos, kept 6 for scoring
  [3820/4056] Japanese rodgersia (Rodgersia podophylla)...
    Found 4 photos, kept 4 for scoring
  [3821/4056] Cornish Bellflower (Campanula alliariifolia)...
    Found 9 photos, kept 9 for scoring
  [3822/4056] Chinese Ragwort (Sinacalia tangutica)...
    Found 1 photos, kept 1 for scoring
  [3823/4056] Blidingia minima (Blidingia minima)...
    Found 1 photos, kept 1 for scoring
  [3824/4056] Cemetery Iris (Iris albicans)...
    Found 6 photos, kept 6 for scoring
  [3825/4056] Rhizoclonium tortuosum (Rhizoclonium tortuosum)...
    Found 3 photos, kept 3 for scoring
  [3826/4056] hardy begonia (Begonia grandis)...
    Found 12 photos, kept 12 for scoring
  [3827/4056] Anise-scented sage (Salvia guaranitica)...
    Found 5 photos, kept 5 for scoring
  [3828/4056] Fern-leaved Corydalis (Corydalis cheilanthifolia)...
    Found 7 photos, kept 7 for scoring
  [3829/4056] Sedum makinoi (Sedum makinoi)...
    Found 5 photos, kept 5 for scoring
  [3830/4056] Small-mouthed Beardless-moss (Weissia brachycarpa)...
    Found 10 photos, kept 10 for scoring
  [3831/4056] Yellow Oxeye (Telekia speciosa)...
    Found 5 photos, kept 5 for scoring
  [3832/4056] Aizoon Stonecrop (Phedimus aizoon)...
    Found 7 photos, kept 7 for scoring
  [3833/4056] Turkistan Onion (Allium karataviense)...
    Found 4 photos, kept 4 for scoring
  [3834/4056] Small Yellow Onion (Allium flavum)...
    Found 6 photos, kept 6 for scoring
  [3835/4056] Kotschy's Crocus (Crocus kotschyanus)...
    Found 2 photos, kept 2 for scoring
  [3836/4056] Turkish Hazel (Corylus colurna)...
    Found 9 photos, kept 9 for scoring
  [3837/4056] Thread Weed (Ulva compressa)...
    Found 12 photos, kept 12 for scoring
  [3838/4056] Cladophora albida (Cladophora albida)...
    Found 10 photos, kept 10 for scoring
  [3839/4056] holly olive (Osmanthus heterophyllus)...
    Found 10 photos, kept 10 for scoring
  [3840/4056] rose-gold pussy willow (Salix gracilistyla)...
    Found 3 photos, kept 3 for scoring
  [3841/4056] Red Azalea (Rhododendron simsii)...
    Found 10 photos, kept 10 for scoring
  [3842/4056] Siebold's Plantain Lily (Hosta sieboldiana)...
    Found 5 photos, kept 5 for scoring
  [3843/4056] New Zealand Spinach (Tetragonia tetragonoides)...
    Found 11 photos, kept 11 for scoring
  [3844/4056] Mesotaenium macrococcum (Mesotaenium macrococcum)...
    Found 5 photos, kept 5 for scoring
  [3845/4056] korean lilac (Syringa meyeri)...
    Found 2 photos, kept 2 for scoring
  [3846/4056] Pylaisia selwynii (Pylaisia selwynii)...
    Found 7 photos, kept 7 for scoring
  [3847/4056] Coccotylus truncatus (Coccotylus truncatus)...
    Found 1 photos, kept 1 for scoring
  [3848/4056] Chaetomorpha picquotiana (Chaetomorpha picquotiana)...
    Found 1 photos, kept 1 for scoring
  [3849/4056] Callithamnion tetragonum (Callithamnion tetragonum)...
    Found 4 photos, kept 4 for scoring
  [3850/4056] Chondria baileyana (Chondria baileyana)...
    Found 11 photos, kept 11 for scoring
  [3851/4056] Honey Garlic (Allium siculum)...
    Found 7 photos, kept 7 for scoring
  [3852/4056] wintergreen barberry (Berberis julianae)...
    Found 14 photos, kept 14 for scoring
  [3853/4056] Smooth Stonewort (Nitella flexilis)...
    Found 5 photos, kept 5 for scoring
  [3854/4056] Japanese Elm (Ulmus davidiana)...
    Found 9 photos, kept 9 for scoring
  [3855/4056] Long Sepal Violet (Viola inconspicua)...
    Found 5 photos, kept 5 for scoring
  [3856/4056] Giant Meadowsweet (Filipendula camtschatica)...
    Found 3 photos, kept 3 for scoring
  [3857/4056] Korean cornel dogwood (Cornus officinalis)...
    Found 13 photos, kept 13 for scoring
  [3858/4056] Fluttering Elm (Ulmus laevis)...
    Found 9 photos, kept 9 for scoring
  [3859/4056] toad lily (Tricyrtis formosana)...
    Found 6 photos, kept 6 for scoring
  [3860/4056] Scarlet Avens (Geum coccineum)...
    Found 12 photos, kept 12 for scoring
  [3861/4056] Lomentaria clavellosa (Lomentaria clavellosa)...
    Found 4 photos, kept 4 for scoring
  [3862/4056] Aphanochaete repens (Aphanochaete repens)...
    Found 1 photos, kept 1 for scoring
  [3863/4056] Stigeoclonium tenue (Stigeoclonium tenue)...
    Found 1 photos, kept 1 for scoring
  [3864/4056] Coelastrum microporum (Coelastrum microporum)...
    Found 5 photos, kept 5 for scoring
  [3865/4056] Stigeoclonium flagelliferum (Stigeoclonium flagelliferum)...
    Found 2 photos, kept 2 for scoring
  [3866/4056] Staurastrum orbiculare (Staurastrum orbiculare)...
    Found 2 photos, kept 2 for scoring
  [3867/4056] Euastrum pectinatum (Euastrum pectinatum)...
    Found 3 photos, kept 3 for scoring
  [3868/4056] Closterium leibleinii (Closterium leibleinii)...
    Found 5 photos, kept 5 for scoring
  [3869/4056] Gonatozygon pilosum (Gonatozygon pilosum)...
    Found 2 photos, kept 2 for scoring
  [3870/4056] Cosmarium connatum (Cosmarium connatum)...
    Found 1 photos, kept 1 for scoring
  [3871/4056] Cylindrocapsa geminella (Cylindrocapsa geminella)...
    Found 1 photos, kept 1 for scoring
  [3872/4056] Staurastrum grallatorium (Staurastrum grallatorium)...
    Found 1 photos, kept 1 for scoring
  [3873/4056] Cosmarium quadrum (Cosmarium quadrum)...
    Found 2 photos, kept 2 for scoring
  [3874/4056] Spondylosium planum (Spondylosium planum)...
    Found 2 photos, kept 2 for scoring
  [3875/4056] Closterium venus (Closterium venus)...
    Found 1 photos, kept 1 for scoring
  [3876/4056] Cosmarium commissurale (Cosmarium commissurale)...
    Found 1 photos, kept 1 for scoring
  [3877/4056] Staurastrum ankyroides (Staurastrum ankyroides)...
    Found 1 photos, kept 1 for scoring
  [3878/4056] Onychonema filiforme (Onychonema filiforme)...
    Found 2 photos, kept 2 for scoring
  [3879/4056] Cosmarium taxichondrum (Cosmarium taxichondrum)...
    Found 1 photos, kept 1 for scoring
  [3880/4056] Cosmarium moniliforme (Cosmarium moniliforme)...
    Found 5 photos, kept 5 for scoring
  [3881/4056] Staurodesmus brevispina (Staurodesmus brevispina)...
    Found 3 photos, kept 3 for scoring
  [3882/4056] Euastrum sinuosum (Euastrum sinuosum)...
    Found 4 photos, kept 4 for scoring
  [3883/4056] Japanese jacinth (Barnardia japonica)...
    Found 12 photos, kept 12 for scoring
  [3884/4056] Cosmarium margaritiferum (Cosmarium margaritiferum)...
    Found 1 photos, kept 1 for scoring
  [3885/4056] Staurodesmus validus (Staurodesmus validus)...
    Found 3 photos, kept 3 for scoring
  [3886/4056] Volvox globator (Volvox globator)...
    Found 12 photos, kept 12 for scoring
  [3887/4056] Staurastrum tohopekaligense (Staurastrum tohopekaligense)...
    Found 1 photos, kept 1 for scoring
  [3888/4056] Hairy Lip Fern (Myriopteris lanosa)...
    Found 15 photos, kept 15 for scoring
  [3889/4056] Great Scented Liverwort (Conocephalum conicum)...
    Found 11 photos, kept 11 for scoring
  [3890/4056] Clustered Feather-moss (Rhynchostegium confertum)...
    Found 14 photos, kept 14 for scoring
  [3891/4056] Eranthis cilicica (Eranthis cilicica)...
    Found 4 photos, kept 4 for scoring
  [3892/4056] Thread-leaved Water-crowfoot (Ranunculus trichophyllus)...
    Found 12 photos, kept 12 for scoring
  [3893/4056] Staurodesmus triangularis (Staurodesmus triangularis)...
    Found 3 photos, kept 3 for scoring
  [3894/4056] Wild Endive (Cichorium pumilum)...
    Found 11 photos, kept 11 for scoring
  [3895/4056] Tetraedron caudatum (Tetraedron caudatum)...
    Found 3 photos, kept 3 for scoring
  [3896/4056] Micractinium pusillum (Micractinium pusillum)...
    Found 3 photos, kept 3 for scoring
  [3897/4056] Westella botryoides (Westella botryoides)...
    Found 5 photos, kept 5 for scoring
  [3898/4056] Golenkinia radiata (Golenkinia radiata)...
    Found 3 photos, kept 3 for scoring
  [3899/4056] Micrasterias nordstedtiana (Micrasterias nordstedtiana)...
    Found 2 photos, kept 2 for scoring
  [3900/4056] Micrasterias jenneri (Micrasterias jenneri)...
    Found 5 photos, kept 5 for scoring
  [3901/4056] Desmidium coarctatum (Desmidium coarctatum)...
    Found 1 photos, kept 1 for scoring
  [3902/4056] Actinotaenium cucurbita (Actinotaenium cucurbita)...
    Found 1 photos, kept 1 for scoring
  [3903/4056] Roya obtusa (Roya obtusa)...
    Found 1 photos, kept 1 for scoring
  [3904/4056] Chlorogonium elongatum (Chlorogonium elongatum)...
    Found 2 photos, kept 2 for scoring
  [3905/4056] Ulothrix zonata (Ulothrix zonata)...
    Found 12 photos, kept 12 for scoring
  [3906/4056] Japanese honewort (Cryptotaenia japonica)...
    Found 6 photos, kept 6 for scoring
  [3907/4056] Pleated Foxtail Moss (Brachythecium laetum)...
    Found 16 photos, kept 16 for scoring
  [3908/4056] Good King Henry (Blitum bonus-henricus)...
    Found 11 photos, kept 11 for scoring
  [3909/4056] woodland peony (Paeonia obovata)...
    Found 6 photos, kept 6 for scoring
  [3910/4056] Ligularia stenocephala (Ligularia stenocephala)...
    Found 7 photos, kept 7 for scoring
  [3911/4056] Chinese rodgersia (Rodgersia aesculifolia)...
    Found 7 photos, kept 7 for scoring
  [3912/4056] Ptychostomum creberrimum (Ptychostomum creberrimum)...
    Found 25 photos, kept 16 for scoring
  [3913/4056] Cosmarium undulatum (Cosmarium undulatum)...
    Found 1 photos, kept 1 for scoring
  [3914/4056] Forest Poppy (Hylomecon japonica)...
    Found 4 photos, kept 4 for scoring
  [3915/4056] Closterium incurvum (Closterium incurvum)...
    Found 9 photos, kept 9 for scoring
  [3916/4056] Penium spirostriolatum (Penium spirostriolatum)...
    Found 2 photos, kept 2 for scoring
  [3917/4056] Pleurotaenium maximum (Pleurotaenium maximum)...
    Found 1 photos, kept 1 for scoring
  [3918/4056] Ankistrodesmus spiralis (Ankistrodesmus spiralis)...
    Found 7 photos, kept 7 for scoring
  [3919/4056] Staurastrum bicorne (Staurastrum bicorne)...
    Found 1 photos, kept 1 for scoring
  [3920/4056] Staurastrum pilosum (Staurastrum pilosum)...
    Found 1 photos, kept 1 for scoring
  [3921/4056] Staurastrum spongiosum (Staurastrum spongiosum)...
    Found 4 photos, kept 4 for scoring
  [3922/4056] Closterium ralfsii (Closterium ralfsii)...
    Found 6 photos, kept 6 for scoring
  [3923/4056] northern quillwort (Isoetes septentrionalis)...
    Found 12 photos, kept 12 for scoring
  [3924/4056] Closterium intermedium (Closterium intermedium)...
    Found 1 photos, kept 1 for scoring
  [3925/4056] Cosmarium regnellii (Cosmarium regnellii)...
    Found 1 photos, kept 1 for scoring
  [3926/4056] old-field panic grass (Dichanthelium huachucae)...
    Found 10 photos, kept 10 for scoring
  [3927/4056] purpletop vervain (Verbena incompta)...
    Found 5 photos, kept 5 for scoring
  [3928/4056] Southern Dung Moss (Splachnum pensylvanicum)...
    Found 4 photos, kept 4 for scoring
  [3929/4056] Rhodomela lycopodioides (Rhodomela lycopodioides)...
    Found 2 photos, kept 2 for scoring
  [3930/4056] Membranoptera fabriciana (Membranoptera fabriciana)...
    Found 4 photos, kept 4 for scoring
  [3931/4056] Lespedeza tomentosa (Lespedeza tomentosa)...
    Found 9 photos, kept 9 for scoring
  [3932/4056] Monoraphidium contortum (Monoraphidium contortum)...
    Found 4 photos, kept 4 for scoring
  [3933/4056] Three Seeded Mercury (Acalypha segetalis)...
    Found 2 photos, kept 2 for scoring
  [3934/4056] Staurastrum grande (Staurastrum grande)...
    Found 1 photos, kept 1 for scoring
  [3935/4056] Many-flowered Leskea (Pylaisia polyantha)...
    Found 16 photos, kept 16 for scoring
  [3936/4056] Hylotelephium tatarinowii (Hylotelephium tatarinowii)...
    Found 2 photos, kept 2 for scoring
  [3937/4056] Virginia marbleseed (Lithospermum virginianum)...
    Found 3 photos, kept 3 for scoring
  [3938/4056] Syneilesis aconitifolia (Syneilesis aconitifolia)...
    Found 13 photos, kept 13 for scoring
  [3939/4056] Yellow Devil Hawkweed (Pilosella glomerata)...
    Found 2 photos, kept 2 for scoring
  [3940/4056] Petrosedum montanum (Petrosedum montanum)...
    Found 6 photos, kept 6 for scoring
  [3941/4056] Micractinium bornhemiense (Micractinium bornhemiense)...
    Found 3 photos, kept 3 for scoring
  [3942/4056] Simple bugbane (Actaea simplex)...
    Found 12 photos, kept 12 for scoring
  [3943/4056] cinnamon-fruited dandelion (Taraxacum fulvum)...
    Found 19 photos, kept 16 for scoring
  [3944/4056] wild comfrey (Andersonglossum virginianum)...
    Found 15 photos, kept 15 for scoring
  [3945/4056] Great Stonecrop (Hylotelephium maximum)...
    Found 13 photos, kept 13 for scoring
  [3946/4056] Eastern Tree-mallow (Malva thuringiaca)...
    Found 6 photos, kept 6 for scoring
  [3947/4056] French marigold (Tagetes patula)...
    Found 7 photos, kept 7 for scoring
  [3948/4056] Striped Goosefoot (Chenopodium betaceum)...
    Found 11 photos, kept 11 for scoring
  [3949/4056] Siberian Burnet (Sanguisorba tenuifolia)...
    Found 11 photos, kept 11 for scoring
  [3950/4056] Pyropia leucosticta (Pyropia leucosticta)...
    Found 2 photos, kept 2 for scoring
  [3951/4056] Grassland Pricklypear (Opuntia cymochila)...
    Found 8 photos, kept 8 for scoring
  [3952/4056] Chinese Ivy (Cardamine lyrata)...
    Found 2 photos, kept 2 for scoring
  [3953/4056] pine-barren sandwort (Mononeuria caroliniana)...
    Found 8 photos, kept 8 for scoring
  [3954/4056] Nitella clavata (Nitella clavata)...
    Found 16 photos, kept 16 for scoring
  [3955/4056] Desmodesmus protuberans (Desmodesmus protuberans)...
    Found 7 photos, kept 7 for scoring
  [3956/4056] Desmodesmus communis (Desmodesmus communis)...
    Found 7 photos, kept 7 for scoring
  [3957/4056] Tetradesmus obliquus (Tetradesmus obliquus)...
    Found 7 photos, kept 7 for scoring
  [3958/4056] lesser chickweed (Stellaria apetala)...
    Found 11 photos, kept 11 for scoring
  [3959/4056] Scenedesmus obtusus (Scenedesmus obtusus)...
    Found 5 photos, kept 5 for scoring
  [3960/4056] Hairy Saltwort (Spirobassia hirsuta)...
    Found 11 photos, kept 11 for scoring
  [3961/4056] Staurodesmus glaber (Staurodesmus glaber)...
    Found 1 photos, kept 1 for scoring
  [3962/4056] Cosmarium isthmium (Cosmarium isthmium)...
    Found 1 photos, kept 1 for scoring
  [3963/4056] common hedge-nettle (Betonica officinalis)...
    Found 9 photos, kept 9 for scoring
  [3964/4056] Gloeochaete wittrockiana (Gloeochaete wittrockiana)...
    Found 6 photos, kept 6 for scoring
  [3965/4056] Japanese indigo (Persicaria tinctoria)...
    Found 8 photos, kept 8 for scoring
  [3966/4056] velvet feather-moss (Brachytheciastrum velutinum)...
    Found 22 photos, kept 16 for scoring
  [3967/4056] Hydrangea hydrangeoides (Hydrangea hydrangeoides)...
    Found 5 photos, kept 5 for scoring
  [3968/4056] Vertebrata nigra (Vertebrata nigra)...
    Found 6 photos, kept 6 for scoring
  [3969/4056] Hubei Anemone (Eriocapitella hupehensis)...
    Found 8 photos, kept 8 for scoring
  [3970/4056] Blue Anemone (Anemonoides apennina)...
    Found 8 photos, kept 8 for scoring
  [3971/4056] old field panic grass (Dichanthelium implicatum)...
    Found 10 photos, kept 10 for scoring
  [3972/4056] Lindheimer's Panicgrass (Dichanthelium lindheimeri)...
    Found 11 photos, kept 11 for scoring
  [3973/4056] hemlock panic grass (Dichanthelium columbianum)...
    Found 14 photos, kept 14 for scoring
  [3974/4056] Tetrabaena socialis (Tetrabaena socialis)...
    Found 8 photos, kept 8 for scoring
  [3975/4056] Scenedesmus apiculatus (Scenedesmus apiculatus)...
    Found 4 photos, kept 4 for scoring
  [3976/4056] Sorastrum spinulosum (Sorastrum spinulosum)...
    Found 3 photos, kept 3 for scoring
  [3977/4056] Coleochaete pulvinata (Coleochaete pulvinata)...
    Found 9 photos, kept 9 for scoring
  [3978/4056] Closterium angustatum (Closterium angustatum)...
    Found 1 photos, kept 1 for scoring
  [3979/4056] Closterium limneticum (Closterium limneticum)...
    Found 3 photos, kept 3 for scoring
  [3980/4056] Staurastrum brevispina (Staurastrum brevispina)...
    Found 2 photos, kept 2 for scoring
  [3981/4056] Cosmarium subprotumidum (Cosmarium subprotumidum)...
    Found 2 photos, kept 2 for scoring
  [3982/4056] Cosmarium quadrifarium (Cosmarium quadrifarium)...
    Found 2 photos, kept 2 for scoring
  [3983/4056] Cosmarium formosulum (Cosmarium formosulum)...
    Found 2 photos, kept 2 for scoring
  [3984/4056] Algal Thread Moss (Pseudoamblystegium subtile)...
    Found 14 photos, kept 14 for scoring
  [3985/4056] Apiocystis brauniana (Apiocystis brauniana)...
    Found 6 photos, kept 6 for scoring
  [3986/4056] Chaetophora tuberculosa (Chaetophora tuberculosa)...
    Found 7 photos, kept 7 for scoring
  [3987/4056] Cosmarium difficile (Cosmarium difficile)...
    Found 1 photos, kept 1 for scoring
  [3988/4056] Cosmarium debaryi (Cosmarium debaryi)...
    Found 1 photos, kept 1 for scoring
  [3989/4056] Desmodesmus denticulatus (Desmodesmus denticulatus)...
    Found 5 photos, kept 5 for scoring
  [3990/4056] Calliergon Moss (Drepanocladus trifarius)...
    Found 9 photos, kept 9 for scoring
  [3991/4056] Elakatothrix gelatinosa (Elakatothrix gelatinosa)...
    Found 2 photos, kept 2 for scoring
  [3992/4056] Euastrum ansatum (Euastrum ansatum)...
    Found 6 photos, kept 6 for scoring
  [3993/4056] Coenochloris fottii (Coenochloris fottii)...
    Found 22 photos, kept 16 for scoring
  [3994/4056] Haplotaenium minutum (Haplotaenium minutum)...
    Found 2 photos, kept 2 for scoring
  [3995/4056] Actinotaenium curtum (Actinotaenium curtum)...
    Found 3 photos, kept 3 for scoring
  [3996/4056] Tetrastrum staurogeniiforme (Tetrastrum staurogeniiforme)...
    Found 3 photos, kept 3 for scoring
  [3997/4056] Scherffelia dubia (Scherffelia dubia)...
    Found 1 photos, kept 1 for scoring
  [3998/4056] Selenastrum bibraianum (Selenastrum bibraianum)...
    Found 8 photos, kept 8 for scoring
  [3999/4056] Staurastrum dilatatum (Staurastrum dilatatum)...
    Found 6 photos, kept 6 for scoring
  [4000/4056] Staurodesmus bulnheimii (Staurodesmus bulnheimii)...
    Found 2 photos, kept 2 for scoring
  [4001/4056] Staurodesmus lobatus (Staurodesmus lobatus)...
    Found 1 photos, kept 1 for scoring
  [4002/4056] Netrium oblongum (Netrium oblongum)...
    Found 1 photos, kept 1 for scoring
  [4003/4056] Tufted Thread-moss (Ptychostomum imbricatulum)...
    Found 15 photos, kept 15 for scoring
  [4004/4056] Staurastrum anchora (Staurastrum anchora)...
    Found 1 photos, kept 1 for scoring
  [4005/4056] Alga-like Matted-moss (Serpoleskea confervoides)...
    Found 11 photos, kept 11 for scoring
  [4006/4056] Staurastrum lapponicum (Staurastrum lapponicum)...
    Found 14 photos, kept 14 for scoring
  [4007/4056] Blunt Pincerwort (Fuscocephaloziopsis pleniceps)...
    Found 8 photos, kept 8 for scoring
  [4008/4056] Long-leaved Flapwort (Liochlaena lanceolata)...
    Found 22 photos, kept 16 for scoring
  [4009/4056] Acrosiphonia spinescens (Acrosiphonia spinescens)...
    Found 1 photos, kept 1 for scoring
  [4010/4056] Pithophora roettleri (Pithophora roettleri)...
    Found 3 photos, kept 3 for scoring
  [4011/4056] Staurodesmus longispinus (Staurodesmus longispinus)...
    Found 1 photos, kept 1 for scoring
  [4012/4056] Bissett's bamboo (Phyllostachys bissetii)...
    Found 6 photos, kept 6 for scoring
  [4013/4056] Thalictrum confine (Thalictrum confine)...
    Found 21 photos, kept 16 for scoring
  [4014/4056] Little Yellow Rattle (Rhinanthus groenlandicus)...
    Found 7 photos, kept 7 for scoring
  [4015/4056] Nephrocytium lunatum (Nephrocytium lunatum)...
    Found 6 photos, kept 6 for scoring
  [4016/4056] Tayloria tenuis (Tayloria tenuis)...
    Found 8 photos, kept 8 for scoring
  [4017/4056] Messastrum gracile (Messastrum gracile)...
    Found 6 photos, kept 6 for scoring
  [4018/4056] White beggarticks (Bidens alba)...
    Found 10 photos, kept 10 for scoring
  [4019/4056] Desmidium graciliceps (Desmidium graciliceps)...
    Found 1 photos, kept 1 for scoring
  [4020/4056] Sphaerozosma filiforme (Sphaerozosma filiforme)...
    Found 1 photos, kept 1 for scoring
  [4021/4056] Frizzled Pincushion (Plenogemma phyllantha)...
    Found 11 photos, kept 11 for scoring
  [4022/4056] Dark-green Bristle Moss (Lewinskya sordida)...
    Found 14 photos, kept 14 for scoring
  [4023/4056] Showy Bristle Moss (Lewinskya speciosa)...
    Found 9 photos, kept 9 for scoring
  [4024/4056] Fissidens pusillus (Fissidens pusillus)...
    Found 6 photos, kept 6 for scoring
  [4025/4056] Hydrocotyle batrachium (Hydrocotyle batrachium)...
    Found 13 photos, kept 13 for scoring
  [4026/4056] Micrasterias floridensis (Micrasterias floridensis)...
    Found 3 photos, kept 3 for scoring
  [4027/4056] Carolina draba (Tomostima reptans)...
    Found 18 photos, kept 16 for scoring
  [4028/4056] Pseudopediastrum cornutum (Pseudopediastrum cornutum)...
    Found 3 photos, kept 3 for scoring
  [4029/4056] Chlorotetraedron incus (Chlorotetraedron incus)...
    Found 9 photos, kept 9 for scoring
  [4030/4056] Verrucodesmus verrucosus (Verrucodesmus verrucosus)...
    Found 10 photos, kept 10 for scoring
  [4031/4056] Hariotina reticulata (Hariotina reticulata)...
    Found 4 photos, kept 4 for scoring
  [4032/4056] Thicket dewberry (Rubus permixtus)...
    Found 11 photos, kept 11 for scoring
  [4033/4056] Swedish Service-tree (Hedlundia hybrida)...
    Found 6 photos, kept 6 for scoring
  [4034/4056] Gattinger's panic grass (Panicum gattingeri)...
    Found 15 photos, kept 15 for scoring
  [4035/4056] False Beard Moss (Geheebia fallax)...
    Found 18 photos, kept 16 for scoring
  [4036/4056] Orthotrichum consobrinum (Orthotrichum consobrinum)...
    Found 1 photos, kept 1 for scoring
  [4037/4056] veined thoroughwort (Eupatorium subvenosum)...
    Found 7 photos, kept 7 for scoring
  [4038/4056] Azure Grape-hyacinth (Muscari azureum)...
    Found 5 photos, kept 5 for scoring
  [4039/4056] sprangletop (Diplachne fusca)...
    Found 18 photos, kept 16 for scoring
  [4040/4056] American field pansy (Viola rafinesquei)...
    Found 10 photos, kept 10 for scoring
  [4041/4056] Staurastrum minnesotense (Staurastrum minnesotense)...
    Found 5 photos, kept 5 for scoring
  [4042/4056] small Jack-in-the-pulpit (Arisaema pusillum)...
    Found 5 photos, kept 5 for scoring
  [4043/4056] Hooperia divaricata (Hooperia divaricata)...
    Found 1 photos, kept 1 for scoring
  [4044/4056] Little Brown Jugs (Asarum arifolium)...
    Found 15 photos, kept 15 for scoring
  [4045/4056] Staurodesmus quiriferus (Staurodesmus quiriferus)...
    Found 1 photos, kept 1 for scoring
  [4046/4056] Choreocolax polysiphoniae (Choreocolax polysiphoniae)...
    Found 4 photos, kept 4 for scoring
  [4047/4056] Fissidens minutulus (Fissidens minutulus)...
    Found 12 photos, kept 12 for scoring
  [4048/4056] Cosmarium panduriforme (Cosmarium panduriforme)...
    Found 4 photos, kept 4 for scoring
  [4049/4056] hooded arrowhead (Sagittaria calycina)...
    Found 16 photos, kept 16 for scoring
  [4050/4056] Green Hoar-moss (Hedwigia filiformis)...
    Found 9 photos, kept 9 for scoring
  [4051/4056] Torrey's Mountainmint (Pycnanthemum torreyi)...
    Found 14 photos, kept 14 for scoring
  [4052/4056] rose turtlehead (Chelone speciosa)...
    Found 13 photos, kept 13 for scoring
  [4053/4056] Boreal Yarrow (Achillea borealis)...
    Found 7 photos, kept 7 for scoring
  [4054/4056] Straw-Fruited Hawthorn (Crataegus straminea)...
    Found 5 photos, kept 5 for scoring
  [4055/4056] Bicknell's Bristleberry (Rubus bicknellii)...
    Found 1 photos, kept 1 for scoring
  [4056/4056] Stinking Hawthorn (Crataegus boyntonii)...
    Found 4 photos, kept 4 for scoring

Saved photos to C:\Users\zenos\Documents\nature_app\data\pipeline\photos.json

=== Stage 3b: Score Photos with AI (Haiku Sequential) ===
  Model: claude-haiku-4-5-20251001
  Pricing: $1/MTok in, $5/MTok out
  [200/4056] ... 200 cached so far
  [400/4056] ... 400 cached so far
  [600/4056] ... 600 cached so far
  [800/4056] ... 800 cached so far
  [1000/4056] ... 1000 cached so far
  [1200/4056] ... 1200 cached so far
  [1400/4056] ... 1400 cached so far
  [1600/4056] ... 1600 cached so far
  [1800/4056] ... 1800 cached so far
  [1843/4056] Purple Beautyberry (16 photos)...
    7 selected | 💰 $0.0118 (4,959 in / 1,363 out)
  [1844/4056] Spreading Sedge (16 photos)...
    6 selected | 💰 $0.0228 (9,774 in / 2,600 out)
  [1845/4056] Boreal Bedstraw (16 photos)...
    6 selected | 💰 $0.0333 (14,294 in / 3,796 out)
  [1846/4056] Wood Dock (16 photos)...
    6 selected | 💰 $0.0442 (18,945 in / 5,055 out)
  [1847/4056] Knotted Pearlwort (16 photos)...
    6 selected | 💰 $0.0543 (23,598 in / 6,149 out)
  [1848/4056] Engelmann's Arrowhead (16 photos)...
    7 selected | 💰 $0.0660 (28,777 in / 7,445 out)
  [1849/4056] Britton's Coast Violet (16 photos)...
    6 selected | 💰 $0.0770 (33,663 in / 8,659 out)
  [1850/4056] northern yellow-eyed grass (16 photos)...
    7 selected | 💰 $0.0877 (38,335 in / 9,869 out)
  [1851/4056] Sea Hair (16 photos)...
    8 selected | 💰 $0.0982 (43,043 in / 11,022 out)
  [1852/4056] Large-thorn hawthorn (16 photos)...
    6 selected | 💰 $0.1086 (47,535 in / 12,216 out)
  [1853/4056] Xanthidium armatum (16 photos)...
    7 selected | 💰 $0.1199 (52,541 in / 13,462 out)
  [1854/4056] Tall Beech Fern (16 photos)...
    6 selected | 💰 $0.1307 (57,309 in / 14,672 out)
  [1855/4056] Staurodesmus octocornis (16 photos)...
    6 selected | 💰 $0.1413 (62,240 in / 15,813 out)
  [1856/4056] Hairy tare (16 photos)...
    4 selected | 💰 $0.1514 (66,728 in / 16,943 out)
  [1857/4056] river bulrush (16 photos)...
    6 selected | 💰 $0.1621 (71,471 in / 18,133 out)
  [1858/4056] woolly hedgenettle (16 photos)...
    5 selected | 💰 $0.1728 (76,285 in / 19,297 out)
  [1859/4056] meadow evening primrose (16 photos)...
    6 selected | 💰 $0.1837 (81,010 in / 20,531 out)
  [1861/4056] swamp birch (16 photos)...
    5 selected | 💰 $0.1943 (85,785 in / 21,702 out)
  [1862/4056] tall bellflower (16 photos)...
    6 selected | 💰 $0.2044 (90,595 in / 22,759 out)
  [1863/4056] perplexed tick-trefoil (16 photos)...
    6 selected | 💰 $0.2154 (95,378 in / 24,008 out)
  [1864/4056] Sharp-pointed Earwort (16 photos)...
    6 selected | 💰 $0.2259 (100,127 in / 25,151 out)
  [1865/4056] Robbins' Spikerush (16 photos)...
    6 selected | 💰 $0.2364 (104,873 in / 26,301 out)
  [1866/4056] orange-fringed orchid (16 photos)...
    6 selected | 💰 $0.2456 (109,311 in / 27,248 out)
  [1867/4056] Micrasterias depauperata (16 photos)...
    6 selected | 💰 $0.2565 (114,045 in / 28,491 out)
  [1868/4056] shrubby St. John's-wort (16 photos)...
    6 selected | 💰 $0.2658 (118,632 in / 29,429 out)
  [1869/4056] garlic penny-cress (16 photos)...
    6 selected | 💰 $0.2767 (123,449 in / 30,656 out)
  [1870/4056] Spongy Arrowhead (16 photos)...
    6 selected | 💰 $0.2872 (128,378 in / 31,767 out)
  [1871/4056] southern catalpa (16 photos)...
    6 selected | 💰 $0.2980 (133,010 in / 33,003 out)
  [1872/4056] inland sedge (16 photos)...
    5 selected | 💰 $0.3083 (137,585 in / 34,143 out)
  [1873/4056] rough barnyard grass (16 photos)...
    6 selected | 💰 $0.3189 (142,238 in / 35,339 out)
  [1874/4056] Scarlet Flax (16 photos)...
    7 selected | 💰 $0.3295 (146,801 in / 36,541 out)
  [1875/4056] nimblewill (16 photos)...
    6 selected | 💰 $0.3398 (151,506 in / 37,667 out)
  [1876/4056] Sticky Groundsel (16 photos)...
    6 selected | 💰 $0.3501 (156,460 in / 38,720 out)
  [1877/4056] Miquel's mazus (16 photos)...
    7 selected | 💰 $0.3610 (161,202 in / 39,955 out)
  [1878/4056] Japanese zelkova (16 photos)...
    7 selected | 💰 $0.3720 (165,869 in / 41,217 out)
  [1879/4056] Downy Skullcap (16 photos)...
    7 selected | 💰 $0.3829 (170,865 in / 42,400 out)
  [1880/4056] Greater Musk-mallow (16 photos)...
    6 selected | 💰 $0.3936 (175,559 in / 43,600 out)
  [1881/4056] Limestone Meadow sedge (16 photos)...
    6 selected | 💰 $0.4045 (180,176 in / 44,855 out)
  [1882/4056] Arrowfeather Threeawn (16 photos)...
    6 selected | 💰 $0.4150 (184,815 in / 46,040 out)
  [1883/4056] Hayden's sedge (16 photos)...
    6 selected | 💰 $0.4254 (189,485 in / 47,185 out)
  [1884/4056] White Adder's-mouth (16 photos)...
    6 selected | 💰 $0.4359 (194,192 in / 48,345 out)
  [1885/4056] Oriental Poppy (16 photos)...
    7 selected | 💰 $0.4480 (198,914 in / 49,816 out)
  [1886/4056] snailseed pondweed (16 photos)...
    6 selected | 💰 $0.4586 (203,609 in / 50,993 out)
  [1887/4056] Hidden-fruit Bladderwort (16 photos)...
    6 selected | 💰 $0.4693 (208,340 in / 52,191 out)
  [1888/4056] Bushgrass (16 photos)...
    6 selected | 💰 $0.4804 (213,228 in / 53,444 out)
  [1889/4056] Dove's-foot crane's-bill (16 photos)...
    6 selected | 💰 $0.4914 (218,191 in / 54,632 out)
  [1890/4056] Hyssop Loosestrife (16 photos)...
    6 selected | 💰 $0.5022 (222,940 in / 55,850 out)
  [1891/4056] caper spurge (16 photos)...
    6 selected | 💰 $0.5127 (227,521 in / 57,028 out)
  [1892/4056] Spring starflower (16 photos)...
    6 selected | 💰 $0.5234 (232,321 in / 58,215 out)
  [1893/4056] alpine marsh violet (16 photos)...
    8 selected | 💰 $0.5342 (237,023 in / 59,435 out)
  [1894/4056] hairy rosette-panicgrass (16 photos)...
    6 selected | 💰 $0.5448 (241,950 in / 60,579 out)
  [1895/4056] Shining Rose (16 photos)...
    7 selected | 💰 $0.5560 (246,793 in / 61,836 out)
  [1896/4056] summer sedge (16 photos)...
    6 selected | 💰 $0.5668 (251,461 in / 63,067 out)
  [1897/4056] meager sedge (16 photos)...
    6 selected | 💰 $0.5766 (256,182 in / 64,076 out)
  [1898/4056] Dwarf Umbrella-sedge (16 photos)...
    6 selected | 💰 $0.5866 (260,585 in / 65,201 out)
  [1899/4056] staggerbush (16 photos)...
    7 selected | 💰 $0.5980 (265,377 in / 66,519 out)
  [1900/4056] Anomalous Bristle-moss (16 photos)...
    7 selected | 💰 $0.6070 (270,092 in / 67,381 out)
  [1901/4056] Blackseed Needlegrass (16 photos)...
    6 selected | 💰 $0.6182 (274,787 in / 68,674 out)
  [1902/4056] Flat-brocade Moss (16 photos)...
    6 selected | 💰 $0.6288 (279,555 in / 69,851 out)
  [1904/4056] Low Peatmoss (16 photos)...
    6 selected | 💰 $0.6390 (284,446 in / 70,918 out)
  [1905/4056] Simple Peatmoss (16 photos)...
    6 selected | 💰 $0.6494 (289,212 in / 72,031 out)
  [1906/4056] Asian Flatsedge (16 photos)...
    7 selected | 💰 $0.6598 (293,901 in / 73,183 out)
  [1907/4056] Nepal Persicaria (16 photos)...
    7 selected | 💰 $0.6699 (298,717 in / 74,240 out)
  [1909/4056] Giesecke's harebell (16 photos)...
    7 selected | 💰 $0.6807 (303,680 in / 75,400 out)
  [1910/4056] yellow stonecrop (16 photos)...
    6 selected | 💰 $0.6908 (308,388 in / 76,479 out)
  [1911/4056] field mustard (16 photos)...
    6 selected | 💰 $0.7021 (313,270 in / 77,771 out)
  [1912/4056] Nuttall's Waterweed (16 photos)...
    6 selected | 💰 $0.7130 (317,979 in / 78,999 out)
  [1913/4056] Baltic Rush (16 photos)...
    7 selected | 💰 $0.7235 (322,612 in / 80,171 out)
  [1914/4056] tall oat grass (16 photos)...
    7 selected | 💰 $0.7344 (327,335 in / 81,421 out)
  [1915/4056] water bulrush (16 photos)...
    6 selected | 💰 $0.7450 (332,079 in / 82,581 out)
  [1916/4056] American persimmon (16 photos)...
    7 selected | 💰 $0.7561 (337,055 in / 83,800 out)
  [1917/4056] tiny bluet (16 photos)...
    7 selected | 💰 $0.7669 (341,704 in / 85,047 out)
  [1918/4056] herbwilliam (16 photos)...
    6 selected | 💰 $0.7776 (346,590 in / 86,197 out)
  [1919/4056] Asarabacca (16 photos)...
    6 selected | 💰 $0.7879 (351,242 in / 87,341 out)
  [1920/4056] Northeastern Peatmoss (16 photos)...
    6 selected | 💰 $0.7994 (355,973 in / 88,690 out)
  [1921/4056] common bistort (16 photos)...
    7 selected | 💰 $0.8104 (360,714 in / 89,939 out)
  [1922/4056] Fool's parsley (16 photos)...
    6 selected | 💰 $0.8208 (365,402 in / 91,089 out)
  [1923/4056] Small-flowered Winter-cress (16 photos)...
    5 selected | 💰 $0.8314 (370,126 in / 92,259 out)
  [1924/4056] summer-cypress (16 photos)...
    6 selected | 💰 $0.8417 (374,739 in / 93,396 out)
  [1925/4056] Elk Sedge (16 photos)...
    6 selected | 💰 $0.8525 (379,390 in / 94,614 out)
  [1926/4056] Closed Gentian (16 photos)...
    6 selected | 💰 $0.8632 (384,222 in / 95,799 out)
  [1927/4056] tea viburnum (16 photos)...
    6 selected | 💰 $0.8744 (389,179 in / 97,039 out)
  [1928/4056] Bowman's root (16 photos)...
    6 selected | 💰 $0.8858 (393,991 in / 98,363 out)
  [1929/4056] marsh hedge nettle (16 photos)...
    6 selected | 💰 $0.8962 (398,424 in / 99,548 out)
  [1930/4056] Triploceras gracile (16 photos)...
    6 selected | 💰 $0.9061 (402,774 in / 100,658 out)
  [1931/4056] Desmidium baileyi (16 photos)...
    6 selected | 💰 $0.9160 (406,858 in / 101,831 out)
  [1933/4056] Pseudopediastrum boryanum (16 photos)...
    6 selected | 💰 $0.9271 (412,024 in / 103,023 out)
  [1934/4056] Green Rockcress (16 photos)...
    6 selected | 💰 $0.9379 (417,271 in / 104,124 out)
  [1935/4056] white willow (16 photos)...
    7 selected | 💰 $0.9484 (421,953 in / 105,291 out)
  [1937/4056] Lacy phacelia (16 photos)...
    6 selected | 💰 $0.9592 (426,641 in / 106,519 out)
  [1938/4056] blue-fruited dogwood (16 photos)...
    6 selected | 💰 $0.9702 (431,474 in / 107,742 out)
  [1940/4056] smooth crabgrass (16 photos)...
    6 selected | 💰 $0.9805 (436,235 in / 108,847 out)
  [1941/4056] Hornemann's Willowherb (16 photos)...
    6 selected | 💰 $0.9909 (441,054 in / 109,971 out)
  [1942/4056] marsh pea (16 photos)...
    6 selected | 💰 $1.0013 (445,885 in / 111,090 out)
  [1943/4056] Greater Water Dock (16 photos)...
    5 selected | 💰 $1.0121 (450,607 in / 112,293 out)
  [1944/4056] knotroot bristlegrass (16 photos)...
    6 selected | 💰 $1.0227 (455,387 in / 113,468 out)
  [1945/4056] Purple Saxifrage (16 photos)...
    6 selected | 💰 $1.0341 (459,988 in / 114,824 out)
  [1946/4056] Canada wild rye (16 photos)...
    6 selected | 💰 $1.0450 (464,727 in / 116,052 out)
  [1949/4056] Rue (13 photos)...
    6 selected | 💰 $1.0536 (468,518 in / 117,026 out)
  [1950/4056] Carolina Silverbell (16 photos)...
    7 selected | 💰 $1.0646 (473,274 in / 118,274 out)
  [1951/4056] Quaking-grass (16 photos)...
    6 selected | 💰 $1.0750 (477,851 in / 119,422 out)
  [1952/4056] Back's sedge (16 photos)...
    7 selected | 💰 $1.0858 (482,248 in / 120,714 out)
  [1953/4056] necklace sedge (16 photos)...
    6 selected | 💰 $1.0959 (487,096 in / 121,766 out)
  [1954/4056] Snow-in-summer (16 photos)...
    6 selected | 💰 $1.1064 (491,874 in / 122,907 out)
  [1955/4056] Walter's barnyard grass (16 photos)...
    6 selected | 💰 $1.1174 (496,671 in / 124,150 out)
  [1956/4056] Labrador willow (16 photos)...
    6 selected | 💰 $1.1281 (501,450 in / 125,337 out)
  [1957/4056] Luminous Moss (16 photos)...
    7 selected | 💰 $1.1378 (506,071 in / 126,336 out)
  [1958/4056] twisted yellow-eyed grass (16 photos)...
    6 selected | 💰 $1.1467 (510,456 in / 127,239 out)
  [1959/4056] trifoliate orange (16 photos)...
    6 selected | 💰 $1.1572 (515,177 in / 128,397 out)
  [1960/4056] Euastrum denticulatum (16 photos)...
    7 selected | 💰 $1.1683 (520,393 in / 129,578 out)
  [1961/4056] Micrasterias rotata (16 photos)...
    6 selected | 💰 $1.1775 (525,069 in / 130,496 out)
  [1962/4056] Micrasterias furcata (16 photos)...
    6 selected | 💰 $1.1882 (530,022 in / 131,639 out)
  [1963/4056] Euthora cristata (16 photos)...
    8 selected | 💰 $1.1973 (534,318 in / 132,596 out)
  [1964/4056] Big Cordgrass (16 photos)...
    6 selected | 💰 $1.2079 (539,133 in / 133,745 out)
  [1965/4056] Monactinus simplex (16 photos)...
    8 selected | 💰 $1.2182 (543,871 in / 134,865 out)
  [1966/4056] Creeping Speedwell (16 photos)...
    6 selected | 💰 $1.2291 (548,650 in / 136,087 out)
  [1967/4056] Xanthidium wewahitchkense (16 photos)...
    6 selected | 💰 $1.2393 (554,164 in / 137,020 out)
  [1968/4056] Common centaury (16 photos)...
    6 selected | 💰 $1.2491 (558,904 in / 138,041 out)
  [1970/4056] redtop (16 photos)...
    6 selected | 💰 $1.2595 (563,644 in / 139,166 out)
  [1971/4056] purple love grass (16 photos)...
    6 selected | 💰 $1.2687 (568,314 in / 140,077 out)
  [1972/4056] Grass-leaved Rush (16 photos)...
    6 selected | 💰 $1.2796 (573,023 in / 141,311 out)
  [1973/4056] Canada bluegrass (16 photos)...
    6 selected | 💰 $1.2901 (577,617 in / 142,488 out)
  [1974/4056] late figwort (16 photos)...
    6 selected | 💰 $1.3004 (582,378 in / 143,605 out)
  [1975/4056] hairy ruellia (16 photos)...
    6 selected | 💰 $1.3100 (586,977 in / 144,600 out)
  [1976/4056] stiff-leaved goldenrod (16 photos)...
    6 selected | 💰 $1.3214 (591,822 in / 145,918 out)
  [1977/4056] bracted sedge (16 photos)...
    6 selected | 💰 $1.3325 (596,426 in / 147,212 out)
  [1979/4056] white flat-topped goldenrod (16 photos)...
    7 selected | 💰 $1.3434 (601,325 in / 148,405 out)
  [1980/4056] Low False Bindweed (16 photos)...
    6 selected | 💰 $1.3541 (606,053 in / 149,618 out)
  [1981/4056] Tyrol knapweed (16 photos)...
    7 selected | 💰 $1.3646 (610,721 in / 150,768 out)
  [1982/4056] Extinguisher Moss (16 photos)...
    7 selected | 💰 $1.3747 (615,270 in / 151,880 out)
  [1983/4056] Parker's pipewort (16 photos)...
    6 selected | 💰 $1.3853 (619,942 in / 153,080 out)
  [1985/4056] Thread Rush (16 photos)...
    6 selected | 💰 $1.3955 (624,360 in / 154,221 out)
  [1986/4056] Winter honeysuckle (16 photos)...
    6 selected | 💰 $1.4064 (629,069 in / 155,463 out)
  [1987/4056] Marsh Muhly (16 photos)...
    6 selected | 💰 $1.4168 (633,848 in / 156,597 out)
  [1988/4056] Brittle Naiad (16 photos)...
    6 selected | 💰 $1.4265 (638,661 in / 157,558 out)
  [1989/4056] Cinnamon Rose (16 photos)...
    5 selected | 💰 $1.4373 (643,382 in / 158,784 out)
  [1990/4056] sweet black-eyed Susan (16 photos)...
    7 selected | 💰 $1.4482 (648,339 in / 159,976 out)
  [1991/4056] Giant Peatmoss (16 photos)...
    6 selected | 💰 $1.4588 (652,888 in / 161,191 out)
  [1992/4056] Eastern Silver Aster (16 photos)...
    6 selected | 💰 $1.4693 (657,645 in / 162,329 out)
  [1993/4056] Micrasterias radiosa (16 photos)...
    6 selected | 💰 $1.4791 (662,879 in / 163,240 out)
  [1994/4056] Triploceras verticillatum (16 photos)...
    7 selected | 💰 $1.4900 (667,465 in / 164,507 out)
  [1995/4056] Closterium navicula (16 photos)...
    8 selected | 💰 $1.5006 (672,105 in / 165,709 out)
  [1996/4056] clockweed (16 photos)...
    6 selected | 💰 $1.5114 (676,649 in / 166,950 out)
  [1997/4056] greater stitchwort (16 photos)...
    6 selected | 💰 $1.5221 (681,458 in / 168,120 out)
  [1998/4056] Broadleaf Speedwell (16 photos)...
    7 selected | 💰 $1.5330 (686,327 in / 169,326 out)
  [2000/4056] Primrose (16 photos)...
    6 selected | 💰 $1.5433 (691,133 in / 170,428 out)
  [2001/4056] Common Mallow (16 photos)...
    7 selected | 💰 $1.5538 (695,735 in / 171,612 out)
  [2002/4056] greasewort (16 photos)...
    7 selected | 💰 $1.5643 (700,261 in / 172,799 out)
  [2003/4056] Spring Snowflake (16 photos)...
    6 selected | 💰 $1.5747 (704,918 in / 173,954 out)
  [2004/4056] drug eyebright (16 photos)...
    6 selected | 💰 $1.5848 (709,479 in / 175,071 out)
  [2005/4056] alpine sorrel (16 photos)...
    6 selected | 💰 $1.5944 (714,308 in / 176,027 out)
  [2006/4056] male fern (16 photos)...
    7 selected | 💰 $1.6050 (718,911 in / 177,209 out)
  [2007/4056] Teal Lovegrass (16 photos)...
    6 selected | 💰 $1.6156 (723,656 in / 178,398 out)
  [2009/4056] Virginia sweetspire (16 photos)...
    7 selected | 💰 $1.6269 (728,216 in / 179,738 out)
  [2010/4056] wild quinine (16 photos)...
    7 selected | 💰 $1.6368 (732,898 in / 180,774 out)
  [2011/4056] tall coreopsis (16 photos)...
    6 selected | 💰 $1.6464 (737,436 in / 181,801 out)
  [2012/4056] Allegheny Mountain Buttercup (16 photos)...
    6 selected | 💰 $1.6569 (742,220 in / 182,935 out)
  [2013/4056] Clustered Sanicle (16 photos)...
    6 selected | 💰 $1.6674 (747,220 in / 184,039 out)
  [2014/4056] bur reed sedge (16 photos)...
    6 selected | 💰 $1.6779 (751,709 in / 185,235 out)
  [2015/4056] squarrose sedge (16 photos)...
    7 selected | 💰 $1.6885 (756,458 in / 186,410 out)
  [2016/4056] purple oat (16 photos)...
    6 selected | 💰 $1.6973 (760,733 in / 187,318 out)
  [2017/4056] Alpine Milkvetch (16 photos)...
    6 selected | 💰 $1.7072 (765,456 in / 188,349 out)
  [2018/4056] Monk's-hood (16 photos)...
    6 selected | 💰 $1.7177 (770,110 in / 189,513 out)
  [2019/4056] Broad-lipped Twayblade (16 photos)...
    6 selected | 💰 $1.7284 (774,947 in / 190,682 out)
  [2021/4056] Papillose Peatmoss (16 photos)...
    7 selected | 💰 $1.7389 (779,752 in / 191,826 out)
  [2022/4056] crookedstem aster (16 photos)...
    6 selected | 💰 $1.7494 (784,440 in / 192,998 out)
  [2023/4056] leadplant (16 photos)...
    6 selected | 💰 $1.7606 (789,234 in / 194,271 out)
  [2024/4056] Goose Egg Moss (16 photos)...
    7 selected | 💰 $1.7711 (794,022 in / 195,423 out)
  [2025/4056] New England Bryhnia Moss (16 photos)...
    8 selected | 💰 $1.7815 (798,505 in / 196,601 out)
  [2026/4056] Bosc's Witchgrass (16 photos)...
    6 selected | 💰 $1.7923 (803,180 in / 197,815 out)
  [2029/4056] Thymeleaf Pinweed (16 photos)...
    7 selected | 💰 $1.8025 (807,907 in / 198,922 out)
  [2031/4056] Furbish's Lousewort (16 photos)...
    5 selected | 💰 $1.8137 (812,782 in / 200,176 out)
  [2032/4056] Tradescant's aster (16 photos)...
    6 selected | 💰 $1.8244 (817,074 in / 201,472 out)
  [2033/4056] Mishchenko squill (16 photos)...
    6 selected | 💰 $1.8357 (821,782 in / 202,787 out)
  [2034/4056] Jameson's Liverwort (16 photos)...
    7 selected | 💰 $1.8461 (826,459 in / 203,925 out)
  [2036/4056] Pinkladies (16 photos)...
    7 selected | 💰 $1.8572 (831,183 in / 205,206 out)
  [2038/4056] Red amaranth (11 photos)...
    5 selected | 💰 $1.8653 (834,532 in / 206,156 out)
  [2039/4056] Green Snowdrop (16 photos)...
    6 selected | 💰 $1.8761 (839,315 in / 207,362 out)
  [2040/4056] Long-leaved Thread Moss (16 photos)...
    8 selected | 💰 $1.8867 (843,848 in / 208,563 out)
  [2042/4056] Linear-leaf Willowherb (16 photos)...
    6 selected | 💰 $1.8974 (848,668 in / 209,743 out)
  [2043/4056] Berchtold's pondweed (16 photos)...
    6 selected | 💰 $1.9075 (853,380 in / 210,817 out)
  [2045/4056] upright prairie coneflower (16 photos)...
    6 selected | 💰 $1.9191 (858,100 in / 212,201 out)
  [2047/4056] Boreal starwort (16 photos)...
    6 selected | 💰 $1.9296 (862,877 in / 213,346 out)
  [2048/4056] Red Buckeye (16 photos)...
    6 selected | 💰 $1.9404 (867,547 in / 214,576 out)
  [2049/4056] pale beardtongue (16 photos)...
    7 selected | 💰 $1.9506 (872,075 in / 215,709 out)
  [2050/4056] southern blue flag (16 photos)...
    6 selected | 💰 $1.9610 (876,899 in / 216,812 out)
  [2051/4056] tall boneset (16 photos)...
    6 selected | 💰 $1.9719 (881,527 in / 218,072 out)
  [2052/4056] northern firmoss (16 photos)...
    6 selected | 💰 $1.9820 (886,023 in / 219,198 out)
  [2054/4056] sand blackberry (16 photos)...
    6 selected | 💰 $1.9928 (890,780 in / 220,399 out)
  [2055/4056] hairy lettuce (16 photos)...
    7 selected | 💰 $2.0036 (895,516 in / 221,620 out)
  [2057/4056] Winged Loosestrife (16 photos)...
    6 selected | 💰 $2.0138 (899,988 in / 222,755 out)
  [2058/4056] Beautiful Peatmoss (16 photos)...
    6 selected | 💰 $2.0241 (904,555 in / 223,914 out)
  [2059/4056] Turkey Oak (16 photos)...
    6 selected | 💰 $2.0347 (909,221 in / 225,100 out)
  [2060/4056] autumn fern (16 photos)...
    6 selected | 💰 $2.0458 (914,022 in / 226,348 out)
  [2062/4056] thicket sedge (16 photos)...
    6 selected | 💰 $2.0565 (918,728 in / 227,553 out)
  [2063/4056] fern flatsedge (16 photos)...
    6 selected | 💰 $2.0664 (922,943 in / 228,696 out)
  [2064/4056] Slim-leaf Witchgrass (16 photos)...
    6 selected | 💰 $2.0775 (927,835 in / 229,942 out)
  [2065/4056] Turps Pouchwort (16 photos)...
    7 selected | 💰 $2.0880 (932,620 in / 231,079 out)
  [2066/4056] Cypress-leaved Plait-moss (16 photos)...
    7 selected | 💰 $2.0976 (937,190 in / 232,081 out)
  [2069/4056] orange crested orchid (16 photos)...
    5 selected | 💰 $2.1081 (941,769 in / 233,266 out)
  [2070/4056] Oakes' Pondweed (16 photos)...
    6 selected | 💰 $2.1189 (946,284 in / 234,532 out)
  [2071/4056] Clammy Locust (16 photos)...
    6 selected | 💰 $2.1294 (951,080 in / 235,672 out)
  [2073/4056] Northern Woodland Violet (16 photos)...
    6 selected | 💰 $2.1408 (955,981 in / 236,963 out)
  [2076/4056] Intermediate Serviceberry (16 photos)...
    8 selected | 💰 $2.1509 (960,361 in / 238,114 out)
  [2077/4056] Desmidium aptogonum (16 photos)...
    6 selected | 💰 $2.1595 (964,501 in / 239,007 out)
  [2078/4056] dappled willow (15 photos)...
    6 selected | 💰 $2.1696 (969,063 in / 240,116 out)
  [2080/4056] metel devil's trumpet (16 photos)...
    6 selected | 💰 $2.1806 (973,804 in / 241,367 out)
  [2081/4056] American plum (16 photos)...
    6 selected | 💰 $2.1906 (978,504 in / 242,421 out)
  [2082/4056] field chickweed (16 photos)...
    6 selected | 💰 $2.2013 (983,241 in / 243,607 out)
  [2083/4056] Sticky mouse-ear chickweed (16 photos)...
    6 selected | 💰 $2.2118 (988,165 in / 244,731 out)
  [2085/4056] Cornelian cherry (16 photos)...
    8 selected | 💰 $2.2227 (992,936 in / 245,949 out)
  [2086/4056] Ring Pellia (16 photos)...
    8 selected | 💰 $2.2333 (997,572 in / 247,153 out)
  [2087/4056] Mueller's Pouchwort (16 photos)...
    6 selected | 💰 $2.2441 (1,002,375 in / 248,352 out)
  [2088/4056] castor bean (16 photos)...
    6 selected | 💰 $2.2549 (1,006,934 in / 249,597 out)
  [2089/4056] blue water-speedwell (16 photos)...
    6 selected | 💰 $2.2655 (1,011,553 in / 250,784 out)
  [2090/4056] Garden Morning Glory (16 photos)...
    7 selected | 💰 $2.2762 (1,016,167 in / 252,004 out)
  [2092/4056] early hair grass (16 photos)...
    6 selected | 💰 $2.2869 (1,020,653 in / 253,247 out)
  [2093/4056] widgeongrass (16 photos)...
    7 selected | 💰 $2.2979 (1,025,396 in / 254,508 out)
  [2094/4056] Blue Bugle (16 photos)...
    7 selected | 💰 $2.3082 (1,030,117 in / 255,616 out)
  [2095/4056] woolly Dutchman's pipe (16 photos)...
    6 selected | 💰 $2.3191 (1,034,917 in / 256,834 out)
  [2096/4056] Italian Ryegrass (16 photos)...
    6 selected | 💰 $2.3295 (1,039,191 in / 258,059 out)
  [2097/4056] mat sandbur (16 photos)...
    6 selected | 💰 $2.3405 (1,043,950 in / 259,313 out)
  [2098/4056] Bladder-senna (16 photos)...
    6 selected | 💰 $2.3511 (1,048,531 in / 260,507 out)
  [2099/4056] Field Dodder (16 photos)...
    7 selected | 💰 $2.3617 (1,053,309 in / 261,672 out)
  [2100/4056] Jointed rush (16 photos)...
    8 selected | 💰 $2.3710 (1,058,107 in / 262,571 out)
  [2101/4056] Water Lettuce (16 photos)...
    7 selected | 💰 $2.3813 (1,062,956 in / 263,662 out)
  [2102/4056] canada sand-spurry (16 photos)...
    7 selected | 💰 $2.3914 (1,067,643 in / 264,749 out)
  [2103/4056] Hairy Wood Mint (16 photos)...
    6 selected | 💰 $2.4020 (1,072,386 in / 265,926 out)
  [2104/4056] velvet sedge (16 photos)...
    7 selected | 💰 $2.4128 (1,077,322 in / 267,095 out)
  [2105/4056] Bog Haircap Moss (16 photos)...
    7 selected | 💰 $2.4224 (1,082,126 in / 268,046 out)
  [2106/4056] sourwood (16 photos)...
    6 selected | 💰 $2.4337 (1,086,791 in / 269,382 out)
  [2107/4056] river wild rye (16 photos)...
    6 selected | 💰 $2.4445 (1,091,369 in / 270,626 out)
  [2108/4056] Appalachian sedge (16 photos)...
    6 selected | 💰 $2.4554 (1,096,147 in / 271,842 out)
  [2109/4056] northeastern sedge (16 photos)...
    6 selected | 💰 $2.4664 (1,100,959 in / 273,080 out)
  [2110/4056] dry land sedge (16 photos)...
    6 selected | 💰 $2.4771 (1,105,537 in / 274,318 out)
  [2111/4056] waxy-fruited hawthorn (16 photos)...
    7 selected | 💰 $2.4879 (1,110,354 in / 275,504 out)
  [2112/4056] variable witchgrass (16 photos)...
    6 selected | 💰 $2.4989 (1,115,186 in / 276,745 out)
  [2113/4056] Black-fruited Spikerush (16 photos)...
    6 selected | 💰 $2.5096 (1,119,861 in / 277,955 out)
  [2114/4056] Flattened Entodon Moss (16 photos)...
    8 selected | 💰 $2.5189 (1,124,382 in / 278,913 out)
  [2115/4056] Oakes' Eyebright (16 photos)...
    6 selected | 💰 $2.5294 (1,129,309 in / 280,027 out)
  [2116/4056] Fontinalis hypnoides (16 photos)...
    6 selected | 💰 $2.5403 (1,134,146 in / 281,234 out)
  [2117/4056] New England Willowmoss (16 photos)...
    6 selected | 💰 $2.5510 (1,139,021 in / 282,386 out)
  [2118/4056] Wall hawkweed (16 photos)...
    6 selected | 💰 $2.5612 (1,143,938 in / 283,447 out)
  [2120/4056] Imbricate Bog-moss (16 photos)...
    8 selected | 💰 $2.5720 (1,148,488 in / 284,699 out)
  [2121/4056] Recurved Peatmoss (16 photos)...
    6 selected | 💰 $2.5822 (1,153,129 in / 285,823 out)
  [2122/4056] Alleghany Thamnobryum Moss (16 photos)...
    7 selected | 💰 $2.5929 (1,157,722 in / 287,027 out)
  [2124/4056] Micrasterias denticulata (16 photos)...
    6 selected | 💰 $2.6039 (1,162,670 in / 288,246 out)
  [2125/4056] Desmidium grevillei (16 photos)...
    6 selected | 💰 $2.6146 (1,167,402 in / 289,432 out)
  [2126/4056] Nursery bittercress (16 photos)...
    6 selected | 💰 $2.6252 (1,171,983 in / 290,637 out)
  [2128/4056] perennial glasswort (16 photos)...
    6 selected | 💰 $2.6361 (1,176,583 in / 291,910 out)
  [2129/4056] Yellow Anemone (16 photos)...
    6 selected | 💰 $2.6463 (1,181,452 in / 292,979 out)
  [2130/4056] dooryard violet (16 photos)...
    6 selected | 💰 $2.6569 (1,186,207 in / 294,138 out)
  [2131/4056] Calypogeia neogaea (16 photos)...
    6 selected | 💰 $2.6676 (1,190,994 in / 295,323 out)
  [2133/4056] Blue Jacob's Ladder (16 photos)...
    6 selected | 💰 $2.6781 (1,195,504 in / 296,512 out)
  [2134/4056] fireberry hawthorn (16 photos)...
    6 selected | 💰 $2.6882 (1,200,211 in / 297,602 out)
  [2135/4056] Common Sorrel (16 photos)...
    7 selected | 💰 $2.6986 (1,204,699 in / 298,785 out)
  [2136/4056] Hairy Threadwort (16 photos)...
    7 selected | 💰 $2.7092 (1,209,470 in / 299,936 out)
  [2137/4056] pitseed goosefoot (16 photos)...
    6 selected | 💰 $2.7196 (1,213,963 in / 301,131 out)
  [2138/4056] Parrot's feather (16 photos)...
    6 selected | 💰 $2.7306 (1,218,926 in / 302,335 out)
  [2139/4056] European Wild Apple (12 photos)...
    6 selected | 💰 $2.7389 (1,222,537 in / 303,277 out)
  [2140/4056] Plum (16 photos)...
    6 selected | 💰 $2.7495 (1,227,453 in / 304,418 out)
  [2141/4056] Silky Forklet-moss (16 photos)...
    6 selected | 💰 $2.7596 (1,232,365 in / 305,456 out)
  [2143/4056] Rough Bentgrass (16 photos)...
    6 selected | 💰 $2.7701 (1,237,107 in / 306,590 out)
  [2144/4056] Three-parted Beggarticks (16 photos)...
    7 selected | 💰 $2.7807 (1,241,757 in / 307,795 out)
  [2145/4056] large toothwort (16 photos)...
    6 selected | 💰 $2.7919 (1,246,586 in / 309,057 out)
  [2146/4056] loose-flowered sedge (16 photos)...
    5 selected | 💰 $2.8024 (1,251,276 in / 310,230 out)
  [2147/4056] rock buttercup (16 photos)...
    6 selected | 💰 $2.8128 (1,255,838 in / 311,394 out)
  [2148/4056] Purple Laver (16 photos)...
    6 selected | 💰 $2.8239 (1,260,475 in / 312,684 out)
  [2149/4056] Chinese peony (16 photos)...
    6 selected | 💰 $2.8350 (1,265,180 in / 313,967 out)
  [2150/4056] Bethlehem-sage (16 photos)...
    6 selected | 💰 $2.8467 (1,269,941 in / 315,356 out)
  [2152/4056] nodding thread-moss (16 photos)...
    6 selected | 💰 $2.8575 (1,274,684 in / 316,567 out)
  [2153/4056] Nerveless Woodland Sedge (16 photos)...
    6 selected | 💰 $2.8680 (1,279,591 in / 317,672 out)
  [2155/4056] Spreading Cotoneaster (16 photos)...
    6 selected | 💰 $2.8775 (1,284,622 in / 318,578 out)
  [2157/4056] Hyssop-leaved Fleabane (16 photos)...
    6 selected | 💰 $2.8879 (1,289,422 in / 319,695 out)
  [2158/4056] Kentucky coffeetree (16 photos)...
    6 selected | 💰 $2.8990 (1,294,109 in / 320,973 out)
  [2159/4056] Alpine Sweet-vetch (16 photos)...
    6 selected | 💰 $2.9088 (1,298,419 in / 322,071 out)
  [2160/4056] slender pinweed (16 photos)...
    6 selected | 💰 $2.9195 (1,303,198 in / 323,270 out)
  [2161/4056] Slender Water-milfoil (16 photos)...
    5 selected | 💰 $2.9302 (1,307,875 in / 324,458 out)
  [2162/4056] Pink Bog Button (16 photos)...
    7 selected | 💰 $2.9413 (1,312,380 in / 325,794 out)
  [2163/4056] Gaspé Peninsula Arrowgrass (16 photos)...
    6 selected | 💰 $2.9516 (1,316,806 in / 326,955 out)
  [2164/4056] biennial beeblossom (16 photos)...
    6 selected | 💰 $2.9621 (1,321,244 in / 328,180 out)
  [2165/4056] Micrasterias mahabuleshwarensis (16 photos)...
    6 selected | 💰 $2.9721 (1,326,358 in / 329,152 out)
  [2166/4056] Cosmarium ovale (16 photos)...
    6 selected | 💰 $2.9818 (1,331,138 in / 330,126 out)
  [2168/4056] Anomodon tristis (16 photos)...
    6 selected | 💰 $2.9908 (1,335,812 in / 331,002 out)
  [2169/4056] Dwarf Knotweed (16 photos)...
    6 selected | 💰 $3.0019 (1,340,631 in / 332,244 out)
  [2170/4056] coconut palm (16 photos)...
    6 selected | 💰 $3.0131 (1,345,512 in / 333,519 out)
  [2171/4056] Japanese pagoda tree (16 photos)...
    7 selected | 💰 $3.0234 (1,350,358 in / 334,601 out)
  [2172/4056] tuberous pea (16 photos)...
    7 selected | 💰 $3.0339 (1,355,010 in / 335,786 out)
  [2173/4056] leafy pondweed (16 photos)...
    6 selected | 💰 $3.0450 (1,359,990 in / 336,994 out)
  [2174/4056] hardstem bulrush (16 photos)...
    6 selected | 💰 $3.0559 (1,364,825 in / 338,208 out)
  [2175/4056] Leopard's-bane (16 photos)...
    7 selected | 💰 $3.0669 (1,369,655 in / 339,453 out)
  [2176/4056] grass-leaved water-plantain (16 photos)...
    6 selected | 💰 $3.0777 (1,374,439 in / 340,643 out)
  [2177/4056] seacoast bulrush (16 photos)...
    6 selected | 💰 $3.0886 (1,379,185 in / 341,877 out)
  [2178/4056] Broad-winged Thistle (16 photos)...
    6 selected | 💰 $3.0993 (1,383,726 in / 343,105 out)
  [2179/4056] Hairy Rocket (16 photos)...
    6 selected | 💰 $3.1100 (1,388,629 in / 344,275 out)
  [2181/4056] sixweeks grass (16 photos)...
    7 selected | 💰 $3.1205 (1,393,280 in / 345,453 out)
  [2182/4056] Alpine Timothy (16 photos)...
    6 selected | 💰 $3.1315 (1,398,018 in / 346,703 out)
  [2183/4056] Lesser Bladderwort (16 photos)...
    6 selected | 💰 $3.1421 (1,402,832 in / 347,846 out)
  [2184/4056] Broad-leaf Waterleaf (16 photos)...
    6 selected | 💰 $3.1524 (1,407,432 in / 348,998 out)
  [2185/4056] giant sunflower (16 photos)...
    6 selected | 💰 $3.1634 (1,412,239 in / 350,235 out)
  [2186/4056] Hairy Nightshade (16 photos)...
    7 selected | 💰 $3.1738 (1,416,911 in / 351,383 out)
  [2187/4056] Perfoliate Tinker's-weed (16 photos)...
    6 selected | 💰 $3.1842 (1,421,280 in / 352,589 out)
  [2188/4056] Wayfaring-tree (16 photos)...
    6 selected | 💰 $3.1947 (1,426,074 in / 353,726 out)
  [2189/4056] Snow Crocus (14 photos)...
    6 selected | 💰 $3.2043 (1,430,168 in / 354,832 out)
  [2190/4056] Sticky Goldenrod (16 photos)...
    6 selected | 💰 $3.2150 (1,434,851 in / 356,030 out)
  [2191/4056] spring vetch (16 photos)...
    6 selected | 💰 $3.2256 (1,439,429 in / 357,227 out)
  [2192/4056] Beaked Hawkweed (16 photos)...
    6 selected | 💰 $3.2359 (1,444,259 in / 358,338 out)
  [2193/4056] elm-leaved goldenrod (16 photos)...
    6 selected | 💰 $3.2465 (1,449,016 in / 359,487 out)
  [2194/4056] great masterwort (16 photos)...
    8 selected | 💰 $3.2575 (1,453,646 in / 360,769 out)
  [2195/4056] hoary tick-trefoil (16 photos)...
    6 selected | 💰 $3.2685 (1,458,570 in / 361,996 out)
  [2196/4056] Fountain Apple-moss (16 photos)...
    7 selected | 💰 $3.2798 (1,463,333 in / 363,294 out)
  [2197/4056] large canadian st. john's-wort (16 photos)...
    6 selected | 💰 $3.2905 (1,468,098 in / 364,475 out)
  [2198/4056] Yellow Starry Fen Moss (16 photos)...
    7 selected | 💰 $3.3012 (1,472,866 in / 365,660 out)
  [2199/4056] Shortbeak Sedge (16 photos)...
    7 selected | 💰 $3.3113 (1,477,194 in / 366,823 out)
  [2200/4056] Chinese quince (16 photos)...
    6 selected | 💰 $3.3220 (1,481,861 in / 368,020 out)
  [2201/4056] Large-flowered Cockspurthorn (16 photos)...
    6 selected | 💰 $3.3329 (1,486,734 in / 369,235 out)
  [2202/4056] Cushion Spurge (16 photos)...
    6 selected | 💰 $3.3438 (1,491,514 in / 370,464 out)
  [2203/4056] swamp fly honeysuckle (16 photos)...
    6 selected | 💰 $3.3542 (1,496,206 in / 371,600 out)
  [2204/4056] bigleaf magnolia (16 photos)...
    6 selected | 💰 $3.3651 (1,500,894 in / 372,851 out)
  [2205/4056] bog-moss flapwort (16 photos)...
    6 selected | 💰 $3.3759 (1,505,593 in / 374,070 out)
  [2206/4056] Milk Parsley (16 photos)...
    6 selected | 💰 $3.3872 (1,510,408 in / 375,356 out)
  [2207/4056] Yellow groove bamboo (16 photos)...
    8 selected | 💰 $3.3977 (1,514,739 in / 376,588 out)
  [2208/4056] Slender Knotweed (16 photos)...
    7 selected | 💰 $3.4076 (1,519,394 in / 377,644 out)
  [2209/4056] Swamp Cottonwood (16 photos)...
    6 selected | 💰 $3.4181 (1,524,138 in / 378,797 out)
  [2210/4056] Torrey's bulrush (16 photos)...
    6 selected | 💰 $3.4288 (1,528,704 in / 380,024 out)
  [2211/4056] Annual Sea-purslane (16 photos)...
    6 selected | 💰 $3.4393 (1,533,482 in / 381,159 out)
  [2212/4056] Large yellow vetch (16 photos)...
    6 selected | 💰 $3.4500 (1,538,187 in / 382,357 out)
  [2213/4056] Red Hornweed (15 photos)...
    6 selected | 💰 $3.4591 (1,542,311 in / 383,358 out)
  [2214/4056] Pediastrum angulosum (16 photos)...
    6 selected | 💰 $3.4697 (1,547,529 in / 384,435 out)
  [2215/4056] Marbled Screw-moss (16 photos)...
    6 selected | 💰 $3.4802 (1,552,187 in / 385,595 out)
  [2216/4056] Micrasterias laticeps (16 photos)...
    8 selected | 💰 $3.4902 (1,557,351 in / 386,572 out)
  [2217/4056] Pleurotaenium ehrenbergii (16 photos)...
    7 selected | 💰 $3.5005 (1,561,925 in / 387,718 out)
  [2218/4056] Cosmarium contractum (14 photos)...
    7 selected | 💰 $3.5106 (1,566,601 in / 388,790 out)
  [2219/4056] Micrasterias muricata (16 photos)...
    6 selected | 💰 $3.5206 (1,571,459 in / 389,831 out)
  [2220/4056] common water hyacinth (16 photos)...
    7 selected | 💰 $3.5318 (1,576,112 in / 391,128 out)
  [2221/4056] Small-fruited Witchgrass (16 photos)...
    7 selected | 💰 $3.5430 (1,580,931 in / 392,409 out)
  [2222/4056] Winged Pigweed (16 photos)...
    7 selected | 💰 $3.5535 (1,585,643 in / 393,565 out)
  [2223/4056] bird's-eye gilia (16 photos)...
    6 selected | 💰 $3.5646 (1,590,326 in / 394,849 out)
  [2224/4056] Silver Hairgrass (16 photos)...
    6 selected | 💰 $3.5751 (1,595,193 in / 395,980 out)
  [2225/4056] Stinking hellebore (16 photos)...
    6 selected | 💰 $3.5852 (1,599,845 in / 397,074 out)
  [2226/4056] Ivy-leaved Speedwell (16 photos)...
    6 selected | 💰 $3.5963 (1,604,572 in / 398,355 out)
  [2227/4056] Toad rush (16 photos)...
    6 selected | 💰 $3.6070 (1,609,298 in / 399,542 out)
  [2228/4056] Italian arum (16 photos)...
    6 selected | 💰 $3.6176 (1,614,000 in / 400,727 out)
  [2229/4056] Dense-flowered Mullein (16 photos)...
    6 selected | 💰 $3.6289 (1,618,944 in / 401,995 out)
  [2230/4056] Smooth Pigweed (16 photos)...
    7 selected | 💰 $3.6393 (1,623,671 in / 403,127 out)
  [2231/4056] drummond's rockcress (16 photos)...
    6 selected | 💰 $3.6501 (1,628,592 in / 404,295 out)
  [2232/4056] Fringed Brome (16 photos)...
    6 selected | 💰 $3.6605 (1,633,424 in / 405,420 out)
  [2233/4056] Narrow-fruited Water-starwort (16 photos)...
    6 selected | 💰 $3.6706 (1,638,083 in / 406,510 out)
  [2234/4056] lesser tussock sedge (16 photos)...
    7 selected | 💰 $3.6811 (1,642,860 in / 407,646 out)
  [2235/4056] livid sedge (16 photos)...
    6 selected | 💰 $3.6913 (1,647,473 in / 408,758 out)
  [2236/4056] Yellow Spikerush (16 photos)...
    6 selected | 💰 $3.7021 (1,652,018 in / 410,014 out)
  [2237/4056] Torrey's rush (16 photos)...
    6 selected | 💰 $3.7126 (1,656,799 in / 411,153 out)
  [2238/4056] Virginia Three-seed Mercury (16 photos)...
    7 selected | 💰 $3.7237 (1,661,686 in / 412,409 out)
  [2239/4056] Lanceleaf Loosestrife (16 photos)...
    6 selected | 💰 $3.7344 (1,666,432 in / 413,603 out)
  [2240/4056] Waterwheel Plant (16 photos)...
    6 selected | 💰 $3.7450 (1,670,958 in / 414,815 out)
  [2241/4056] Square Gooseneck Moss (16 photos)...
    7 selected | 💰 $3.7541 (1,675,744 in / 415,662 out)
  [2242/4056] star chickweed (16 photos)...
    6 selected | 💰 $3.7648 (1,680,535 in / 416,848 out)
  [2243/4056] Oregon grape (16 photos)...
    6 selected | 💰 $3.7764 (1,685,437 in / 418,202 out)
  [2244/4056] Frog Orchid (16 photos)...
    6 selected | 💰 $3.7874 (1,690,128 in / 419,459 out)
  [2245/4056] Chinese privet (16 photos)...
    6 selected | 💰 $3.7987 (1,694,829 in / 420,776 out)
  [2246/4056] slender woodland sedge (16 photos)...
    6 selected | 💰 $3.8099 (1,699,569 in / 422,074 out)
  [2247/4056] Perennial Bentgrass (16 photos)...
    6 selected | 💰 $3.8209 (1,704,241 in / 423,336 out)
  [2248/4056] Secund Rush (16 photos)...
    6 selected | 💰 $3.8308 (1,708,786 in / 424,398 out)
  [2249/4056] Schreber's Wood Aster (16 photos)...
    6 selected | 💰 $3.8408 (1,713,672 in / 425,427 out)
  [2250/4056] Yellow Saxifrage (16 photos)...
    6 selected | 💰 $3.8513 (1,718,144 in / 426,635 out)
  [2251/4056] Hairy-fruit Sedge (16 photos)...
    7 selected | 💰 $3.8621 (1,722,871 in / 427,851 out)
  [2252/4056] Crispate Smoothcap (16 photos)...
    7 selected | 💰 $3.8722 (1,727,676 in / 428,907 out)
  [2253/4056] fuzzy wuzzy sedge (16 photos)...
    6 selected | 💰 $3.8832 (1,732,599 in / 430,111 out)
  [2254/4056] Spiked Sedge (16 photos)...
    6 selected | 💰 $3.8940 (1,737,395 in / 431,330 out)
  [2255/4056] Biddlecome's Pouncewort (16 photos)...
    6 selected | 💰 $3.9042 (1,742,188 in / 432,410 out)
  [2256/4056] ozark witch-hazel (16 photos)...
    6 selected | 💰 $3.9154 (1,747,183 in / 433,653 out)
  [2257/4056] creeping St. John's-wort (16 photos)...
    8 selected | 💰 $3.9264 (1,752,023 in / 434,879 out)
  [2258/4056] Bitter Panicgrass (16 photos)...
    6 selected | 💰 $3.9371 (1,756,711 in / 436,074 out)
  [2259/4056] springs clearweed (16 photos)...
    6 selected | 💰 $3.9477 (1,761,613 in / 437,218 out)
  [2260/4056] Bluntleaf Pondweed (16 photos)...
    5 selected | 💰 $3.9584 (1,766,345 in / 438,406 out)
  [2261/4056] Sessile Grimmia (16 photos)...
    8 selected | 💰 $3.9677 (1,771,112 in / 439,310 out)
  [2262/4056] New England Violet (16 photos)...
    6 selected | 💰 $3.9788 (1,775,979 in / 440,564 out)
  [2263/4056] Landlady's Wig (13 photos)...
    6 selected | 💰 $3.9878 (1,779,925 in / 441,571 out)
  [2264/4056] swamp moonwort (16 photos)...
    6 selected | 💰 $3.9981 (1,784,585 in / 442,702 out)
  [2265/4056] Common Gromwell (16 photos)...
    6 selected | 💰 $4.0070 (1,789,363 in / 443,520 out)
  [2266/4056] Pandorina morum (16 photos)...
    6 selected | 💰 $4.0158 (1,793,857 in / 444,395 out)
  [2267/4056] Staurastrum ophiura (15 photos)...
    6 selected | 💰 $4.0260 (1,798,663 in / 445,474 out)
  [2268/4056] Euastrum humerosum (16 photos)...
    6 selected | 💰 $4.0367 (1,803,717 in / 446,600 out)
  [2269/4056] Indian Elecampane (16 photos)...
    7 selected | 💰 $4.0470 (1,808,167 in / 447,772 out)
  [2270/4056] Smith's Bulrush (16 photos)...
    6 selected | 💰 $4.0578 (1,812,786 in / 449,006 out)
  [2271/4056] Staurastrum tetracerum (16 photos)...
    8 selected | 💰 $4.0678 (1,817,952 in / 449,978 out)
  [2272/4056] Closterium closterioides (16 photos)...
    6 selected | 💰 $4.0768 (1,822,378 in / 450,886 out)
  [2273/4056] charlock (16 photos)...
    7 selected | 💰 $4.0873 (1,827,295 in / 452,000 out)
  [2274/4056] mountain andromeda (16 photos)...
    6 selected | 💰 $4.0978 (1,832,014 in / 453,155 out)
  [2275/4056] Menzies' baby blue eyes (16 photos)...
    6 selected | 💰 $4.1091 (1,837,011 in / 454,421 out)
  [2276/4056] common flax (15 photos)...
    6 selected | 💰 $4.1195 (1,841,576 in / 455,591 out)
  [2278/4056] Common Laburnum (13 photos)...
    6 selected | 💰 $4.1282 (1,845,443 in / 456,546 out)
  [2279/4056] Stinking chamomile (15 photos)...
    6 selected | 💰 $4.1378 (1,849,746 in / 457,614 out)
  [2280/4056] galax (16 photos)...
    6 selected | 💰 $4.1485 (1,854,432 in / 458,814 out)
  [2281/4056] common hazel (16 photos)...
    7 selected | 💰 $4.1593 (1,859,063 in / 460,040 out)
  [2282/4056] Wild Pansy (16 photos)...
    6 selected | 💰 $4.1703 (1,863,600 in / 461,331 out)
  [2283/4056] bluebell (12 photos)...
    6 selected | 💰 $4.1785 (1,867,120 in / 462,280 out)
  [2285/4056] Horned Seablite (16 photos)...
    8 selected | 💰 $4.1897 (1,871,973 in / 463,548 out)
  [2286/4056] absinthe wormwood (16 photos)...
    6 selected | 💰 $4.2004 (1,876,854 in / 464,709 out)
  [2287/4056] Armenian Blackberry (16 photos)...
    6 selected | 💰 $4.2108 (1,881,502 in / 465,852 out)
  [2288/4056] Rock Soapwort (9 photos)...
    6 selected | 💰 $4.2173 (1,884,350 in / 466,593 out)
  [2289/4056] ragwort (16 photos)...
    6 selected | 💰 $4.2279 (1,889,085 in / 467,768 out)
  [2290/4056] Lesser Spearwort (16 photos)...
    7 selected | 💰 $4.2381 (1,893,811 in / 468,863 out)
  [2292/4056] Cutleaf Anemone (16 photos)...
    6 selected | 💰 $4.2494 (1,898,809 in / 470,113 out)
  [2293/4056] little grapefern (16 photos)...
    6 selected | 💰 $4.2609 (1,903,483 in / 471,485 out)
  [2294/4056] pot marigold (16 photos)...
    7 selected | 💰 $4.2712 (1,908,219 in / 472,602 out)
  [2295/4056] drooping woodreed (16 photos)...
    5 selected | 💰 $4.2816 (1,912,760 in / 473,758 out)
  [2296/4056] common spikerush (16 photos)...
    6 selected | 💰 $4.2924 (1,917,574 in / 474,958 out)
  [2297/4056] Small Spikerush (16 photos)...
    7 selected | 💰 $4.3027 (1,922,047 in / 476,130 out)
  [2298/4056] Rose-of-sharon (14 photos)...
    5 selected | 💰 $4.3126 (1,926,199 in / 477,282 out)
  [2299/4056] Ivy-leaved Duckweed (16 photos)...
    6 selected | 💰 $4.3234 (1,931,144 in / 478,444 out)
  [2300/4056] Apple Mint (16 photos)...
    5 selected | 💰 $4.3341 (1,935,902 in / 479,635 out)
  [2301/4056] rye (16 photos)...
    6 selected | 💰 $4.3441 (1,940,512 in / 480,724 out)
  [2302/4056] Canadian buffalo-berry (16 photos)...
    6 selected | 💰 $4.3551 (1,945,269 in / 481,957 out)
  [2303/4056] Horned Pondweed (16 photos)...
    6 selected | 💰 $4.3660 (1,950,107 in / 483,174 out)
  [2304/4056] Sweet Chestnut (16 photos)...
    6 selected | 💰 $4.3771 (1,954,776 in / 484,473 out)
  [2305/4056] Water Earwort (16 photos)...
    7 selected | 💰 $4.3876 (1,959,594 in / 485,599 out)
  [2307/4056] Tall Ironweed (12 photos)...
    6 selected | 💰 $4.3957 (1,963,260 in / 486,492 out)
  [2308/4056] Eastern Narrowleaf Sedge (16 photos)...
    6 selected | 💰 $4.4060 (1,967,769 in / 487,641 out)
  [2309/4056] Autumn Crocus (16 photos)...
    6 selected | 💰 $4.4166 (1,972,244 in / 488,874 out)
  [2310/4056] Garden balsam (16 photos)...
    6 selected | 💰 $4.4274 (1,976,914 in / 490,101 out)
  [2311/4056] Smokebush (16 photos)...
    6 selected | 💰 $4.4384 (1,981,620 in / 491,364 out)
  [2312/4056] Sand Bittercress (16 photos)...
    6 selected | 💰 $4.4483 (1,986,165 in / 492,432 out)
  [2313/4056] Delicate Starwort (16 photos)...
    6 selected | 💰 $4.4588 (1,990,820 in / 493,592 out)
  [2314/4056] Parlin's Pussytoes (16 photos)...
    6 selected | 💰 $4.4696 (1,995,508 in / 494,822 out)
  [2315/4056] crested sedge (16 photos)...
    6 selected | 💰 $4.4800 (2,000,049 in / 495,983 out)
  [2316/4056] handsome sedge (16 photos)...
    6 selected | 💰 $4.4900 (2,004,752 in / 497,040 out)
  [2317/4056] marsh straw sedge (16 photos)...
    7 selected | 💰 $4.5000 (2,009,475 in / 498,099 out)
  [2319/4056] Fanleaf Hawthorn (16 photos)...
    6 selected | 💰 $4.5106 (2,014,293 in / 499,266 out)
  [2320/4056] Wiegand's wild rye (16 photos)...
    6 selected | 💰 $4.5211 (2,019,057 in / 500,404 out)
  [2321/4056] Northern Comandra (16 photos)...
    6 selected | 💰 $4.5319 (2,023,834 in / 501,606 out)
  [2322/4056] Mountain Winterberry (16 photos)...
    6 selected | 💰 $4.5427 (2,028,643 in / 502,803 out)
  [2323/4056] greater bird's-foot-trefoil (16 photos)...
    6 selected | 💰 $4.5531 (2,033,387 in / 503,948 out)
  [2324/4056] Appalachian adder's-mouth (16 photos)...
    6 selected | 💰 $4.5635 (2,038,642 in / 504,977 out)
  [2325/4056] Alternate Water-milfoil (16 photos)...
    6 selected | 💰 $4.5740 (2,043,661 in / 506,066 out)
  [2326/4056] Tufted Fen-moss (16 photos)...
    6 selected | 💰 $4.5841 (2,048,357 in / 507,145 out)
  [2327/4056] Threadfoot (16 photos)...
    5 selected | 💰 $4.5945 (2,052,921 in / 508,318 out)
  [2329/4056] roundleaf thoroughwort (16 photos)...
    7 selected | 💰 $4.6043 (2,057,731 in / 509,317 out)
  [2330/4056] northern sweetgrass (16 photos)...
    6 selected | 💰 $4.6145 (2,062,347 in / 510,429 out)
  [2331/4056] purple rattlesnake root (16 photos)...
    7 selected | 💰 $4.6255 (2,067,320 in / 511,626 out)
  [2332/4056] Puritan Smartweed (16 photos)...
    7 selected | 💰 $4.6356 (2,071,977 in / 512,716 out)
  [2333/4056] Euastrum oblongum (16 photos)...
    6 selected | 💰 $4.6462 (2,076,635 in / 513,908 out)
  [2334/4056] Trailing bellflower (16 photos)...
    7 selected | 💰 $4.6569 (2,081,377 in / 515,096 out)
  [2335/4056] Tun tree (16 photos)...
    6 selected | 💰 $4.6680 (2,086,153 in / 516,362 out)
  [2336/4056] Closterium kuetzingii (16 photos)...
    8 selected | 💰 $4.6778 (2,090,290 in / 517,498 out)
  [2337/4056] Eudorina elegans (16 photos)...
    7 selected | 💰 $4.6883 (2,095,156 in / 518,628 out)
  [2339/4056] Sorastrum americanum (14 photos)...
    6 selected | 💰 $4.6979 (2,099,528 in / 519,666 out)
  [2340/4056] Capillary Thread-moss (16 photos)...
    8 selected | 💰 $4.7085 (2,104,148 in / 520,875 out)
  [2341/4056] warty panic grass (16 photos)...
    6 selected | 💰 $4.7189 (2,108,621 in / 522,047 out)
  [2343/4056] Staurastrum sublaevispinum (16 photos)...
    7 selected | 💰 $4.7297 (2,113,825 in / 523,180 out)
  [2344/4056] roughleaf dogwood (16 photos)...
    7 selected | 💰 $4.7403 (2,118,583 in / 524,351 out)
  [2345/4056] Square-leaved Crestwort (16 photos)...
    7 selected | 💰 $4.7506 (2,123,370 in / 525,449 out)
  [2346/4056] Aquatic pygmyweed (16 photos)...
    6 selected | 💰 $4.7607 (2,128,060 in / 526,521 out)
  [2347/4056] American alpine speedwell (15 photos)...
    6 selected | 💰 $4.7708 (2,132,535 in / 527,644 out)
  [2348/4056] Japanese Quince (16 photos)...
    6 selected | 💰 $4.7812 (2,136,860 in / 528,858 out)
  [2349/4056] Dropwort (16 photos)...
    7 selected | 💰 $4.7921 (2,141,779 in / 530,073 out)
  [2350/4056] kudzu (16 photos)...
    8 selected | 💰 $4.8030 (2,146,227 in / 531,358 out)
  [2351/4056] Fragrant flatsedge (16 photos)...
    6 selected | 💰 $4.8139 (2,151,097 in / 532,567 out)
  [2352/4056] corn cockle (16 photos)...
    6 selected | 💰 $4.8249 (2,155,980 in / 533,787 out)
  [2353/4056] Dill (15 photos)...
    6 selected | 💰 $4.8343 (2,160,345 in / 534,799 out)
  [2354/4056] upswept moonwort (16 photos)...
    6 selected | 💰 $4.8448 (2,164,735 in / 536,005 out)
  [2355/4056] Pond water-starwort (16 photos)...
    7 selected | 💰 $4.8553 (2,169,247 in / 537,210 out)
  [2356/4056] large bindweed (16 photos)...
    7 selected | 💰 $4.8668 (2,174,152 in / 538,537 out)
  [2357/4056] African love grass (16 photos)...
    6 selected | 💰 $4.8771 (2,178,713 in / 539,680 out)
  [2358/4056] Kashmir Balsam (13 photos)...
    6 selected | 💰 $4.8861 (2,182,617 in / 540,701 out)
  [2359/4056] dagger rush (16 photos)...
    6 selected | 💰 $4.8966 (2,187,306 in / 541,851 out)
  [2360/4056] German Chamomile (16 photos)...
    6 selected | 💰 $4.9068 (2,192,006 in / 542,967 out)
  [2361/4056] southern waternymph (16 photos)...
    6 selected | 💰 $4.9177 (2,196,730 in / 544,202 out)
  [2362/4056] garden parsley (13 photos)...
    5 selected | 💰 $4.9265 (2,200,594 in / 545,184 out)
  [2363/4056] small pondweed (16 photos)...
    6 selected | 💰 $4.9365 (2,205,248 in / 546,246 out)
  [2364/4056] flowering spurge (16 photos)...
    7 selected | 💰 $4.9475 (2,210,168 in / 547,465 out)
  [2366/4056] Bud-headed Groove-moss (16 photos)...
    6 selected | 💰 $4.9571 (2,215,011 in / 548,416 out)
  [2367/4056] eastern bluestar (10 photos)...
    5 selected | 💰 $4.9644 (2,218,272 in / 549,230 out)
  [2368/4056] Maximilian sunflower (16 photos)...
    6 selected | 💰 $4.9749 (2,222,994 in / 550,386 out)
  [2369/4056] Heart-leaved Spear-moss (16 photos)...
    6 selected | 💰 $4.9840 (2,227,602 in / 551,288 out)
  [2370/4056] Hyacinth bean (16 photos)...
    7 selected | 💰 $4.9943 (2,232,308 in / 552,404 out)
  [2371/4056] Beach Cocklebur (15 photos)...
    6 selected | 💰 $5.0047 (2,237,048 in / 553,535 out)
  [2372/4056] Blandow's Bog Moss (16 photos)...
    6 selected | 💰 $5.0152 (2,241,599 in / 554,728 out)
  [2373/4056] Fir Tamarisk-moss (16 photos)...
    8 selected | 💰 $5.0255 (2,246,133 in / 555,883 out)
  [2374/4056] downy pagoda plant (13 photos)...
    6 selected | 💰 $5.0348 (2,249,926 in / 556,981 out)
  [2375/4056] Muhlenberg's Sedge (16 photos)...
    6 selected | 💰 $5.0459 (2,254,761 in / 558,218 out)
  [2376/4056] Marsh Thistle (16 photos)...
    6 selected | 💰 $5.0564 (2,259,805 in / 559,317 out)
  [2377/4056] Wright's Rosette Grass (16 photos)...
    6 selected | 💰 $5.0663 (2,264,299 in / 560,392 out)
  [2378/4056] slender panic grass (16 photos)...
    6 selected | 💰 $5.0773 (2,268,772 in / 561,697 out)
  [2379/4056] Matted Spikerush (16 photos)...
    6 selected | 💰 $5.0880 (2,273,588 in / 562,873 out)
  [2380/4056] violet bush clover (16 photos)...
    6 selected | 💰 $5.0984 (2,278,239 in / 564,032 out)
  [2381/4056] Notched Rustwort (16 photos)...
    6 selected | 💰 $5.1089 (2,283,043 in / 565,179 out)
  [2382/4056] Anomalous Flapwort (16 photos)...
    6 selected | 💰 $5.1194 (2,287,664 in / 566,352 out)
  [2385/4056] Old Field Blackberry (16 photos)...
    7 selected | 💰 $5.1303 (2,292,475 in / 567,556 out)
  [2387/4056] Cream Scabious (16 photos)...
    6 selected | 💰 $5.1403 (2,296,970 in / 568,671 out)
  [2388/4056] Long's Bulrush (16 photos)...
    8 selected | 💰 $5.1513 (2,301,605 in / 569,929 out)
  [2389/4056] Marsh Valerian (16 photos)...
    6 selected | 💰 $5.1615 (2,306,386 in / 571,018 out)
  [2391/4056] Virginia Flax (16 photos)...
    6 selected | 💰 $5.1722 (2,311,199 in / 572,199 out)
  [2392/4056] Tickseed Sunflower (16 photos)...
    7 selected | 💰 $5.1829 (2,315,957 in / 573,396 out)
  [2393/4056] Biltmore Hawthorn (16 photos)...
    6 selected | 💰 $5.1935 (2,320,668 in / 574,559 out)
  [2394/4056] Korean Euodia (16 photos)...
    6 selected | 💰 $5.2036 (2,324,977 in / 575,728 out)
  [2395/4056] Pale Corydalis (15 photos)...
    6 selected | 💰 $5.2138 (2,329,452 in / 576,866 out)
  [2396/4056] Hamilton's spindle (12 photos)...
    6 selected | 💰 $5.2218 (2,333,140 in / 577,736 out)
  [2397/4056] Large-leaved Spindle (16 photos)...
    8 selected | 💰 $5.2325 (2,337,814 in / 578,943 out)
  [2398/4056] squirrel-tail moss (16 photos)...
    7 selected | 💰 $5.2428 (2,342,453 in / 580,068 out)
  [2399/4056] Coelastrum pulchrum (16 photos)...
    6 selected | 💰 $5.2525 (2,347,599 in / 580,977 out)
  [2401/4056] Staurodesmus convergens (12 photos)...
    6 selected | 💰 $5.2611 (2,351,437 in / 581,923 out)
  [2402/4056] Microthamnion kuetzingianum (16 photos)...
    6 selected | 💰 $5.2714 (2,355,809 in / 583,116 out)
  [2403/4056] Mountain Ricegrass (16 photos)...
    6 selected | 💰 $5.2818 (2,360,641 in / 584,225 out)
  [2404/4056] blue columbine (16 photos)...
    8 selected | 💰 $5.2933 (2,365,453 in / 585,569 out)
  [2405/4056] bushy St. John's Wort (15 photos)...
    6 selected | 💰 $5.3024 (2,369,970 in / 586,487 out)
  [2406/4056] Hybrid Stonecrop (11 photos)...
    6 selected | 💰 $5.3101 (2,373,410 in / 587,332 out)
  [2407/4056] Korean mulberry (11 photos)...
    6 selected | 💰 $5.3178 (2,376,827 in / 588,203 out)
  [2408/4056] Micrasterias compereana (16 photos)...
    6 selected | 💰 $5.3275 (2,381,379 in / 589,223 out)
  [2409/4056] Interrupted Fern (12 photos)...
    6 selected | 💰 $5.3356 (2,385,072 in / 590,104 out)
  [2410/4056] Rand's goldenrod (16 photos)...
    6 selected | 💰 $5.3460 (2,389,736 in / 591,258 out)
  [2411/4056] Common Fumitory (16 photos)...
    7 selected | 💰 $5.3568 (2,394,243 in / 592,507 out)
  [2412/4056] Blackthorn (16 photos)...
    6 selected | 💰 $5.3668 (2,398,764 in / 593,607 out)
  [2413/4056] Pear-leaf Crabapple (16 photos)...
    6 selected | 💰 $5.3773 (2,403,420 in / 594,775 out)
  [2414/4056] Common Orache (16 photos)...
    6 selected | 💰 $5.3883 (2,408,324 in / 595,986 out)
  [2415/4056] Siberian water-milfoil (16 photos)...
    6 selected | 💰 $5.3993 (2,413,019 in / 597,259 out)
  [2416/4056] early forget-me-not (16 photos)...
    6 selected | 💰 $5.4098 (2,417,456 in / 598,478 out)
  [2417/4056] bison grass (16 photos)...
    7 selected | 💰 $5.4206 (2,422,232 in / 599,672 out)
  [2418/4056] Slender Rockcress (16 photos)...
    7 selected | 💰 $5.4313 (2,427,282 in / 600,810 out)
  [2419/4056] Oldfield Three-awn (16 photos)...
    6 selected | 💰 $5.4411 (2,431,970 in / 601,827 out)
  [2420/4056] golden corydalis (16 photos)...
    6 selected | 💰 $5.4524 (2,436,838 in / 603,117 out)
  [2421/4056] Ovate Spikerush (16 photos)...
    6 selected | 💰 $5.4633 (2,441,438 in / 604,364 out)
  [2422/4056] marsh horsetail (16 photos)...
    6 selected | 💰 $5.4736 (2,446,053 in / 605,508 out)
  [2423/4056] slender water-nymph (16 photos)...
    6 selected | 💰 $5.4840 (2,450,580 in / 606,684 out)
  [2424/4056] kiss-me-over-the-garden-gate (8 photos)...
    6 selected | 💰 $5.4900 (2,453,203 in / 607,361 out)
  [2425/4056] Dwarf Glasswort (16 photos)...
    6 selected | 💰 $5.5005 (2,458,005 in / 608,502 out)
  [2426/4056] Bifid Crestwort (16 photos)...
    7 selected | 💰 $5.5105 (2,462,773 in / 609,552 out)
  [2427/4056] Chinese yam (16 photos)...
    5 selected | 💰 $5.5212 (2,467,659 in / 610,704 out)
  [2428/4056] heart-leaf golden Alexanders (16 photos)...
    6 selected | 💰 $5.5319 (2,472,329 in / 611,911 out)
  [2429/4056] pale purple coneflower (13 photos)...
    7 selected | 💰 $5.5408 (2,476,174 in / 612,930 out)
  [2430/4056] Grove Meadow Grass (16 photos)...
    8 selected | 💰 $5.5512 (2,481,040 in / 614,041 out)
  [2432/4056] dogfennel (15 photos)...
    6 selected | 💰 $5.5613 (2,485,330 in / 615,187 out)
  [2433/4056] Spiked Speedwell (14 photos)...
    6 selected | 💰 $5.5707 (2,489,339 in / 616,272 out)
  [2434/4056] Delicate Peatmoss (16 photos)...
    6 selected | 💰 $5.5815 (2,494,052 in / 617,484 out)
  [2435/4056] Orange Peatmoss (16 photos)...
    5 selected | 💰 $5.5917 (2,498,834 in / 618,573 out)
  [2436/4056] Carey's Smartweed (16 photos)...
    6 selected | 💰 $5.6022 (2,503,632 in / 619,709 out)
  [2438/4056] Arctic Bentgrass (16 photos)...
    6 selected | 💰 $5.6130 (2,508,465 in / 620,909 out)
  [2439/4056] Maritime Saltbush (16 photos)...
    6 selected | 💰 $5.6230 (2,513,155 in / 621,975 out)
  [2440/4056] scabrous black sedge (16 photos)...
    6 selected | 💰 $5.6342 (2,517,844 in / 623,274 out)
  [2441/4056] Inflated Narrow-leaved Sedge (16 photos)...
    6 selected | 💰 $5.6454 (2,523,041 in / 624,469 out)
  [2442/4056] downy thorn-apple (16 photos)...
    7 selected | 💰 $5.6559 (2,527,604 in / 625,659 out)
  [2443/4056] Rusty Fork-moss (16 photos)...
    6 selected | 💰 $5.6666 (2,532,601 in / 626,797 out)
  [2444/4056] leafy spurge (16 photos)...
    6 selected | 💰 $5.6774 (2,537,468 in / 627,980 out)
  [2445/4056] Inflated Notchwort (16 photos)...
    7 selected | 💰 $5.6875 (2,542,143 in / 629,068 out)
  [2447/4056] Forked Veilwort (16 photos)...
    6 selected | 💰 $5.6986 (2,546,966 in / 630,328 out)
  [2448/4056] Field Paspalum (16 photos)...
    5 selected | 💰 $5.7093 (2,551,707 in / 631,517 out)
  [2449/4056] Woolly Fringe-moss (16 photos)...
    6 selected | 💰 $5.7194 (2,556,349 in / 632,620 out)
  [2450/4056] pinkshell azalea (13 photos)...
    6 selected | 💰 $5.7282 (2,560,324 in / 633,573 out)
  [2451/4056] Northern Dock (16 photos)...
    6 selected | 💰 $5.7392 (2,565,029 in / 634,835 out)
  [2452/4056] Austin's Sphagnum (16 photos)...
    6 selected | 💰 $5.7495 (2,569,705 in / 635,963 out)
  [2453/4056] yellow peatmoss (16 photos)...
    3 selected | 💰 $5.7597 (2,574,416 in / 637,048 out)
  [2454/4056] Hook-leaved Fern Moss (16 photos)...
    6 selected | 💰 $5.7697 (2,579,399 in / 638,070 out)
  [2455/4056] Purple Mullein (16 photos)...
    8 selected | 💰 $5.7812 (2,584,375 in / 639,366 out)
  [2456/4056] alpine woodsia (12 photos)...
    5 selected | 💰 $5.7893 (2,588,026 in / 640,250 out)
  [2457/4056] Bushy Frostweed (12 photos)...
    6 selected | 💰 $5.7975 (2,591,720 in / 641,154 out)
  [2458/4056] Incised Fumewort (16 photos)...
    6 selected | 💰 $5.8089 (2,596,572 in / 642,470 out)
  [2459/4056] Closterium gracile (10 photos)...
    6 selected | 💰 $5.8156 (2,599,350 in / 643,241 out)
  [2460/4056] Polysiphonia stricta (16 photos)...
    6 selected | 💰 $5.8251 (2,604,224 in / 644,182 out)
  [2461/4056] Pink Ivy-leaved Speedwell (16 photos)...
    6 selected | 💰 $5.8356 (2,609,042 in / 645,307 out)
  [2462/4056] Kolomicta (13 photos)...
    6 selected | 💰 $5.8449 (2,612,808 in / 646,413 out)
  [2463/4056] Lesser Notchwort (16 photos)...
    6 selected | 💰 $5.8555 (2,617,878 in / 647,520 out)
  [2464/4056] lesser plait moss (16 photos)...
    7 selected | 💰 $5.8648 (2,622,569 in / 648,443 out)
  [2465/4056] Black Mustard (16 photos)...
    5 selected | 💰 $5.8758 (2,627,434 in / 649,670 out)
  [2466/4056] Spanish needles (16 photos)...
    ⚠ Scoring failed: 529 {"type":"error","error":{"type":"overloaded_error","message":"Overloaded"},"request_id":"req_011CYUumiw6jcCRKainZFY5J"}. Keeping original order.
    Waiting 30s and retrying...
    6 selected | 💰 $5.8864 (2,632,025 in / 650,875 out)
  [2467/4056] European gooseberry (16 photos)...
    7 selected | 💰 $5.8975 (2,636,838 in / 652,128 out)
  [2469/4056] red mulberry (16 photos)...
    6 selected | 💰 $5.9084 (2,641,524 in / 653,381 out)
  [2470/4056] swamp agrimony (16 photos)...
    6 selected | 💰 $5.9189 (2,646,049 in / 654,579 out)
  [2471/4056] giant blue sage (16 photos)...
    6 selected | 💰 $5.9292 (2,650,859 in / 655,666 out)
  [2472/4056] Variable Flatsedge (16 photos)...
    6 selected | 💰 $5.9398 (2,655,620 in / 656,838 out)
  [2473/4056] Tunicflower (16 photos)...
    7 selected | 💰 $5.9507 (2,660,579 in / 658,016 out)
  [2474/4056] Sea Thrift (16 photos)...
    7 selected | 💰 $5.9606 (2,665,191 in / 659,073 out)
  [2475/4056] Orange Rock Hair (16 photos)...
    8 selected | 💰 $5.9717 (2,669,986 in / 660,335 out)
  [2476/4056] Sour Cherry (15 photos)...
    7 selected | 💰 $5.9821 (2,674,546 in / 661,508 out)
  [2477/4056] Grey Field-speedwell (16 photos)...
    6 selected | 💰 $5.9927 (2,679,466 in / 662,643 out)
  [2478/4056] Fork-tip Three-Awn (16 photos)...
    6 selected | 💰 $6.0034 (2,684,174 in / 663,854 out)
  [2479/4056] alpine bittercress (16 photos)...
    6 selected | 💰 $6.0143 (2,688,970 in / 665,063 out)
  [2480/4056] water sedge (16 photos)...
    6 selected | 💰 $6.0251 (2,693,583 in / 666,313 out)
  [2481/4056] narrow-leaved hawksbeard (16 photos)...
    5 selected | 💰 $6.0360 (2,698,162 in / 667,566 out)
  [2482/4056] Brown Flatsedge (16 photos)...
    6 selected | 💰 $6.0468 (2,702,995 in / 668,767 out)
  [2483/4056] Rice flat-sedge (16 photos)...
    7 selected | 💰 $6.0572 (2,707,664 in / 669,901 out)
  [2484/4056] Glandular Globe-thistle (16 photos)...
    6 selected | 💰 $6.0679 (2,712,372 in / 671,111 out)
  [2485/4056] Northern Bedstraw (16 photos)...
    6 selected | 💰 $6.0786 (2,717,095 in / 672,299 out)
  [2487/4056] Common Mare's Tail (16 photos)...
    7 selected | 💰 $6.0890 (2,721,730 in / 673,459 out)
  [2488/4056] spiny-spored quillwort (16 photos)...
    6 selected | 💰 $6.0998 (2,726,158 in / 674,735 out)
  [2489/4056] matrimony vine (16 photos)...
    6 selected | 💰 $6.1109 (2,730,878 in / 675,995 out)
  [2490/4056] watermint (16 photos)...
    5 selected | 💰 $6.1212 (2,735,599 in / 677,128 out)
  [2491/4056] cotton thistle (16 photos)...
    7 selected | 💰 $6.1318 (2,740,174 in / 678,322 out)
  [2492/4056] Wood Meadow-grass (16 photos)...
    6 selected | 💰 $6.1424 (2,744,664 in / 679,554 out)
  [2493/4056] Swamp Meadow-grass (16 photos)...
    6 selected | 💰 $6.1524 (2,749,300 in / 680,621 out)
  [2495/4056] Narrow-leaved Bur-reed (16 photos)...
    6 selected | 💰 $6.1631 (2,753,928 in / 681,836 out)
  [2497/4056] dune tansy (16 photos)...
    6 selected | 💰 $6.1740 (2,758,810 in / 683,044 out)
  [2498/4056] Zigzag Bladderwort (16 photos)...
    6 selected | 💰 $6.1849 (2,763,577 in / 684,266 out)
  [2499/4056] northern bog violet (16 photos)...
    6 selected | 💰 $6.1960 (2,768,640 in / 685,482 out)
  [2500/4056] Blueleaf Willow (16 photos)...
    6 selected | 💰 $6.2072 (2,773,507 in / 686,745 out)
  [2501/4056] Cypress Vine (15 photos)...
    6 selected | 💰 $6.2178 (2,778,055 in / 687,947 out)
  [2502/4056] Bulbous Woodrush (16 photos)...
    6 selected | 💰 $6.2284 (2,782,497 in / 689,185 out)
  [2503/4056] Awl-leaved Earth-moss (16 photos)...
    7 selected | 💰 $6.2387 (2,787,355 in / 690,276 out)
  [2505/4056] Mintweed (14 photos)...
    6 selected | 💰 $6.2480 (2,791,520 in / 691,298 out)
  [2506/4056] yellow pimpernel (7 photos)...
    5 selected | 💰 $6.2534 (2,793,922 in / 691,894 out)
  [2507/4056] buttonweed (16 photos)...
    6 selected | 💰 $6.2645 (2,798,714 in / 693,157 out)
  [2508/4056] Blunt-leaved Rein Orchid (16 photos)...
    6 selected | 💰 $6.2749 (2,803,174 in / 694,342 out)
  [2509/4056] Prickly Wild Rose (16 photos)...
    6 selected | 💰 $6.2854 (2,807,696 in / 695,543 out)
  [2510/4056] Rigid Bog-moss (16 photos)...
    7 selected | 💰 $6.2962 (2,812,332 in / 696,764 out)
  [2511/4056] amur maackia (16 photos)...
    6 selected | 💰 $6.3066 (2,817,038 in / 697,905 out)
  [2512/4056] sparse-flowered sedge (16 photos)...
    6 selected | 💰 $6.3178 (2,821,908 in / 699,186 out)
  [2513/4056] bird cherry (15 photos)...
    6 selected | 💰 $6.3277 (2,826,214 in / 700,307 out)
  [2514/4056] Nova Scotia False Foxglove (16 photos)...
    6 selected | 💰 $6.3385 (2,831,051 in / 701,483 out)
  [2515/4056] Seaside Threeawn (16 photos)...
    7 selected | 💰 $6.3493 (2,835,847 in / 702,696 out)
  [2516/4056] Wavy Starburst Moss (16 photos)...
    8 selected | 💰 $6.3596 (2,840,438 in / 703,827 out)
  [2517/4056] Siberian peashrub (12 photos)...
    7 selected | 💰 $6.3679 (2,844,162 in / 704,755 out)
  [2519/4056] grass-like sedge (16 photos)...
    7 selected | 💰 $6.3786 (2,848,651 in / 705,986 out)
  [2520/4056] Peck's sedge (16 photos)...
    6 selected | 💰 $6.3886 (2,853,105 in / 707,096 out)
  [2521/4056] Fogg's Goosefoot (16 photos)...
    6 selected | 💰 $6.3990 (2,857,655 in / 708,276 out)
  [2522/4056] hemlock-parsley (10 photos)...
    5 selected | 💰 $6.4064 (2,860,969 in / 709,084 out)
  [2523/4056] Houghton's Umbrella-sedge (16 photos)...
    6 selected | 💰 $6.4170 (2,865,700 in / 710,261 out)
  [2524/4056] Slender Spikerush (16 photos)...
    6 selected | 💰 $6.4280 (2,870,571 in / 711,491 out)
  [2525/4056] Moonflower (12 photos)...
    6 selected | 💰 $6.4370 (2,874,222 in / 712,565 out)
  [2526/4056] Wood Fingerwort (16 photos)...
    7 selected | 💰 $6.4473 (2,879,004 in / 713,660 out)
  [2527/4056] southern crabapple (15 photos)...
    6 selected | 💰 $6.4567 (2,883,423 in / 714,650 out)
  [2528/4056] Brown Beakrush (16 photos)...
    6 selected | 💰 $6.4676 (2,888,077 in / 715,899 out)
  [2529/4056] Golden Glade-moss (16 photos)...
    6 selected | 💰 $6.4767 (2,892,843 in / 716,779 out)
  [2530/4056] Bristly Blackberry (16 photos)...
    8 selected | 💰 $6.4872 (2,897,548 in / 717,940 out)
  [2531/4056] willowleaf aster (16 photos)...
    6 selected | 💰 $6.4977 (2,902,308 in / 719,072 out)
  [2532/4056] Sea Oak (9 photos)...
    4 selected | 💰 $6.5038 (2,905,120 in / 719,734 out)
  [2533/4056] Blue Sedge (16 photos)...
    6 selected | 💰 $6.5146 (2,909,787 in / 720,962 out)
  [2534/4056] Cleft-leaved Hawthorn (16 photos)...
    6 selected | 💰 $6.5252 (2,914,608 in / 722,125 out)
  [2535/4056] Low Frostweed (16 photos)...
    6 selected | 💰 $6.5359 (2,919,373 in / 723,300 out)
  [2536/4056] Blackberry Lily (15 photos)...
    6 selected | 💰 $6.5463 (2,923,771 in / 724,502 out)
  [2537/4056] graceful spurge (16 photos)...
    7 selected | 💰 $6.5565 (2,928,460 in / 725,604 out)
  [2538/4056] Crenulated Flapwort (16 photos)...
    8 selected | 💰 $6.5666 (2,933,339 in / 726,653 out)
  [2540/4056] Green Nightshade (16 photos)...
    7 selected | 💰 $6.5773 (2,938,083 in / 727,836 out)
  [2541/4056] Chinese witch-hazel (16 photos)...
    7 selected | 💰 $6.5885 (2,942,790 in / 729,140 out)
  [2542/4056] Euastrum crassum (11 photos)...
    6 selected | 💰 $6.5961 (2,946,258 in / 729,973 out)
  [2543/4056] Cosmarium punctulatum (9 photos)...
    5 selected | 💰 $6.6024 (2,949,182 in / 730,642 out)
  [2544/4056] Euastrum ampullaceum (9 photos)...
    6 selected | 💰 $6.6092 (2,952,182 in / 731,410 out)
  [2545/4056] Trunk Pawwort (16 photos)...
    7 selected | 💰 $6.6197 (2,957,094 in / 732,528 out)
  [2546/4056] Cowherb (14 photos)...
    6 selected | 💰 $6.6291 (2,961,262 in / 733,563 out)
  [2549/4056] Chinese pennisetum (16 photos)...
    6 selected | 💰 $6.6397 (2,966,114 in / 734,723 out)
  [2550/4056] Pea Hawthorn (16 photos)...
    6 selected | 💰 $6.6505 (2,970,930 in / 735,921 out)
  [2551/4056] Catawba Rhododendron (16 photos)...
    6 selected | 💰 $6.6617 (2,975,712 in / 737,188 out)
  [2552/4056] Western Rattlesnake Plantain (16 photos)...
    5 selected | 💰 $6.6725 (2,980,477 in / 738,405 out)
  [2553/4056] Bearded Beggarticks (10 photos)...
    5 selected | 💰 $6.6795 (2,983,661 in / 739,167 out)
  [2554/4056] western maidenhair fern (16 photos)...
    7 selected | 💰 $6.6894 (2,988,026 in / 740,272 out)
  [2555/4056] downy hawthorn (16 photos)...
    Failed to parse scoring response, keeping original order
    6 selected | 💰 $6.7031 (2,992,640 in / 742,082 out)
  [2556/4056] Wild Tulip (16 photos)...
    6 selected | 💰 $6.7143 (2,997,342 in / 743,383 out)
  [2557/4056] White deadnettle (16 photos)...
    6 selected | 💰 $6.7250 (3,002,079 in / 744,579 out)
  [2558/4056] Common Barley (16 photos)...
    6 selected | 💰 $6.7352 (3,006,514 in / 745,733 out)
  [2559/4056] weeping willow (15 photos)...
    8 selected | 💰 $6.7448 (3,010,787 in / 746,807 out)
  [2561/4056] unbranched bur-reed (16 photos)...
    6 selected | 💰 $6.7561 (3,015,392 in / 748,134 out)
  [2562/4056] Persian walnut (15 photos)...
    6 selected | 💰 $6.7658 (3,019,701 in / 749,225 out)
  [2563/4056] European dewberry (16 photos)...
    6 selected | 💰 $6.7762 (3,024,148 in / 750,405 out)
  [2564/4056] Great burnet (13 photos)...
    6 selected | 💰 $6.7853 (3,028,049 in / 751,457 out)
  [2565/4056] Busy Lizzie (14 photos)...
    6 selected | 💰 $6.7951 (3,032,130 in / 752,594 out)
  [2566/4056] Large Water-starwort (16 photos)...
    6 selected | 💰 $6.8059 (3,036,855 in / 753,809 out)
  [2567/4056] lenticular sedge (16 photos)...
    7 selected | 💰 $6.8169 (3,041,560 in / 755,058 out)
  [2569/4056] Dwarf Morning-glory (9 photos)...
    6 selected | 💰 $6.8237 (3,044,445 in / 755,844 out)
  [2570/4056] tufted hair grass (13 photos)...
    6 selected | 💰 $6.8321 (3,048,166 in / 756,783 out)
  [2571/4056] American manna grass (16 photos)...
    6 selected | 💰 $6.8425 (3,052,905 in / 757,922 out)
  [2572/4056] Slim-pod Rush (16 photos)...
    6 selected | 💰 $6.8533 (3,057,650 in / 759,121 out)
  [2573/4056] Smith's Cress (16 photos)...
    7 selected | 💰 $6.8639 (3,062,303 in / 760,329 out)
  [2574/4056] whorled water-milfoil (16 photos)...
    6 selected | 💰 $6.8751 (3,067,052 in / 761,603 out)
  [2575/4056] Proso Millet (15 photos)...
    6 selected | 💰 $6.8851 (3,071,543 in / 762,714 out)
  [2576/4056] pale false mannagrass (16 photos)...
    6 selected | 💰 $6.8956 (3,076,320 in / 763,865 out)
  [2577/4056] spring vetch (13 photos)...
    6 selected | 💰 $6.9042 (3,080,165 in / 764,814 out)
  [2578/4056] Brazilian watermeal (16 photos)...
    7 selected | 💰 $6.9142 (3,084,833 in / 765,870 out)
  [2579/4056] northern wild rice (14 photos)...
    6 selected | 💰 $6.9235 (3,088,926 in / 766,917 out)
  [2580/4056] Quince (14 photos)...
    6 selected | 💰 $6.9326 (3,092,894 in / 767,932 out)
  [2581/4056] Fairy Flax (16 photos)...
    6 selected | 💰 $6.9430 (3,097,670 in / 769,066 out)
  [2583/4056] Aromatic Aster (15 photos)...
    7 selected | 💰 $6.9528 (3,101,983 in / 770,166 out)
  [2584/4056] agueweed (16 photos)...
    7 selected | 💰 $6.9633 (3,106,525 in / 771,351 out)
  [2585/4056] foxtail bog clubmoss (16 photos)...
    6 selected | 💰 $6.9726 (3,111,208 in / 772,273 out)
  [2586/4056] royal catchfly (10 photos)...
    5 selected | 💰 $6.9798 (3,114,371 in / 773,090 out)
  [2587/4056] Maryland meadowbeauty (16 photos)...
    6 selected | 💰 $6.9907 (3,119,060 in / 774,332 out)
  [2588/4056] Korean Spice Viburnum (16 photos)...
    6 selected | 💰 $7.0017 (3,123,552 in / 775,632 out)
  [2589/4056] Flexuous Peatmoss (16 photos)...
    8 selected | 💰 $7.0116 (3,128,482 in / 776,627 out)
  [2590/4056] Hupeh Crabapple (10 photos)...
    6 selected | 💰 $7.0189 (3,131,691 in / 777,445 out)
  [2591/4056] upright hedge-parsley (16 photos)...
    6 selected | 💰 $7.0298 (3,136,450 in / 778,677 out)
  [2592/4056] Laurentian bulblet fern (16 photos)...
    6 selected | 💰 $7.0405 (3,141,149 in / 779,872 out)
  [2593/4056] Thunberg's lespedeza (16 photos)...
    7 selected | 💰 $7.0512 (3,146,041 in / 781,033 out)
  [2594/4056] netted nutrush (13 photos)...
    6 selected | 💰 $7.0602 (3,149,979 in / 782,048 out)
  [2595/4056] silvery-flowered sedge (16 photos)...
    6 selected | 💰 $7.0705 (3,154,667 in / 783,171 out)
  [2596/4056] southern wild raisin (9 photos)...
    6 selected | 💰 $7.0772 (3,157,530 in / 783,928 out)
  [2597/4056] Whorled Mountain Mint (16 photos)...
    5 selected | 💰 $7.0875 (3,162,366 in / 785,020 out)
  [2598/4056] Rough Thelia (16 photos)...
    7 selected | 💰 $7.0981 (3,166,822 in / 786,252 out)
  [2599/4056] downy agrimony (16 photos)...
    6 selected | 💰 $7.1084 (3,171,581 in / 787,371 out)
  [2600/4056] Dwarf Anomodon Moss (16 photos)...
    7 selected | 💰 $7.1183 (3,176,145 in / 788,425 out)
  [2601/4056] Collins' Sedge (16 photos)...
    6 selected | 💰 $7.1289 (3,180,868 in / 789,601 out)
  [2602/4056] hairy sedge (16 photos)...
    6 selected | 💰 $7.1389 (3,185,696 in / 790,642 out)
  [2603/4056] Hitchcock's Sedge (16 photos)...
    6 selected | 💰 $7.1497 (3,190,530 in / 791,833 out)
  [2604/4056] Merritt Fernald's sedge (16 photos)...
    Failed to parse scoring response, keeping original order
    6 selected | 💰 $7.1644 (3,195,206 in / 793,833 out)
  [2605/4056] Walter's Sedge (16 photos)...
    6 selected | 💰 $7.1745 (3,199,712 in / 794,966 out)
  [2606/4056] Blanchard's Hawthorn (16 photos)...
    7 selected | 💰 $7.1853 (3,204,547 in / 796,156 out)
  [2607/4056] Miss Jones' hawthorn (16 photos)...
    6 selected | 💰 $7.1945 (3,209,362 in / 797,028 out)
  [2608/4056] northern witchgrass (14 photos)...
    7 selected | 💰 $7.2038 (3,213,767 in / 798,016 out)
  [2609/4056] Velvet Panicum (16 photos)...
    6 selected | 💰 $7.2149 (3,218,438 in / 799,285 out)
  [2610/4056] white dittany (13 photos)...
    6 selected | 💰 $7.2238 (3,222,409 in / 800,278 out)
  [2611/4056] Tall Globe-thistle (3 photos)...
    Failed to parse scoring response, keeping original order
    3 selected | 💰 $7.2275 (3,223,718 in / 800,764 out)
  [2612/4056] Fine-leaved Sheep's-fescue (15 photos)...
    6 selected | 💰 $7.2378 (3,228,107 in / 801,947 out)
  [2613/4056] Common Pocket-moss (16 photos)...
    6 selected | 💰 $7.2468 (3,232,710 in / 802,821 out)
  [2614/4056] Atlantic Ivy (11 photos)...
    6 selected | 💰 $7.2545 (3,236,071 in / 803,683 out)
  [2615/4056] Helodium paludosum (16 photos)...
    7 selected | 💰 $7.2646 (3,240,838 in / 804,762 out)
  [2617/4056] Sweet Iris (10 photos)...
    6 selected | 💰 $7.2720 (3,243,984 in / 805,605 out)
  [2618/4056] Streamside Leptodictyum Moss (16 photos)...
    8 selected | 💰 $7.2813 (3,248,666 in / 806,526 out)
  [2619/4056] Marsh Felwort (16 photos)...
    6 selected | 💰 $7.2920 (3,253,374 in / 807,725 out)
  [2620/4056] Globefruit Primrose-willow (16 photos)...
    7 selected | 💰 $7.3025 (3,257,926 in / 808,918 out)
  [2621/4056] Small Mousetail Moss (16 photos)...
    6 selected | 💰 $7.3120 (3,262,600 in / 809,876 out)
  [2622/4056] Scouler's popcornflower (16 photos)...
    8 selected | 💰 $7.3226 (3,267,494 in / 811,030 out)
  [2623/4056] Urn Hair Moss (15 photos)...
    6 selected | 💰 $7.3328 (3,272,102 in / 812,148 out)
  [2624/4056] Horned Beakrush (16 photos)...
    6 selected | 💰 $7.3439 (3,276,670 in / 813,440 out)
  [2625/4056] Appalachian Gooseberry (12 photos)...
    6 selected | 💰 $7.3520 (3,280,130 in / 814,371 out)
  [2626/4056] Green Mountain Blackberry (16 photos)...
    6 selected | 💰 $7.3632 (3,284,942 in / 815,644 out)
  [2627/4056] Japanese Pearlwort (16 photos)...
    6 selected | 💰 $7.3738 (3,289,646 in / 816,834 out)
  [2628/4056] Angerman's sphagnum (16 photos)...
    6 selected | 💰 $7.3841 (3,294,359 in / 817,955 out)
  [2629/4056] Golden Fuzzy Fen Moss (12 photos)...
    6 selected | 💰 $7.3927 (3,297,966 in / 818,938 out)
  [2630/4056] Bushy Red Weed (9 photos)...
    6 selected | 💰 $7.3996 (3,300,842 in / 819,742 out)
  [2631/4056] Red Puff Ball (13 photos)...
    6 selected | 💰 $7.4085 (3,304,732 in / 820,746 out)
  [2632/4056] Capitate Sedge (16 photos)...
    6 selected | 💰 $7.4189 (3,309,222 in / 821,934 out)
  [2633/4056] Long-leaved Redtop-Panicgrass (16 photos)...
    7 selected | 💰 $7.4292 (3,313,992 in / 823,035 out)
  [2634/4056] Swamp Buttercup (16 photos)...
    6 selected | 💰 $7.4405 (3,319,134 in / 824,273 out)
  [2635/4056] false shamrock (9 photos)...
    4 selected | 💰 $7.4472 (3,321,945 in / 825,043 out)
  [2638/4056] Euastrum binale (8 photos)...
    6 selected | 💰 $7.4530 (3,324,655 in / 825,672 out)
  [2639/4056] Tetraedron minimum (16 photos)...
    6 selected | 💰 $7.4636 (3,329,569 in / 826,805 out)
  [2640/4056] Closterium ehrenbergii (16 photos)...
    8 selected | 💰 $7.4744 (3,334,083 in / 828,054 out)
  [2641/4056] Staurastrum alternans (8 photos)...
    7 selected | 💰 $7.4802 (3,336,777 in / 828,680 out)
  [2642/4056] Pediastrum obtusum (7 photos)...
    6 selected | 💰 $7.4855 (3,339,203 in / 829,269 out)
  [2643/4056] Staurodesmus megacanthus (10 photos)...
    6 selected | 💰 $7.4924 (3,342,023 in / 830,068 out)
  [2644/4056] Eremosphaera viridis (12 photos)...
    6 selected | 💰 $7.5007 (3,345,703 in / 831,000 out)
  [2645/4056] Staurastrum furcigerum (13 photos)...
    6 selected | 💰 $7.5096 (3,349,885 in / 831,943 out)
  [2646/4056] Kamchatka Stonecrop (10 photos)...
    6 selected | 💰 $7.5168 (3,352,972 in / 832,772 out)
  [2647/4056] Egyptian Walking Onion (7 photos)...
    6 selected | 💰 $7.5222 (3,355,451 in / 833,351 out)
  [2648/4056] Cosmarium regnesi (11 photos)...
    7 selected | 💰 $7.5304 (3,359,149 in / 834,255 out)
  [2649/4056] red pigweed (16 photos)...
    6 selected | 💰 $7.5415 (3,363,783 in / 835,542 out)
  [2650/4056] Closterium rostratum (14 photos)...
    6 selected | 💰 $7.5496 (3,366,987 in / 836,524 out)
  [2651/4056] Cosmarium ornatum (9 photos)...
    6 selected | 💰 $7.5563 (3,370,017 in / 837,257 out)
  [2652/4056] Moon-leaved Pincerwort (16 photos)...
    8 selected | 💰 $7.5666 (3,374,789 in / 838,355 out)
  [2653/4056] Polyides rotunda (15 photos)...
    7 selected | 💰 $7.5756 (3,379,048 in / 839,319 out)
  [2654/4056] Comb Notchwort (16 photos)...
    7 selected | 💰 $7.5858 (3,383,833 in / 840,393 out)
  [2655/4056] Scenedesmus quadricauda (10 photos)...
    7 selected | 💰 $7.5929 (3,387,049 in / 841,177 out)
  [2656/4056] Downy willowherb (16 photos)...
    5 selected | 💰 $7.6037 (3,391,918 in / 842,362 out)
  [2657/4056] Cosmarium dentatum (9 photos)...
    5 selected | 💰 $7.6104 (3,394,876 in / 843,095 out)
  [2658/4056] Chenille Weed (16 photos)...
    6 selected | 💰 $7.6208 (3,399,855 in / 844,187 out)
  [2659/4056] Utricularia tenuicaulis (14 photos)...
    7 selected | 💰 $7.6300 (3,403,837 in / 845,239 out)
  [2660/4056] Black Poplar (16 photos)...
    7 selected | 💰 $7.6413 (3,408,774 in / 846,498 out)
  [2661/4056] woodland pinedrops (16 photos)...
    6 selected | 💰 $7.6517 (3,413,514 in / 847,647 out)
  [2662/4056] Bur Parsley (13 photos)...
    7 selected | 💰 $7.6611 (3,417,470 in / 848,725 out)
  [2663/4056] Blackcurrant (16 photos)...
    6 selected | 💰 $7.6704 (3,422,193 in / 849,648 out)
  [2664/4056] peachleaf willow (16 photos)...
    6 selected | 💰 $7.6810 (3,426,486 in / 850,899 out)
  [2665/4056] goat willow (15 photos)...
    7 selected | 💰 $7.6916 (3,430,957 in / 852,121 out)
  [2666/4056] Common Honeysuckle (16 photos)...
    6 selected | 💰 $7.7024 (3,435,668 in / 853,345 out)
  [2667/4056] Palmate Germanderwort (16 photos)...
    6 selected | 💰 $7.7130 (3,440,397 in / 854,513 out)
  [2668/4056] Two-horned Pincerwort (16 photos)...
    7 selected | 💰 $7.7229 (3,445,114 in / 855,551 out)
  [2669/4056] Pale Liverwort (16 photos)...
    8 selected | 💰 $7.7335 (3,449,881 in / 856,733 out)
  [2670/4056] Common Oat (13 photos)...
    6 selected | 💰 $7.7430 (3,453,798 in / 857,846 out)
  [2671/4056] Red Valerian (14 photos)...
    6 selected | 💰 $7.7527 (3,458,094 in / 858,916 out)
  [2673/4056] Lovage (13 photos)...
    6 selected | 💰 $7.7615 (3,461,903 in / 859,916 out)
  [2674/4056] Case's ladies' tresses (16 photos)...
    6 selected | 💰 $7.7716 (3,466,465 in / 861,030 out)
  [2675/4056] eggplant (15 photos)...
    6 selected | 💰 $7.7816 (3,471,025 in / 862,120 out)
  [2676/4056] eastern mosquito fern (16 photos)...
    6 selected | 💰 $7.7917 (3,475,571 in / 863,231 out)
  [2677/4056] Artillery Plant (10 photos)...
    5 selected | 💰 $7.7989 (3,478,756 in / 864,027 out)
  [2678/4056] Creeping Bent (16 photos)...
    6 selected | 💰 $7.8091 (3,483,318 in / 865,148 out)
  [2679/4056] Yellow Flatsedge (16 photos)...
    6 selected | 💰 $7.8201 (3,488,205 in / 866,374 out)
  [2680/4056] Jerusalem oak (16 photos)...
    6 selected | 💰 $7.8306 (3,492,964 in / 867,524 out)
  [2681/4056] Jagged Chickweed (16 photos)...
    6 selected | 💰 $7.8408 (3,497,617 in / 868,643 out)
  [2682/4056] greater poverty rush (16 photos)...
    6 selected | 💰 $7.8519 (3,502,108 in / 869,953 out)
  [2683/4056] Blue statice (12 photos)...
    6 selected | 💰 $7.8603 (3,505,524 in / 870,955 out)
  [2684/4056] Purple Toadflax (15 photos)...
    6 selected | 💰 $7.8705 (3,509,837 in / 872,124 out)
  [2685/4056] cutleaf evening primrose (16 photos)...
    6 selected | 💰 $7.8812 (3,514,474 in / 873,345 out)
  [2686/4056] Small Bur-reed (13 photos)...
    7 selected | 💰 $7.8901 (3,518,399 in / 874,337 out)
  [2687/4056] Purple Sandgrass (16 photos)...
    7 selected | 💰 $7.9004 (3,523,214 in / 875,434 out)
  [2688/4056] Hoary Willowherb (16 photos)...
    6 selected | 💰 $7.9112 (3,528,177 in / 876,598 out)
  [2689/4056] Two-flower Dwarf-dandelion (16 photos)...
    6 selected | 💰 $7.9221 (3,532,824 in / 877,851 out)
  [2690/4056] Reeve's Spirea (12 photos)...
    6 selected | 💰 $7.9303 (3,536,512 in / 878,761 out)
  [2691/4056] Thunberg's meadowsweet (16 photos)...
    6 selected | 💰 $7.9409 (3,541,293 in / 879,931 out)
  [2692/4056] marsh pink (16 photos)...
    7 selected | 💰 $7.9520 (3,546,013 in / 881,192 out)
  [2693/4056] Needle-tipped Blue-eyed-grass (16 photos)...
    7 selected | 💰 $7.9623 (3,550,761 in / 882,307 out)
  [2694/4056] winecup mallow (15 photos)...
    6 selected | 💰 $7.9726 (3,555,259 in / 883,476 out)
  [2695/4056] Yellow Corydalis (16 photos)...
    6 selected | 💰 $7.9836 (3,560,107 in / 884,693 out)
  [2696/4056] great coneflower (14 photos)...
    6 selected | 💰 $7.9930 (3,564,219 in / 885,761 out)
  [2697/4056] Japanese Skimmia (14 photos)...
    6 selected | 💰 $8.0025 (3,568,118 in / 886,876 out)
  [2698/4056] Slender Cruet-moss (16 photos)...
    7 selected | 💰 $8.0131 (3,572,669 in / 888,090 out)
  [2700/4056] Malabar spinach (16 photos)...
    7 selected | 💰 $8.0239 (3,577,482 in / 889,278 out)
  [2701/4056] Waterside Feather Moss (16 photos)...
    7 selected | 💰 $8.0346 (3,582,235 in / 890,475 out)
  [2702/4056] Smooth-stalk Feather-moss (12 photos)...
    5 selected | 💰 $8.0429 (3,585,631 in / 891,452 out)
  [2703/4056] Recurved Brotherella Moss (16 photos)...
    6 selected | 💰 $8.0523 (3,590,346 in / 892,398 out)
  [2704/4056] Thorow-wax (12 photos)...
    6 selected | 💰 $8.0603 (3,594,037 in / 893,248 out)
  [2706/4056] Houghton's sedge (16 photos)...
    6 selected | 💰 $8.0710 (3,598,817 in / 894,433 out)
  [2707/4056] Japanese sedge (16 photos)...
    7 selected | 💰 $8.0809 (3,603,359 in / 895,503 out)
  [2709/4056] variable sedge (15 photos)...
    6 selected | 💰 $8.0909 (3,607,758 in / 896,634 out)
  [2710/4056] prairie sedge (10 photos)...
    5 selected | 💰 $8.0978 (3,610,923 in / 897,373 out)
  [2711/4056] dioecious sedge (16 photos)...
    6 selected | 💰 $8.1083 (3,615,537 in / 898,546 out)
  [2712/4056] Wiegand's sedge (16 photos)...
    8 selected | 💰 $8.1180 (3,620,137 in / 899,578 out)
  [2713/4056] red hickory (16 photos)...
    6 selected | 💰 $8.1290 (3,624,731 in / 900,845 out)
  [2714/4056] Chinese forget-me-not (13 photos)...
    6 selected | 💰 $8.1380 (3,628,579 in / 901,881 out)
  [2715/4056] Wright's Spikerush (12 photos)...
    5 selected | 💰 $8.1463 (3,631,998 in / 902,863 out)
  [2716/4056] Blue Eryngo (14 photos)...
    6 selected | 💰 $8.1559 (3,636,310 in / 903,927 out)
  [2717/4056] yellow daylily (16 photos)...
    8 selected | 💰 $8.1660 (3,641,038 in / 904,996 out)
  [2718/4056] Muhlenbeck's Feather-moss (16 photos)...
    6 selected | 💰 $8.1766 (3,645,756 in / 906,175 out)
  [2719/4056] Forked Rush (16 photos)...
    Failed to parse scoring response, keeping original order
    6 selected | 💰 $8.1872 (3,650,686 in / 907,301 out)
  [2720/4056] Calabash (16 photos)...
    6 selected | 💰 $8.1972 (3,655,336 in / 908,364 out)
  [2721/4056] White Woodrush (16 photos)...
    6 selected | 💰 $8.2078 (3,659,919 in / 909,584 out)
  [2722/4056] miniature moneywort (10 photos)...
    6 selected | 💰 $8.2152 (3,663,126 in / 910,407 out)
  [2723/4056] Round Hornwort (11 photos)...
    7 selected | 💰 $8.2227 (3,666,408 in / 911,254 out)
  [2724/4056] Woodland Cudweed (16 photos)...
    6 selected | 💰 $8.2321 (3,671,184 in / 912,181 out)
  [2725/4056] Carolina hornwort (16 photos)...
    7 selected | 💰 $8.2427 (3,675,841 in / 913,363 out)
  [2727/4056] River Thyme Moss (16 photos)...
    6 selected | 💰 $8.2521 (3,680,517 in / 914,319 out)
  [2728/4056] Buffalo-nut (16 photos)...
    6 selected | 💰 $8.2624 (3,685,257 in / 915,436 out)
  [2729/4056] Woodland Beakrush (16 photos)...
    6 selected | 💰 $8.2734 (3,690,055 in / 916,678 out)
  [2730/4056] Georgia Bulrush (16 photos)...
    6 selected | 💰 $8.2845 (3,694,653 in / 917,960 out)
  [2731/4056] leafy bulrush (16 photos)...
    6 selected | 💰 $8.2955 (3,699,631 in / 919,164 out)
  [2732/4056] Bog Stitchwort (16 photos)...
    6 selected | 💰 $8.3064 (3,704,300 in / 920,415 out)
  [2733/4056] northern bog aster (14 photos)...
    6 selected | 💰 $8.3159 (3,708,539 in / 921,477 out)
  [2735/4056] bashful wakerobin (16 photos)...
    6 selected | 💰 $8.3268 (3,713,259 in / 922,703 out)
  [2737/4056] straw sedge (12 photos)...
    6 selected | 💰 $8.3348 (3,716,891 in / 923,585 out)
  [2738/4056] small yellow pond-lily (16 photos)...
    6 selected | 💰 $8.3453 (3,721,275 in / 924,808 out)
  [2739/4056] small water-pepper (16 photos)...
    6 selected | 💰 $8.3563 (3,726,088 in / 926,043 out)
  [2740/4056] Star Moss (15 photos)...
    8 selected | 💰 $8.3666 (3,730,508 in / 927,209 out)
  [2742/4056] leatherleaf mahonia (11 photos)...
    6 selected | 💰 $8.3745 (3,734,001 in / 928,098 out)
  [2743/4056] Plumaria plumosa (15 photos)...
    6 selected | 💰 $8.3841 (3,738,320 in / 929,163 out)
  [2744/4056] Silvery Crocus (8 photos)...
    5 selected | 💰 $8.3903 (3,740,989 in / 929,860 out)
  [2745/4056] Euastrum verrucosum (8 photos)...
    5 selected | 💰 $8.3957 (3,743,559 in / 930,429 out)
  [2746/4056] Geminella ellipsoidea (6 photos)...
    4 selected | 💰 $8.4001 (3,745,179 in / 930,983 out)
  [2747/4056] Cosmarium porteanum (9 photos)...
    6 selected | 💰 $8.4066 (3,748,031 in / 931,723 out)
  [2748/4056] Staurodesmus cuspidatus (11 photos)...
    6 selected | 💰 $8.4138 (3,751,203 in / 932,521 out)
  [2749/4056] Staurastrum leptocladum (9 photos)...
    6 selected | 💰 $8.4208 (3,754,063 in / 933,338 out)
  [2750/4056] Micrasterias foliacea (8 photos)...
    4 selected | 💰 $8.4266 (3,756,489 in / 934,021 out)
  [2751/4056] Euastrum divaricatum (5 photos)...
    4 selected | 💰 $8.4306 (3,758,435 in / 934,437 out)
  [2752/4056] Closterium lunula (16 photos)...
    7 selected | 💰 $8.4403 (3,762,911 in / 935,478 out)
  [2753/4056] Closterium aciculare (11 photos)...
    6 selected | 💰 $8.4479 (3,766,211 in / 936,331 out)
  [2754/4056] Oeder's Apple-moss (16 photos)...
    6 selected | 💰 $8.4582 (3,770,833 in / 937,475 out)
  [2755/4056] Micrasterias brachyptera (11 photos)...
    7 selected | 💰 $8.4661 (3,774,299 in / 938,352 out)
  [2756/4056] Thymeleaf Sandmat (15 photos)...
    6 selected | 💰 $8.4762 (3,778,759 in / 939,489 out)
  [2757/4056] Closterium acutum (10 photos)...
    6 selected | 💰 $8.4827 (3,781,701 in / 940,198 out)
  [2759/4056] Spondylosium pulchrum (9 photos)...
    5 selected | 💰 $8.4890 (3,784,487 in / 940,893 out)
  [2760/4056] Tripora divaricata (3 photos)...
    3 selected | 💰 $8.4917 (3,785,801 in / 941,186 out)
  [2761/4056] Sticky Catchfly (16 photos)...
    6 selected | 💰 $8.5022 (3,790,611 in / 942,310 out)
  [2762/4056] Longbeak buttercup (16 photos)...
    7 selected | 💰 $8.5124 (3,795,537 in / 943,380 out)
  [2763/4056] Many-seeded Goosefoot (12 photos)...
    6 selected | 💰 $8.5204 (3,799,320 in / 944,210 out)
  [2764/4056] meadow fescue (16 photos)...
    7 selected | 💰 $8.5307 (3,804,025 in / 945,334 out)
  [2765/4056] Lacunastrum gracillimum (9 photos)...
    6 selected | 💰 $8.5370 (3,807,120 in / 945,977 out)
  [2766/4056] Common mouse-ear chickweed (16 photos)...
    6 selected | 💰 $8.5475 (3,811,969 in / 947,110 out)
  [2767/4056] Comasiella arcuata (10 photos)...
    5 selected | 💰 $8.5545 (3,815,201 in / 947,860 out)
  [2768/4056] Blunt-leaved Bristle Moss (16 photos)...
    7 selected | 💰 $8.5641 (3,819,955 in / 948,835 out)
  [2769/4056] lesser bird's-claw beard-moss (16 photos)...
    7 selected | 💰 $8.5747 (3,824,688 in / 950,012 out)
  [2770/4056] Asiatic Greenhead Sedge (16 photos)...
    6 selected | 💰 $8.5852 (3,829,328 in / 951,172 out)
  [2771/4056] Slender parsley-piert (16 photos)...
    6 selected | 💰 $8.5959 (3,834,070 in / 952,360 out)
  [2772/4056] Brazilian elodea (16 photos)...
    6 selected | 💰 $8.6074 (3,838,811 in / 953,717 out)
  [2773/4056] bristly buttercup (16 photos)...
    6 selected | 💰 $8.6179 (3,843,392 in / 954,904 out)
  [2774/4056] Stone's Hawthorn (12 photos)...
    6 selected | 💰 $8.6264 (3,846,792 in / 955,921 out)
  [2775/4056] desert bluebells (15 photos)...
    6 selected | 💰 $8.6363 (3,851,335 in / 957,002 out)
  [2776/4056] Buttonbush Dodder (8 photos)...
    6 selected | 💰 $8.6423 (3,854,027 in / 957,650 out)
  [2777/4056] Oval Leaf Knotweed (16 photos)...
    6 selected | 💰 $8.6528 (3,858,794 in / 958,802 out)
  [2778/4056] Heartleaf Foamflower (8 photos)...
    6 selected | 💰 $8.6588 (3,861,396 in / 959,479 out)
  [2779/4056] fleshy hawthorn (16 photos)...
    6 selected | 💰 $8.6698 (3,866,067 in / 960,753 out)
  [2780/4056] Salad Burnet (16 photos)...
    6 selected | 💰 $8.6808 (3,870,786 in / 962,010 out)
  [2781/4056] European Hornbeam (14 photos)...
    7 selected | 💰 $8.6905 (3,875,026 in / 963,090 out)
  [2782/4056] Cherry-plum (16 photos)...
    6 selected | 💰 $8.7015 (3,879,838 in / 964,328 out)
  [2783/4056] Oxlip (14 photos)...
    6 selected | 💰 $8.7104 (3,883,784 in / 965,315 out)
  [2784/4056] Long-headed poppy (10 photos)...
    6 selected | 💰 $8.7179 (3,886,862 in / 966,203 out)
  [2785/4056] Bunch-flowered Daffodil (15 photos)...
    7 selected | 💰 $8.7281 (3,891,311 in / 967,349 out)
  [2786/4056] Common vervain (9 photos)...
    5 selected | 💰 $8.7345 (3,894,319 in / 968,043 out)
  [2787/4056] Fragrant Macewort (15 photos)...
    6 selected | 💰 $8.7424 (3,898,437 in / 968,794 out)
  [2788/4056] Rock Veilwort (16 photos)...
    6 selected | 💰 $8.7527 (3,903,113 in / 969,909 out)
  [2789/4056] Hairy Scalewort (16 photos)...
    7 selected | 💰 $8.7636 (3,907,879 in / 971,138 out)
  [2790/4056] Alpine Squill (16 photos)...
    6 selected | 💰 $8.7741 (3,912,726 in / 972,277 out)
  [2791/4056] hoop-petticoat daffodil (16 photos)...
    6 selected | 💰 $8.7849 (3,917,139 in / 973,553 out)
  [2792/4056] Stinkwort (8 photos)...
    5 selected | 💰 $8.7905 (3,919,644 in / 974,180 out)
  [2793/4056] American three-square bulrush (16 photos)...
    8 selected | 💰 $8.8014 (3,924,406 in / 975,389 out)
  [2794/4056] red fescue (16 photos)...
    6 selected | 💰 $8.8124 (3,929,163 in / 976,657 out)
  [2795/4056] slender wheat grass (10 photos)...
    5 selected | 💰 $8.8196 (3,932,297 in / 977,455 out)
  [2796/4056] Largeflower pink-sorrel (16 photos)...
    6 selected | 💰 $8.8306 (3,937,313 in / 978,653 out)
  [2797/4056] Large-flowered Evening-primrose (16 photos)...
    7 selected | 💰 $8.8418 (3,942,024 in / 979,954 out)
  [2798/4056] Common Harebell (16 photos)...
    6 selected | 💰 $8.8527 (3,946,981 in / 981,143 out)
  [2799/4056] Avocado (13 photos)...
    6 selected | 💰 $8.8618 (3,950,824 in / 982,192 out)
  [2800/4056] Madagascar Periwinkle (13 photos)...
    6 selected | 💰 $8.8710 (3,954,657 in / 983,269 out)
  [2801/4056] Brown Mustard (16 photos)...
    6 selected | 💰 $8.8818 (3,959,412 in / 984,484 out)
  [2802/4056] Russian olive (16 photos)...
    5 selected | 💰 $8.8927 (3,963,988 in / 985,747 out)
  [2803/4056] Watermelon (12 photos)...
    6 selected | 💰 $8.9014 (3,967,638 in / 986,750 out)
  [2804/4056] Canadian milkvetch (9 photos)...
    6 selected | 💰 $8.9083 (3,970,503 in / 987,553 out)
  [2805/4056] Muskmelon (14 photos)...
    6 selected | 💰 $8.9179 (3,974,798 in / 988,613 out)
  [2806/4056] Perennial Wall-rocket (16 photos)...
    6 selected | 💰 $8.9280 (3,979,290 in / 989,745 out)
  [2807/4056] tapered rush (16 photos)...
    6 selected | 💰 $8.9383 (3,983,960 in / 990,877 out)
  [2808/4056] Knotted Rush (16 photos)...
    6 selected | 💰 $8.9490 (3,988,741 in / 992,049 out)
  [2809/4056] Sweet pea (16 photos)...
    6 selected | 💰 $8.9600 (3,993,518 in / 993,298 out)
  [2810/4056] Mexican Muhly (16 photos)...
    6 selected | 💰 $8.9693 (3,998,240 in / 994,210 out)
  [2811/4056] Woodland Tobacco (8 photos)...
    5 selected | 💰 $8.9752 (4,000,908 in / 994,864 out)
  [2812/4056] Douglas' knotweed (16 photos)...
    7 selected | 💰 $8.9855 (4,005,634 in / 995,978 out)
  [2813/4056] lesser wintergreen (16 photos)...
    6 selected | 💰 $8.9957 (4,010,154 in / 997,109 out)
  [2814/4056] Pennsylvania Blackberry (16 photos)...
    6 selected | 💰 $9.0071 (4,015,091 in / 998,395 out)
  [2815/4056] Night-flowering Catchfly (16 photos)...
    6 selected | 💰 $9.0179 (4,019,868 in / 999,614 out)
  [2816/4056] poverty dropseed (15 photos)...
    6 selected | 💰 $9.0278 (4,024,307 in / 1,000,703 out)
  [2817/4056] Mexican Marigold (8 photos)...
    5 selected | 💰 $9.0342 (4,026,863 in / 1,001,465 out)
  [2818/4056] Chinese elm (16 photos)...
    6 selected | 💰 $9.0445 (4,031,565 in / 1,002,583 out)
  [2819/4056] wine grape (16 photos)...
    6 selected | 💰 $9.0555 (4,036,284 in / 1,003,851 out)
  [2820/4056] Columbian Watermeal (16 photos)...
    6 selected | 💰 $9.0671 (4,041,388 in / 1,005,151 out)
  [2821/4056] Zigzag Clover (16 photos)...
    6 selected | 💰 $9.0783 (4,046,166 in / 1,006,432 out)
  [2822/4056] Bebb's Sedge (16 photos)...
    7 selected | 💰 $9.0886 (4,050,549 in / 1,007,609 out)
  [2823/4056] Oakes' Evening-primrose (13 photos)...
    7 selected | 💰 $9.0973 (4,054,438 in / 1,008,578 out)
  [2825/4056] mophead hydrangea (12 photos)...
    6 selected | 💰 $9.1059 (4,058,003 in / 1,009,580 out)
  [2826/4056] winter squash (5 photos)...
    5 selected | 💰 $9.1101 (4,059,812 in / 1,010,061 out)
  [2827/4056] Wall Screw-moss (16 photos)...
    7 selected | 💰 $9.1207 (4,064,231 in / 1,011,293 out)
  [2828/4056] ashy sunflower (11 photos)...
    6 selected | 💰 $9.1286 (4,067,700 in / 1,012,175 out)
  [2829/4056] Helmet skullcap (12 photos)...
    6 selected | 💰 $9.1369 (4,071,264 in / 1,013,118 out)
  [2830/4056] sea heart (8 photos)...
    5 selected | 💰 $9.1431 (4,073,821 in / 1,013,846 out)
  [2831/4056] Japanese snowbell (16 photos)...
    6 selected | 💰 $9.1537 (4,078,505 in / 1,015,040 out)
  [2832/4056] Nodding Fescue (16 photos)...
    6 selected | 💰 $9.1646 (4,083,230 in / 1,016,275 out)
  [2833/4056] Cylindrical Thimbleweed (15 photos)...
    6 selected | 💰 $9.1745 (4,087,688 in / 1,017,357 out)
  [2834/4056] Starry rosinweed (14 photos)...
    6 selected | 💰 $9.1839 (4,091,910 in / 1,018,406 out)
  [2835/4056] central sphagnum moss (16 photos)...
    7 selected | 💰 $9.1938 (4,096,493 in / 1,019,460 out)
  [2836/4056] Narrowleaf Peatmoss (16 photos)...
    7 selected | 💰 $9.2043 (4,101,107 in / 1,020,630 out)
  [2837/4056] Panicle Hydrangea (11 photos)...
    6 selected | 💰 $9.2125 (4,104,639 in / 1,021,564 out)
  [2839/4056] Whip Nutrush (14 photos)...
    6 selected | 💰 $9.2221 (4,108,884 in / 1,022,640 out)
  [2840/4056] Bluntleaf Bedstraw (16 photos)...
    6 selected | 💰 $9.2327 (4,113,610 in / 1,023,822 out)
  [2841/4056] Scarlet Hawthorn (16 photos)...
    6 selected | 💰 $9.2438 (4,118,407 in / 1,025,078 out)
  [2842/4056] Winter Bentgrass (16 photos)...
    6 selected | 💰 $9.2539 (4,123,203 in / 1,026,147 out)
  [2843/4056] field locoweed (16 photos)...
    6 selected | 💰 $9.2651 (4,127,999 in / 1,027,416 out)
  [2844/4056] False Indian Plantain (16 photos)...
    6 selected | 💰 $9.2759 (4,132,899 in / 1,028,597 out)
  [2845/4056] smaller white snakeroot (16 photos)...
    6 selected | 💰 $9.2863 (4,137,565 in / 1,029,744 out)
  [2846/4056] Black Rock Moss (16 photos)...
    6 selected | 💰 $9.2962 (4,142,182 in / 1,030,803 out)
  [2847/4056] Rambling Tail-moss (11 photos)...
    7 selected | 💰 $9.3044 (4,145,699 in / 1,031,738 out)
  [2848/4056] Tatarian Aster (16 photos)...
    6 selected | 💰 $9.3138 (4,150,527 in / 1,032,648 out)
  [2849/4056] Strongly Crispate Smoothcap (16 photos)...
    6 selected | 💰 $9.3242 (4,155,298 in / 1,033,788 out)
  [2850/4056] Turgid Aulacomnium Moss (10 photos)...
    6 selected | 💰 $9.3315 (4,158,410 in / 1,034,615 out)
  [2851/4056] broad-glumed brome (16 photos)...
    6 selected | 💰 $9.3423 (4,163,135 in / 1,035,825 out)
  [2852/4056] Hairy Woodland Brome (16 photos)...
    8 selected | 💰 $9.3532 (4,168,005 in / 1,037,047 out)
  [2853/4056] Bicoloured Bryum (16 photos)...
    8 selected | 💰 $9.3634 (4,172,427 in / 1,038,198 out)
  [2854/4056] Greenwhite Sedge (11 photos)...
    6 selected | 💰 $9.3713 (4,175,921 in / 1,039,067 out)
  [2855/4056] Little Mouse-ear (15 photos)...
    6 selected | 💰 $9.3814 (4,180,808 in / 1,040,120 out)
  [2856/4056] Schuette's Hawthorn (16 photos)...
    6 selected | 💰 $9.3925 (4,185,447 in / 1,041,402 out)
  [2857/4056] Rock Pocket-moss (16 photos)...
    6 selected | 💰 $9.4026 (4,190,120 in / 1,042,486 out)
  [2859/4056] Fontinalis sphagnifolia (16 photos)...
    6 selected | 💰 $9.4129 (4,194,727 in / 1,043,642 out)
  [2861/4056] Mudmat (13 photos)...
    6 selected | 💰 $9.4217 (4,198,648 in / 1,044,612 out)
  [2862/4056] pale-leaved woodland sunflower (13 photos)...
    6 selected | 💰 $9.4308 (4,202,497 in / 1,045,651 out)
  [2863/4056] Kidneyleaf mud plantain (16 photos)...
    6 selected | 💰 $9.4413 (4,207,280 in / 1,046,803 out)
  [2864/4056] Scarlet Rosemallow (16 photos)...
    6 selected | 💰 $9.4523 (4,212,372 in / 1,047,985 out)
  [2865/4056] Shaded Wood-moss (16 photos)...
    7 selected | 💰 $9.4626 (4,217,013 in / 1,049,115 out)
  [2866/4056] Perennial Candytuft (9 photos)...
    6 selected | 💰 $9.4692 (4,219,917 in / 1,049,854 out)
  [2867/4056] Lesser Crestwort (16 photos)...
    6 selected | 💰 $9.4794 (4,224,664 in / 1,050,939 out)
  [2868/4056] taperleaf waterhorehound (16 photos)...
    7 selected | 💰 $9.4901 (4,229,282 in / 1,052,171 out)
  [2869/4056] Virginia Stock (10 photos)...
    6 selected | 💰 $9.4975 (4,232,502 in / 1,053,006 out)
  [2870/4056] Japanese silver grass (15 photos)...
    6 selected | 💰 $9.5071 (4,236,760 in / 1,054,060 out)
  [2871/4056] fall dropseed muhly (16 photos)...
    7 selected | 💰 $9.5183 (4,241,810 in / 1,055,307 out)
  [2872/4056] Scentless Mock Orange (14 photos)...
    6 selected | 💰 $9.5280 (4,245,982 in / 1,056,397 out)
  [2873/4056] Alpine Haircap Moss (16 photos)...
    8 selected | 💰 $9.5382 (4,250,444 in / 1,057,543 out)
  [2874/4056] Eastern Haircap Moss (14 photos)...
    7 selected | 💰 $9.5473 (4,254,371 in / 1,058,577 out)
  [2875/4056] Creeping cinquefoil (15 photos)...
    6 selected | 💰 $9.5576 (4,258,899 in / 1,059,745 out)
  [2876/4056] Arrow Bamboo (16 photos)...
    7 selected | 💰 $9.5682 (4,263,621 in / 1,060,910 out)
  [2877/4056] Small Yellow Water-crowfoot (16 photos)...
    6 selected | 💰 $9.5787 (4,268,258 in / 1,062,083 out)
  [2878/4056] Appalachian penny moss (11 photos)...
    5 selected | 💰 $9.5860 (4,271,649 in / 1,062,870 out)
  [2879/4056] narrowfruit horned beaksedge (16 photos)...
    6 selected | 💰 $9.5966 (4,276,523 in / 1,064,024 out)
  [2880/4056] Rhynchospora torreyana (10 photos)...
    6 selected | 💰 $9.6038 (4,279,645 in / 1,064,829 out)
  [2881/4056] Amphibious Yellowcress (16 photos)...
    7 selected | 💰 $9.6138 (4,284,264 in / 1,065,916 out)
  [2882/4056] Seabeach Dock (16 photos)...
    6 selected | 💰 $9.6242 (4,289,081 in / 1,067,027 out)
  [2883/4056] Slender Wedgescale (16 photos)...
    6 selected | 💰 $9.6343 (4,293,664 in / 1,068,120 out)
  [2884/4056] Small Twisted Moss (16 photos)...
    6 selected | 💰 $9.6451 (4,298,389 in / 1,069,339 out)
  [2886/4056] Clinton's Bulrush (16 photos)...
    6 selected | 💰 $9.6555 (4,303,079 in / 1,070,492 out)
  [2887/4056] Wych Elm (15 photos)...
    6 selected | 💰 $9.6657 (4,307,567 in / 1,071,629 out)
  [2888/4056] Green-tufted Stubble Moss (16 photos)...
    6 selected | 💰 $9.6757 (4,312,244 in / 1,072,690 out)
  [2890/4056] clasping coneflower (10 photos)...
    5 selected | 💰 $9.6826 (4,315,376 in / 1,073,450 out)
  [2891/4056] Hen Pen (16 photos)...
    6 selected | 💰 $9.6931 (4,320,390 in / 1,074,549 out)
  [2893/4056] Peanutgrass (16 photos)...
    6 selected | 💰 $9.7031 (4,324,541 in / 1,075,714 out)
  [2894/4056] Compact Rush (16 photos)...
    6 selected | 💰 $9.7144 (4,329,267 in / 1,077,026 out)
  [2895/4056] Hungarian Lilac (13 photos)...
    7 selected | 💰 $9.7241 (4,333,058 in / 1,078,207 out)
  [2896/4056] Sphagnum subfulvum (16 photos)...
    7 selected | 💰 $9.7354 (4,338,133 in / 1,079,448 out)
  [2897/4056] Liriope (14 photos)...
    6 selected | 💰 $9.7448 (4,342,212 in / 1,080,523 out)
  [2898/4056] Caucasian Comfrey (10 photos)...
    6 selected | 💰 $9.7522 (4,345,547 in / 1,081,323 out)
  [2899/4056] Golden Feather-moss (16 photos)...
    7 selected | 💰 $9.7627 (4,350,298 in / 1,082,482 out)
  [2900/4056] Water Net (16 photos)...
    6 selected | 💰 $9.7726 (4,355,082 in / 1,083,504 out)
  [2901/4056] smooth hornwort (15 photos)...
    6 selected | 💰 $9.7823 (4,359,453 in / 1,084,568 out)
  [2902/4056] European bladdernut (16 photos)...
    8 selected | 💰 $9.7934 (4,364,249 in / 1,085,823 out)
  [2903/4056] Sweet Spurge (8 photos)...
    6 selected | 💰 $9.7997 (4,366,918 in / 1,086,561 out)
  [2904/4056] Trentepohlia umbrina (13 photos)...
    6 selected | 💰 $9.8086 (4,370,828 in / 1,087,558 out)
  [2905/4056] Sphagnum beothuk (16 photos)...
    6 selected | 💰 $9.8188 (4,375,775 in / 1,088,611 out)
  [2906/4056] Cosmarium granatum (7 photos)...
    5 selected | 💰 $9.8240 (4,378,161 in / 1,089,174 out)
  [2908/4056] Cosmarium impressulum (6 photos)...
    5 selected | 💰 $9.8288 (4,380,297 in / 1,089,701 out)
  [2909/4056] Teilingia granulata (5 photos)...
    4 selected | 💰 $9.8328 (4,382,115 in / 1,090,132 out)
  [2910/4056] Dictyosphaerium ehrenbergianum (5 photos)...
    4 selected | 💰 $9.8365 (4,383,779 in / 1,090,545 out)
  [2911/4056] Micrasterias torreyi (9 photos)...
    6 selected | 💰 $9.8429 (4,386,815 in / 1,091,223 out)
  [2914/4056] Lesser Calamint (11 photos)...
    6 selected | 💰 $9.8501 (4,390,253 in / 1,091,966 out)
  [2915/4056] Ankistrodesmus fusiformis (8 photos)...
    6 selected | 💰 $9.8559 (4,392,753 in / 1,092,623 out)
  [2916/4056] Royal Mallow (8 photos)...
    6 selected | 💰 $9.8617 (4,395,282 in / 1,093,283 out)
  [2917/4056] red bistort (10 photos)...
    6 selected | 💰 $9.8690 (4,398,454 in / 1,094,108 out)
  [2918/4056] Northern Wild Comfrey (16 photos)...
    6 selected | 💰 $9.8798 (4,403,361 in / 1,095,295 out)
  [2919/4056] Chaetophora lobata (16 photos)...
    6 selected | 💰 $9.8906 (4,408,074 in / 1,096,500 out)
  [2920/4056] eastern brackenfern (16 photos)...
    6 selected | 💰 $9.9015 (4,412,855 in / 1,097,734 out)
  [2921/4056] Planotaenium interruptum (10 photos)...
    6 selected | 💰 $9.9085 (4,415,874 in / 1,098,530 out)
  [2922/4056] Eurasian maple-leaved goosefoot (8 photos)...
    5 selected | 💰 $9.9145 (4,418,464 in / 1,099,210 out)
  [2923/4056] Sphagnum missouricum (16 photos)...
    6 selected | 💰 $9.9248 (4,423,249 in / 1,100,312 out)
  [2924/4056] Staurastrum hystrix (5 photos)...
    3 selected | 💰 $9.9285 (4,425,013 in / 1,100,691 out)
  [2925/4056] Divine Bogmoss (16 photos)...
    8 selected | 💰 $9.9382 (4,429,632 in / 1,101,718 out)
  [2926/4056] Hindakia tetrachotoma (8 photos)...
    6 selected | 💰 $9.9442 (4,432,164 in / 1,102,414 out)
  [2927/4056] Desmodesmus brasiliensis (7 photos)...
    4 selected | 💰 $9.9488 (4,434,203 in / 1,102,917 out)
  [2928/4056] false bearded panic grass (16 photos)...
    Failed to parse scoring response, keeping original order
    6 selected | 💰 $9.9635 (4,438,912 in / 1,104,917 out)
  [2929/4056] pennyroyal bluecurls (6 photos)...
    5 selected | 💰 $9.9683 (4,441,069 in / 1,105,441 out)
  [2930/4056] Champia farlowii (7 photos)...
    6 selected | 💰 $9.9736 (4,443,440 in / 1,106,028 out)
  [2932/4056] Narrow-panicle Rush (16 photos)...
    6 selected | 💰 $9.9837 (4,447,989 in / 1,107,147 out)
  [2933/4056] Crataegus aquilonaris (16 photos)...
    6 selected | 💰 $9.9948 (4,452,808 in / 1,108,395 out)
  [2934/4056] Monactinus biwae (15 photos)...
    6 selected | 💰 $10.0044 (4,457,142 in / 1,109,451 out)
  [2935/4056] Toad Lily (6 photos)...
    5 selected | 💰 $10.0093 (4,459,203 in / 1,110,015 out)
  [2936/4056] stellar calcareous moss (16 photos)...
    6 selected | 💰 $10.0192 (4,463,586 in / 1,111,119 out)
  [2937/4056] small-leaf bramble (12 photos)...
    5 selected | 💰 $10.0276 (4,467,399 in / 1,112,050 out)
  [2938/4056] marsh mallow (12 photos)...
    6 selected | 💰 $10.0360 (4,471,018 in / 1,112,994 out)
  [2939/4056] milk thistle (12 photos)...
    6 selected | 💰 $10.0443 (4,474,717 in / 1,113,918 out)
  [2941/4056] Wall cotoneaster (10 photos)...
    6 selected | 💰 $10.0515 (4,477,776 in / 1,114,740 out)
  [2942/4056] common hops (15 photos)...
    6 selected | 💰 $10.0619 (4,482,246 in / 1,115,936 out)
  [2944/4056] Virginia snakeroot (16 photos)...
    5 selected | 💰 $10.0727 (4,487,023 in / 1,117,132 out)
  [2945/4056] Chinese gooseberry (6 photos)...
    5 selected | 💰 $10.0773 (4,489,036 in / 1,117,643 out)
  [2946/4056] sea kale (9 photos)...
    5 selected | 💰 $10.0842 (4,491,807 in / 1,118,471 out)
  [2947/4056] golden currant (15 photos)...
    6 selected | 💰 $10.0941 (4,496,078 in / 1,119,612 out)
  [2949/4056] Field woodrush (16 photos)...
    6 selected | 💰 $10.1048 (4,500,909 in / 1,120,770 out)
  [2951/4056] hemp agrimony (16 photos)...
    6 selected | 💰 $10.1155 (4,505,750 in / 1,121,955 out)
  [2952/4056] saltcedar (16 photos)...
    6 selected | 💰 $10.1256 (4,510,274 in / 1,123,067 out)
  [2954/4056] European mistletoe (16 photos)...
    6 selected | 💰 $10.1367 (4,514,868 in / 1,124,375 out)
  [2955/4056] bluehead gilia (16 photos)...
    7 selected | 💰 $10.1475 (4,519,674 in / 1,125,575 out)
  [2956/4056] Johnson grass (16 photos)...
    7 selected | 💰 $10.1580 (4,524,341 in / 1,126,732 out)
  [2957/4056] Hoary Plantain (13 photos)...
    6 selected | 💰 $10.1671 (4,528,350 in / 1,127,760 out)
  [2958/4056] Hairy Hawkbit (16 photos)...
    6 selected | 💰 $10.1781 (4,533,360 in / 1,128,946 out)
  [2959/4056] Spotted medick (16 photos)...
    7 selected | 💰 $10.1886 (4,538,041 in / 1,130,102 out)
  [2960/4056] Auricled Twayblade (5 photos)...
    3 selected | 💰 $10.1923 (4,539,874 in / 1,130,478 out)
  [2962/4056] Sharp-leaved Fluellen (13 photos)...
    7 selected | 💰 $10.2018 (4,544,085 in / 1,131,545 out)
  [2963/4056] Atlantic camas (8 photos)...
    4 selected | 💰 $10.2080 (4,546,751 in / 1,132,249 out)
  [2966/4056] Blue Grama (9 photos)...
    6 selected | 💰 $10.2146 (4,549,713 in / 1,132,984 out)
  [2968/4056] rough-fruit amaranth (13 photos)...
    6 selected | 💰 $10.2234 (4,553,580 in / 1,133,960 out)
  [2969/4056] green amaranth (10 photos)...
    6 selected | 💰 $10.2304 (4,556,769 in / 1,134,732 out)
  [2970/4056] Sideoats Grama (11 photos)...
    5 selected | 💰 $10.2377 (4,559,977 in / 1,135,546 out)
  [2971/4056] Japanese brome (10 photos)...
    5 selected | 💰 $10.2446 (4,563,035 in / 1,136,316 out)
  [2972/4056] tumble windmillgrass (14 photos)...
    6 selected | 💰 $10.2544 (4,567,224 in / 1,137,432 out)
  [2973/4056] marsh willowherb (14 photos)...
    7 selected | 💰 $10.2637 (4,571,286 in / 1,138,489 out)
  [2974/4056] green poinsettia (7 photos)...
    5 selected | 💰 $10.2689 (4,573,578 in / 1,139,057 out)
  [2976/4056] Glandular Baby's-breath (16 photos)...
    6 selected | 💰 $10.2790 (4,578,001 in / 1,140,205 out)
  [2977/4056] Bitterweed (12 photos)...
    6 selected | 💰 $10.2874 (4,581,846 in / 1,141,115 out)
  [2978/4056] Rough Meadow-grass (12 photos)...
    6 selected | 💰 $10.2962 (4,585,569 in / 1,142,117 out)
  [2980/4056] pacific golden dock (9 photos)...
    6 selected | 💰 $10.3026 (4,588,381 in / 1,142,835 out)
  [2983/4056] Field Elm (16 photos)...
    6 selected | 💰 $10.3137 (4,593,063 in / 1,144,133 out)
  [2984/4056] Slender Clubmoss (8 photos)...
    6 selected | 💰 $10.3200 (4,595,568 in / 1,144,881 out)
  [2985/4056] Slender Rose Gentian (13 photos)...
    6 selected | 💰 $10.3283 (4,599,039 in / 1,145,848 out)
  [2986/4056] yellow buckeye (10 photos)...
    6 selected | 💰 $10.3356 (4,602,244 in / 1,146,671 out)
  [2987/4056] northeastern bulrush (16 photos)...
    6 selected | 💰 $10.3459 (4,607,096 in / 1,147,768 out)
  [2988/4056] Hill's pondweed (16 photos)...
    6 selected | 💰 $10.3558 (4,611,301 in / 1,148,904 out)
  [2990/4056] southern blue monkshood (14 photos)...
    6 selected | 💰 $10.3652 (4,615,545 in / 1,149,930 out)
  [2991/4056] compass plant (10 photos)...
    6 selected | 💰 $10.3722 (4,618,592 in / 1,150,724 out)
  [2992/4056] slender glasswort (15 photos)...
    7 selected | 💰 $10.3822 (4,623,122 in / 1,151,806 out)
  [2993/4056] Squash (10 photos)...
    6 selected | 💰 $10.3895 (4,626,236 in / 1,152,660 out)
  [2994/4056] Dusky Fork-moss (16 photos)...
    6 selected | 💰 $10.4001 (4,631,145 in / 1,153,782 out)
  [2996/4056] Lenten-rose (6 photos)...
    4 selected | 💰 $10.4051 (4,633,278 in / 1,154,366 out)
  [2997/4056] frost grape (7 photos)...
    5 selected | 💰 $10.4105 (4,635,568 in / 1,154,985 out)
  [2998/4056] Heavenly bamboo (15 photos)...
    7 selected | 💰 $10.4209 (4,639,987 in / 1,156,175 out)
  [2999/4056] Ivy-leaved cyclamen (13 photos)...
    6 selected | 💰 $10.4298 (4,643,873 in / 1,157,179 out)
  [3000/4056] Paper mulberry (15 photos)...
    7 selected | 💰 $10.4399 (4,648,314 in / 1,158,309 out)
  [3001/4056] spreading chervil (10 photos)...
    5 selected | 💰 $10.4470 (4,651,539 in / 1,159,087 out)
  [3002/4056] climbing prairie rose (16 photos)...
    8 selected | 💰 $10.4580 (4,656,310 in / 1,160,328 out)
  [3003/4056] Globe Flatsedge (16 photos)...
    6 selected | 💰 $10.4684 (4,661,124 in / 1,161,447 out)
  [3005/4056] Spring Avens (16 photos)...
    6 selected | 💰 $10.4788 (4,665,753 in / 1,162,618 out)
  [3007/4056] Annual Seepweed (16 photos)...
    6 selected | 💰 $10.4899 (4,670,603 in / 1,163,868 out)
  [3008/4056] summer bluet (15 photos)...
    6 selected | 💰 $10.4997 (4,675,003 in / 1,164,949 out)
  [3009/4056] Livelong Saxifrage (16 photos)...
    6 selected | 💰 $10.5108 (4,679,821 in / 1,166,189 out)
  [3010/4056] Black-eyed Susan vine (16 photos)...
    6 selected | 💰 $10.5215 (4,684,332 in / 1,167,438 out)
  [3011/4056] Five-ranked Bogmoss (16 photos)...
    6 selected | 💰 $10.5326 (4,689,189 in / 1,168,685 out)
  [3012/4056] Greater Peatmoss (16 photos)...
    6 selected | 💰 $10.5429 (4,694,025 in / 1,169,777 out)
  [3013/4056] White Mullein (15 photos)...
    5 selected | 💰 $10.5536 (4,698,571 in / 1,171,004 out)
  [3014/4056] campanulate enkianthus (8 photos)...
    5 selected | 💰 $10.5598 (4,701,260 in / 1,171,710 out)
  [3015/4056] Common Lavender (7 photos)...
    5 selected | 💰 $10.5651 (4,703,517 in / 1,172,318 out)
  [3016/4056] common box (13 photos)...
    5 selected | 💰 $10.5736 (4,707,309 in / 1,173,264 out)
  [3018/4056] Le Conte's Violet (16 photos)...
    7 selected | 💰 $10.5846 (4,712,066 in / 1,174,504 out)
  [3019/4056] slickseed fuzzybean (14 photos)...
    8 selected | 💰 $10.5939 (4,716,276 in / 1,175,532 out)
  [3020/4056] Fen Peatmoss (16 photos)...
    6 selected | 💰 $10.6042 (4,720,883 in / 1,176,665 out)
  [3021/4056] Kobus magnolia (16 photos)...
    6 selected | 💰 $10.6145 (4,725,748 in / 1,177,742 out)
  [3023/4056] pale Indian plantain (13 photos)...
    6 selected | 💰 $10.6236 (4,729,504 in / 1,178,819 out)
  [3024/4056] Kneiff's hook-moss (16 photos)...
    6 selected | 💰 $10.6330 (4,734,130 in / 1,179,769 out)
  [3025/4056] Varnished Hook-moss (16 photos)...
    6 selected | 💰 $10.6426 (4,738,773 in / 1,180,773 out)
  [3026/4056] roundleaf shadbush (16 photos)...
    7 selected | 💰 $10.6530 (4,743,335 in / 1,181,942 out)
  [3028/4056] Bird's-Claw Beard-Moss (16 photos)...
    6 selected | 💰 $10.6638 (4,747,816 in / 1,183,189 out)
  [3029/4056] false aster (16 photos)...
    6 selected | 💰 $10.6747 (4,752,713 in / 1,184,398 out)
  [3030/4056] spathulate moonwort (14 photos)...
    6 selected | 💰 $10.6839 (4,756,928 in / 1,185,387 out)
  [3035/4056] hair-like sedge (12 photos)...
    6 selected | 💰 $10.6922 (4,760,541 in / 1,186,329 out)
  [3036/4056] Davis' sedge (16 photos)...
    6 selected | 💰 $10.7025 (4,764,956 in / 1,187,500 out)
  [3037/4056] Mitchell's sedge (11 photos)...
    5 selected | 💰 $10.7102 (4,768,428 in / 1,188,362 out)
  [3038/4056] Eastern Few-fruit Sedge (16 photos)...
    6 selected | 💰 $10.7202 (4,772,938 in / 1,189,444 out)
  [3039/4056] Delicate Quill Sedge (13 photos)...
    6 selected | 💰 $10.7294 (4,776,895 in / 1,190,497 out)
  [3042/4056] Maryland golden-aster (10 photos)...
    6 selected | 💰 $10.7360 (4,779,987 in / 1,191,209 out)
  [3043/4056] Dodge's Hawthorn (16 photos)...
    6 selected | 💰 $10.7466 (4,784,803 in / 1,192,364 out)
  [3044/4056] Holmes' Hawthorn (11 photos)...
    5 selected | 💰 $10.7542 (4,788,099 in / 1,193,228 out)
  [3045/4056] Broad-leaved Cockspurthorn (16 photos)...
    6 selected | 💰 $10.7652 (4,792,882 in / 1,194,467 out)
  [3046/4056] Hairy Cockspurthorn (16 photos)...
    6 selected | 💰 $10.7758 (4,797,627 in / 1,195,641 out)
  [3047/4056] Piedmont Bedstraw (13 photos)...
    6 selected | 💰 $10.7846 (4,801,603 in / 1,196,598 out)
  [3048/4056] Curvey-capsuled Thin-leaved Moss (16 photos)...
    5 selected | 💰 $10.7950 (4,806,307 in / 1,197,737 out)
  [3049/4056] Heller's Rosette Grass (16 photos)...
    7 selected | 💰 $10.8058 (4,811,127 in / 1,198,931 out)
  [3050/4056] Awned Dichelyma Moss (16 photos)...
    7 selected | 💰 $10.8149 (4,815,771 in / 1,199,834 out)
  [3051/4056] Cornel-leaf Whitetop (16 photos)...
    6 selected | 💰 $10.8257 (4,820,604 in / 1,201,016 out)
  [3052/4056] Train Track Moss (8 photos)...
    6 selected | 💰 $10.8317 (4,823,205 in / 1,201,701 out)
  [3053/4056] Small Waterwort (16 photos)...
    6 selected | 💰 $10.8421 (4,827,965 in / 1,202,824 out)
  [3054/4056] Horsetail Spikerush (16 photos)...
    6 selected | 💰 $10.8527 (4,832,730 in / 1,203,991 out)
  [3055/4056] limp mannagrass (16 photos)...
    6 selected | 💰 $10.8638 (4,837,507 in / 1,205,259 out)
  [3056/4056] Grimmia Dry Rock Moss (7 photos)...
    5 selected | 💰 $10.8691 (4,839,862 in / 1,205,844 out)
  [3057/4056] Rough False Pennyroyal (11 photos)...
    6 selected | 💰 $10.8768 (4,843,212 in / 1,206,720 out)
  [3058/4056] Fountain Feather-moss (16 photos)...
    7 selected | 💰 $10.8877 (4,847,910 in / 1,207,967 out)
  [3059/4056] tangled thread moss (16 photos)...
    7 selected | 💰 $10.8982 (4,852,515 in / 1,209,128 out)
  [3060/4056] Leggett's Pinweed (12 photos)...
    5 selected | 💰 $10.9062 (4,856,136 in / 1,210,011 out)
  [3061/4056] Micheli's Least Pouncewort (16 photos)...
    6 selected | 💰 $10.9168 (4,860,620 in / 1,211,239 out)
  [3062/4056] Long-sepal Beardtongue (9 photos)...
    5 selected | 💰 $10.9234 (4,863,384 in / 1,212,013 out)
  [3063/4056] Hawkweed Oxtongue (12 photos)...
    7 selected | 💰 $10.9320 (4,867,091 in / 1,212,987 out)
  [3064/4056] Bordered Brook Moss (16 photos)...
    6 selected | 💰 $10.9415 (4,871,840 in / 1,213,938 out)
  [3065/4056] Wavy Meadow-grass (6 photos)...
    4 selected | 💰 $10.9463 (4,873,976 in / 1,214,459 out)
  [3066/4056] Pale-fruited Thread-moss (16 photos)...
    8 selected | 💰 $10.9555 (4,878,884 in / 1,215,330 out)
  [3067/4056] Algae-like Pondweed (11 photos)...
    6 selected | 💰 $10.9634 (4,882,276 in / 1,216,234 out)
  [3068/4056] Sawtooth oak (8 photos)...
    5 selected | 💰 $10.9697 (4,884,965 in / 1,216,951 out)
  [3069/4056] Lapland Buttercup (16 photos)...
    6 selected | 💰 $10.9805 (4,889,710 in / 1,218,151 out)
  [3070/4056] Lizard Crystalwort (16 photos)...
    6 selected | 💰 $10.9907 (4,894,403 in / 1,219,255 out)
  [3071/4056] Branching Bur-reed (16 photos)...
    6 selected | 💰 $11.0007 (4,899,282 in / 1,220,284 out)
  [3072/4056] Northern Meadowsweet (7 photos)...
    Failed to parse scoring response, keeping original order
    6 selected | 💰 $11.0066 (4,901,432 in / 1,221,042 out)
  [3073/4056] Cruet Collar-moss (16 photos)...
    8 selected | 💰 $11.0178 (4,906,126 in / 1,222,336 out)
  [3074/4056] Tick Quackgrass (16 photos)...
    6 selected | 💰 $11.0262 (4,909,721 in / 1,223,287 out)
  [3075/4056] Red Sunflower (9 photos)...
    6 selected | 💰 $11.0328 (4,912,728 in / 1,224,021 out)
  [3076/4056] Korean grass (14 photos)...
    5 selected | 💰 $11.0421 (4,916,966 in / 1,225,027 out)
  [3077/4056] Elegant Zinnia (11 photos)...
    6 selected | 💰 $11.0503 (4,920,524 in / 1,225,949 out)
  [3078/4056] Bog Smartweed (16 photos)...
    6 selected | 💰 $11.0610 (4,925,521 in / 1,227,100 out)
  [3079/4056] basil-thyme (16 photos)...
    6 selected | 💰 $11.0719 (4,930,407 in / 1,228,294 out)
  [3080/4056] Torrey's eupatorium (16 photos)...
    7 selected | 💰 $11.0823 (4,935,055 in / 1,229,451 out)
  [3081/4056] Cambridge Milk-parsley (15 photos)...
    5 selected | 💰 $11.0927 (4,939,602 in / 1,230,622 out)
  [3082/4056] Michigan lily (14 photos)...
    6 selected | 💰 $11.1025 (4,943,912 in / 1,231,720 out)
  [3083/4056] Lindberg's Maple-moss (16 photos)...
    8 selected | 💰 $11.1126 (4,948,499 in / 1,232,822 out)
  [3085/4056] Heart of Jesus (15 photos)...
    7 selected | 💰 $11.1235 (4,952,989 in / 1,234,106 out)
  [3086/4056] Micrasterias americana (16 photos)...
    6 selected | 💰 $11.1335 (4,957,949 in / 1,235,101 out)
  [3087/4056] shining aster (11 photos)...
    6 selected | 💰 $11.1412 (4,961,311 in / 1,235,978 out)
  [3088/4056] Yellow onion (7 photos)...
    6 selected | 💰 $11.1467 (4,963,787 in / 1,236,582 out)
  [3089/4056] Water Violet (11 photos)...
    6 selected | 💰 $11.1545 (4,967,204 in / 1,237,465 out)
  [3090/4056] North Japanese hill cherry (12 photos)...
    7 selected | 💰 $11.1629 (4,970,674 in / 1,238,447 out)
  [3091/4056] Weak-leaf Yucca (4 photos)...
    4 selected | 💰 $11.1665 (4,972,240 in / 1,238,847 out)
  [3092/4056] Italian Toadflax (11 photos)...
    6 selected | 💰 $11.1744 (4,975,769 in / 1,239,719 out)
  [3094/4056] Atlas Poppy (10 photos)...
    5 selected | 💰 $11.1820 (4,979,189 in / 1,240,554 out)
  [3095/4056] Dusty miller (9 photos)...
    5 selected | 💰 $11.1889 (4,982,102 in / 1,241,362 out)
  [3096/4056] Java water-dropwort (11 photos)...
    5 selected | 💰 $11.1966 (4,985,416 in / 1,242,239 out)
  [3097/4056] doubtful knight's-spur (8 photos)...
    5 selected | 💰 $11.2029 (4,987,890 in / 1,243,006 out)
  [3098/4056] green rope (16 photos)...
    7 selected | 💰 $11.2134 (4,992,598 in / 1,244,155 out)
  [3099/4056] Crocus sublimis (8 photos)...
    5 selected | 💰 $11.2196 (4,995,482 in / 1,244,820 out)
  [3100/4056] white Forsythia (6 photos)...
    4 selected | 💰 $11.2244 (4,997,618 in / 1,245,362 out)
  [3101/4056] large-flowered barrenwort (6 photos)...
    4 selected | 💰 $11.2293 (4,999,829 in / 1,245,885 out)
  [3103/4056] Botryococcus braunii (14 photos)...
    6 selected | 💰 $11.2384 (5,003,920 in / 1,246,887 out)
  [3104/4056] Pleurotaenium nodosum (9 photos)...
    5 selected | 💰 $11.2447 (5,006,482 in / 1,247,639 out)
  [3105/4056] Kirchneriella lunaris (4 photos)...
    4 selected | 💰 $11.2481 (5,008,104 in / 1,247,994 out)
  [3106/4056] Staurastrum hirsutum (9 photos)...
    6 selected | 💰 $11.2547 (5,010,872 in / 1,248,764 out)
  [3107/4056] Staurastrum wolleanum (5 photos)...
    4 selected | 💰 $11.2585 (5,012,710 in / 1,249,168 out)
  [3108/4056] Closterium moniliferum (6 photos)...
    5 selected | 💰 $11.2632 (5,014,654 in / 1,249,713 out)
  [3109/4056] Gonium pectorale (7 photos)...
    5 selected | 💰 $11.2683 (5,016,789 in / 1,250,311 out)
  [3110/4056] Hyalotheca mucosa (12 photos)...
    6 selected | 💰 $11.2760 (5,020,159 in / 1,251,175 out)
  [3111/4056] Staurastrum avicula (5 photos)...
    3 selected | 💰 $11.2799 (5,021,833 in / 1,251,611 out)
  [3112/4056] Euastrum didelta (4 photos)...
    4 selected | 💰 $11.2833 (5,023,363 in / 1,251,995 out)
  [3113/4056] Micrasterias conferta (8 photos)...
    6 selected | 💰 $11.2894 (5,026,039 in / 1,252,675 out)
  [3114/4056] Euastrum insigne (4 photos)...
    3 selected | 💰 $11.2925 (5,027,479 in / 1,253,008 out)
  [3115/4056] Monster Pawwort (7 photos)...
    5 selected | 💰 $11.2975 (5,029,617 in / 1,253,580 out)
  [3116/4056] delicate stonewort (16 photos)...
    6 selected | 💰 $11.3081 (5,034,306 in / 1,254,751 out)
  [3117/4056] Red-stalked evening primrose (14 photos)...
    7 selected | 💰 $11.3180 (5,038,499 in / 1,255,891 out)
  [3118/4056] Cylindrocystis brebissonii (4 photos)...
    4 selected | 💰 $11.3213 (5,040,074 in / 1,256,247 out)
  [3119/4056] Asian lady's thumb (13 photos)...
    6 selected | 💰 $11.3305 (5,043,977 in / 1,257,300 out)
  [3120/4056] Cosmarium phaseolus (3 photos)...
    3 selected | 💰 $11.3331 (5,045,223 in / 1,257,578 out)
  [3121/4056] Closterium dianae (9 photos)...
    6 selected | 💰 $11.3395 (5,048,023 in / 1,258,298 out)
  [3122/4056] Asterococcus superbus (7 photos)...
    5 selected | 💰 $11.3447 (5,050,342 in / 1,258,864 out)
  [3123/4056] Cosmarium subcucumis (3 photos)...
    3 selected | 💰 $11.3476 (5,051,696 in / 1,259,173 out)
  [3124/4056] Staurastrum elongatum (5 photos)...
    5 selected | 💰 $11.3515 (5,053,496 in / 1,259,595 out)
  [3125/4056] Cosmarium margaritatum (4 photos)...
    3 selected | 💰 $11.3548 (5,055,046 in / 1,259,944 out)
  [3126/4056] Porphyra linearis (16 photos)...
    6 selected | 💰 $11.3655 (5,059,811 in / 1,261,129 out)
  [3127/4056] Cosmarium pyramidatum (3 photos)...
    2 selected | 💰 $11.3685 (5,061,181 in / 1,261,458 out)
  [3128/4056] Staurastrum margaritaceum (4 photos)...
    3 selected | 💰 $11.3719 (5,062,719 in / 1,261,827 out)
  [3129/4056] Closterium setaceum (7 photos)...
    5 selected | 💰 $11.3769 (5,064,857 in / 1,262,404 out)
  [3130/4056] Pleurotaenium coronatum (8 photos)...
    6 selected | 💰 $11.3826 (5,067,447 in / 1,263,032 out)
  [3131/4056] Clawed Forked Weed (5 photos)...
    4 selected | 💰 $11.3872 (5,069,360 in / 1,263,577 out)
  [3132/4056] Jagged Notchwort (15 photos)...
    6 selected | 💰 $11.3969 (5,073,805 in / 1,264,612 out)
  [3133/4056] Rolling Hen-and-chicks (9 photos)...
    6 selected | 💰 $11.4037 (5,076,929 in / 1,265,359 out)
  [3134/4056] Chain Pincerwort (16 photos)...
    7 selected | 💰 $11.4142 (5,081,627 in / 1,266,508 out)
  [3135/4056] Micrasterias thomasiana (9 photos)...
    6 selected | 💰 $11.4208 (5,084,627 in / 1,267,225 out)
  [3136/4056] Pond Crystalwort (16 photos)...
    8 selected | 💰 $11.4307 (5,089,535 in / 1,268,240 out)
  [3137/4056] Common Feather-moss (16 photos)...
    6 selected | 💰 $11.4413 (5,094,211 in / 1,269,413 out)
  [3138/4056] Hygrohypnum Moss (16 photos)...
    7 selected | 💰 $11.4507 (5,098,837 in / 1,270,380 out)
  [3139/4056] Stephanosphaera pluvialis (16 photos)...
    5 selected | 💰 $11.4613 (5,104,364 in / 1,271,392 out)
  [3140/4056] Euastrum pinnatum (4 photos)...
    3 selected | 💰 $11.4645 (5,105,732 in / 1,271,755 out)
  [3141/4056] Cosmarium eloiseanum (8 photos)...
    6 selected | 💰 $11.4707 (5,108,552 in / 1,272,426 out)
  [3142/4056] Antithamnion hubbsii (14 photos)...
    6 selected | 💰 $11.4795 (5,112,641 in / 1,273,380 out)
  [3143/4056] Asperifolia sullivantii (16 photos)...
    8 selected | 💰 $11.4882 (5,116,836 in / 1,274,273 out)
  [3144/4056] spike trisetum (16 photos)...
    6 selected | 💰 $11.4991 (5,121,503 in / 1,275,516 out)
  [3145/4056] Cuscuta saururi (12 photos)...
    6 selected | 💰 $11.5068 (5,125,140 in / 1,276,337 out)
  [3146/4056] Virginia bunchflower (16 photos)...
    7 selected | 💰 $11.5174 (5,129,841 in / 1,277,510 out)
  [3147/4056] Purple Chinese Houses (16 photos)...
    Failed to parse scoring response, keeping original order
    6 selected | 💰 $11.5292 (5,134,632 in / 1,278,904 out)
  [3148/4056] coralbells (7 photos)...
    5 selected | 💰 $11.5350 (5,137,105 in / 1,279,577 out)
  [3149/4056] Painted-cup Paintbrush (14 photos)...
    6 selected | 💰 $11.5444 (5,141,077 in / 1,280,664 out)
  [3150/4056] Douglas' meadowfoam (7 photos)...
    5 selected | 💰 $11.5503 (5,143,603 in / 1,281,345 out)
  [3151/4056] purple passionflower (12 photos)...
    6 selected | 💰 $11.5586 (5,147,240 in / 1,282,262 out)
  [3152/4056] Perfoliate Honeysuckle (15 photos)...
    6 selected | 💰 $11.5693 (5,151,648 in / 1,283,528 out)
  [3154/4056] common soft brome (16 photos)...
    6 selected | 💰 $11.5799 (5,156,425 in / 1,284,690 out)
  [3155/4056] American yellowrocket (10 photos)...
    6 selected | 💰 $11.5869 (5,159,646 in / 1,285,458 out)
  [3156/4056] chia (10 photos)...
    5 selected | 💰 $11.5944 (5,162,847 in / 1,286,316 out)
  [3157/4056] nodding chickweed (16 photos)...
    6 selected | 💰 $11.6045 (5,167,497 in / 1,287,402 out)
  [3158/4056] Dwarf Nettle (10 photos)...
    5 selected | 💰 $11.6116 (5,170,721 in / 1,288,171 out)
  [3160/4056] Bieberstein's Crocus (8 photos)...
    6 selected | 💰 $11.6175 (5,173,247 in / 1,288,849 out)
  [3161/4056] small-flowered tamarisk (16 photos)...
    6 selected | 💰 $11.6280 (5,178,046 in / 1,289,987 out)
  [3162/4056] Grey-cushioned Grimmia (10 photos)...
    6 selected | 💰 $11.6349 (5,181,168 in / 1,290,738 out)
  [3163/4056] Comb Liverwort (16 photos)...
    6 selected | 💰 $11.6446 (5,185,825 in / 1,291,754 out)
  [3165/4056] Intermediate Cinquefoil (8 photos)...
    6 selected | 💰 $11.6506 (5,188,476 in / 1,292,425 out)
  [3166/4056] trailing pearlwort (12 photos)...
    6 selected | 💰 $11.6590 (5,192,179 in / 1,293,365 out)
  [3167/4056] fava bean (7 photos)...
    6 selected | 💰 $11.6643 (5,194,469 in / 1,293,967 out)
  [3168/4056] prairie smoke (13 photos)...
    6 selected | 💰 $11.6727 (5,198,365 in / 1,294,873 out)
  [3170/4056] field marigold (13 photos)...
    6 selected | 💰 $11.6819 (5,202,474 in / 1,295,889 out)
  [3171/4056] European Globeflower (13 photos)...
    5 selected | 💰 $11.6906 (5,206,357 in / 1,296,850 out)
  [3172/4056] Small-flowered Crane's-bill (16 photos)...
    5 selected | 💰 $11.7010 (5,211,285 in / 1,297,948 out)
  [3173/4056] willow dock (10 photos)...
    6 selected | 💰 $11.7082 (5,214,419 in / 1,298,762 out)
  [3174/4056] field sedge (14 photos)...
    6 selected | 💰 $11.7180 (5,218,604 in / 1,299,880 out)
  [3175/4056] perennial flax (5 photos)...
    4 selected | 💰 $11.7222 (5,220,395 in / 1,300,366 out)
  [3176/4056] twinberry honeysuckle (13 photos)...
    6 selected | 💰 $11.7311 (5,224,404 in / 1,301,347 out)
  [3177/4056] Chinese motherwort (10 photos)...
    6 selected | 💰 $11.7384 (5,227,499 in / 1,302,177 out)
  [3178/4056] Papaya (14 photos)...
    6 selected | 💰 $11.7478 (5,231,659 in / 1,303,219 out)
  [3179/4056] American Sicklepod (13 photos)...
    6 selected | 💰 $11.7571 (5,235,652 in / 1,304,283 out)
  [3180/4056] sweet potato (12 photos)...
    6 selected | 💰 $11.7655 (5,239,428 in / 1,305,211 out)
  [3181/4056] Lesser Balloon Vine (13 photos)...
    8 selected | 💰 $11.7742 (5,243,217 in / 1,306,203 out)
  [3182/4056] purple prairie clover (7 photos)...
    4 selected | 💰 $11.7800 (5,245,636 in / 1,306,882 out)
  [3183/4056] Canary Islands Ivy (9 photos)...
    5 selected | 💰 $11.7864 (5,248,537 in / 1,307,571 out)
  [3184/4056] ginkgo (13 photos)...
    6 selected | 💰 $11.7944 (5,252,438 in / 1,308,398 out)
  [3185/4056] Hypnea musciformis (11 photos)...
    7 selected | 💰 $11.8015 (5,255,613 in / 1,309,179 out)
  [3186/4056] Ohio buckeye (16 photos)...
    6 selected | 💰 $11.8121 (5,260,153 in / 1,310,393 out)
  [3187/4056] Delta Arrowhead (14 photos)...
    6 selected | 💰 $11.8212 (5,264,363 in / 1,311,377 out)
  [3189/4056] short-awn foxtail (16 photos)...
    6 selected | 💰 $11.8318 (5,269,018 in / 1,312,557 out)
  [3190/4056] African Asparagus (5 photos)...
    4 selected | 💰 $11.8360 (5,270,742 in / 1,313,045 out)
  [3191/4056] rapeseed (16 photos)...
    6 selected | 💰 $11.8451 (5,275,534 in / 1,313,913 out)
  [3192/4056] Meadow Brome (16 photos)...
    6 selected | 💰 $11.8558 (5,280,456 in / 1,315,074 out)
  [3193/4056] northern sedge (13 photos)...
    6 selected | 💰 $11.8644 (5,284,571 in / 1,315,975 out)
  [3194/4056] Isle of Man Cabbage (10 photos)...
    6 selected | 💰 $11.8720 (5,287,739 in / 1,316,843 out)
  [3195/4056] purple viper's-bugloss (11 photos)...
    6 selected | 💰 $11.8799 (5,291,070 in / 1,317,769 out)
  [3197/4056] Few-flower Spikerush (11 photos)...
    7 selected | 💰 $11.8872 (5,294,350 in / 1,318,571 out)
  [3198/4056] Little Lovegrass (15 photos)...
    6 selected | 💰 $11.8970 (5,298,535 in / 1,319,697 out)
  [3199/4056] Jersey Love-grass (16 photos)...
    7 selected | 💰 $11.9080 (5,303,258 in / 1,320,945 out)
  [3200/4056] David's spurge (16 photos)...
    6 selected | 💰 $11.9184 (5,308,125 in / 1,322,063 out)
  [3201/4056] fishpole bamboo (14 photos)...
    6 selected | 💰 $11.9282 (5,312,170 in / 1,323,196 out)
  [3202/4056] shining pondweed (16 photos)...
    7 selected | 💰 $11.9387 (5,316,825 in / 1,324,379 out)
  [3203/4056] slender bulrush (4 photos)...
    3 selected | 💰 $11.9424 (5,318,498 in / 1,324,785 out)
  [3204/4056] False London-rocket (16 photos)...
    6 selected | 💰 $11.9524 (5,323,259 in / 1,325,832 out)
  [3205/4056] lowland brittle fern (11 photos)...
    6 selected | 💰 $11.9607 (5,326,846 in / 1,326,771 out)
  [3206/4056] Common Kidney-Vetch (12 photos)...
    7 selected | 💰 $11.9694 (5,330,444 in / 1,327,799 out)
  [3207/4056] catbird grape (4 photos)...
    3 selected | 💰 $11.9730 (5,332,020 in / 1,328,205 out)
  [3208/4056] oakleaf hydrangea (6 photos)...
    5 selected | 💰 $11.9779 (5,334,156 in / 1,328,743 out)
  [3209/4056] dwarf huckleberry (8 photos)...
    6 selected | 💰 $11.9838 (5,336,844 in / 1,329,399 out)
  [3210/4056] leafcup (16 photos)...
    6 selected | 💰 $11.9945 (5,341,686 in / 1,330,572 out)
  [3211/4056] watermelon snow (8 photos)...
    5 selected | 💰 $12.0004 (5,344,076 in / 1,331,257 out)
  [3212/4056] stalked bulrush (11 photos)...
    6 selected | 💰 $12.0082 (5,347,516 in / 1,332,129 out)
  [3213/4056] wax myrtle (8 photos)...
    5 selected | 💰 $12.0140 (5,350,259 in / 1,332,755 out)
  [3214/4056] willow oak (11 photos)...
    6 selected | 💰 $12.0214 (5,353,425 in / 1,333,586 out)
  [3215/4056] red morning glory (6 photos)...
    4 selected | 💰 $12.0260 (5,355,450 in / 1,334,117 out)
  [3216/4056] bluemink (16 photos)...
    6 selected | 💰 $12.0373 (5,360,511 in / 1,335,361 out)
  [3217/4056] devil's bit (11 photos)...
    6 selected | 💰 $12.0452 (5,363,924 in / 1,336,264 out)
  [3218/4056] Japanese Chestnut (13 photos)...
    7 selected | 💰 $12.0541 (5,367,862 in / 1,337,245 out)
  [3219/4056] saw greenbrier (13 photos)...
    6 selected | 💰 $12.0630 (5,371,656 in / 1,338,263 out)
  [3220/4056] Lily Magnolia (13 photos)...
    7 selected | 💰 $12.0716 (5,375,540 in / 1,339,219 out)
  [3221/4056] star magnolia (16 photos)...
    7 selected | 💰 $12.0824 (5,380,332 in / 1,340,409 out)
  [3222/4056] American alumroot (9 photos)...
    5 selected | 💰 $12.0888 (5,383,213 in / 1,341,119 out)
  [3225/4056] creeping lespedeza (6 photos)...
    4 selected | 💰 $12.0935 (5,385,312 in / 1,341,635 out)
  [3226/4056] Devil's-bit Scabious (14 photos)...
    7 selected | 💰 $12.1028 (5,389,574 in / 1,342,644 out)
  [3228/4056] Trailing Snapdragon (8 photos)...
    5 selected | 💰 $12.1086 (5,392,047 in / 1,343,310 out)
  [3229/4056] Carolina Rhododendron (16 photos)...
    6 selected | 💰 $12.1190 (5,396,699 in / 1,344,468 out)
  [3230/4056] corn gromwell (15 photos)...
    6 selected | 💰 $12.1294 (5,401,315 in / 1,345,608 out)
  [3233/4056] Northern Reedgrass (7 photos)...
    5 selected | 💰 $12.1346 (5,403,666 in / 1,346,179 out)
  [3234/4056] Japanese Flatsedge (10 photos)...
    6 selected | 💰 $12.1417 (5,406,909 in / 1,346,965 out)
  [3235/4056] Savannah False Pimpernel (12 photos)...
    6 selected | 💰 $12.1501 (5,410,603 in / 1,347,894 out)
  [3236/4056] Sticky Sage (13 photos)...
    6 selected | 💰 $12.1591 (5,414,557 in / 1,348,902 out)
  [3237/4056] Tatarian Maple (15 photos)...
    6 selected | 💰 $12.1690 (5,419,067 in / 1,349,991 out)
  [3238/4056] American smoketree (11 photos)...
    6 selected | 💰 $12.1768 (5,422,503 in / 1,350,862 out)
  [3239/4056] Slim-flower Muhly (16 photos)...
    6 selected | 💰 $12.1870 (5,427,211 in / 1,351,965 out)
  [3240/4056] Job's Tears (11 photos)...
    6 selected | 💰 $12.1950 (5,430,542 in / 1,352,900 out)
  [3241/4056] Scented hosta (4 photos)...
    4 selected | 💰 $12.1986 (5,432,104 in / 1,353,303 out)
  [3242/4056] Leopardplant (10 photos)...
    6 selected | 💰 $12.2061 (5,435,304 in / 1,354,166 out)
  [3243/4056] Stiff Yellow Flax (16 photos)...
    7 selected | 💰 $12.2167 (5,440,027 in / 1,355,335 out)
  [3244/4056] swamp lousewort (11 photos)...
    5 selected | 💰 $12.2247 (5,443,523 in / 1,356,236 out)
  [3245/4056] silky wild rye (13 photos)...
    6 selected | 💰 $12.2332 (5,447,423 in / 1,357,157 out)
  [3246/4056] common dogwood (12 photos)...
    6 selected | 💰 $12.2417 (5,451,055 in / 1,358,138 out)
  [3247/4056] Trematodon ambiguus (6 photos)...
    5 selected | 💰 $12.2462 (5,452,980 in / 1,358,650 out)
  [3248/4056] Oconee bells (5 photos)...
    4 selected | 💰 $12.2502 (5,454,794 in / 1,359,078 out)
  [3249/4056] Rusty Ragged Moss (16 photos)...
    6 selected | 💰 $12.2608 (5,459,296 in / 1,360,310 out)
  [3250/4056] Umbrella-leaf (11 photos)...
    5 selected | 💰 $12.2685 (5,462,625 in / 1,361,180 out)
  [3251/4056] purple giant hyssop (11 photos)...
    5 selected | 💰 $12.2766 (5,466,120 in / 1,362,098 out)
  [3252/4056] Velvet Lady's-mantle (6 photos)...
    5 selected | 💰 $12.2815 (5,468,256 in / 1,362,639 out)
  [3253/4056] Low Serviceberry (15 photos)...
    6 selected | 💰 $12.2913 (5,472,781 in / 1,363,710 out)
  [3254/4056] Knothole Moss (13 photos)...
    6 selected | 💰 $12.2997 (5,476,691 in / 1,364,595 out)
  [3255/4056] Forked Three-awn Grass (9 photos)...
    6 selected | 💰 $12.3064 (5,479,669 in / 1,365,341 out)
  [3256/4056] Babington's Orache (8 photos)...
    5 selected | 💰 $12.3125 (5,482,579 in / 1,365,984 out)
  [3257/4056] Prairie Brome (12 photos)...
    6 selected | 💰 $12.3208 (5,486,174 in / 1,366,929 out)
  [3258/4056] Pickering's Reed Bentgrass (16 photos)...
    6 selected | 💰 $12.3315 (5,490,905 in / 1,368,119 out)
  [3259/4056] Bog Pouchwort (16 photos)...
    8 selected | 💰 $12.3418 (5,495,818 in / 1,369,200 out)
  [3260/4056] Canterbury-bells (7 photos)...
    4 selected | 💰 $12.3472 (5,498,161 in / 1,369,803 out)
  [3261/4056] foxtail sedge (4 photos)...
    Failed to parse scoring response, keeping original order
    4 selected | 💰 $12.3512 (5,499,760 in / 1,370,295 out)
  [3262/4056] thin-leaved sedge (8 photos)...
    5 selected | 💰 $12.3572 (5,502,413 in / 1,370,965 out)
  [3263/4056] creeping sedge (16 photos)...
    6 selected | 💰 $12.3678 (5,507,010 in / 1,372,163 out)
  [3264/4056] Slender Loose-flowered Sedge (16 photos)...
    6 selected | 💰 $12.3786 (5,511,882 in / 1,373,338 out)
  [3265/4056] Heavy-fruited Sedge (16 photos)...
    6 selected | 💰 $12.3887 (5,516,210 in / 1,374,493 out)
  [3266/4056] smooth-sheathed sedge (9 photos)...
    4 selected | 💰 $12.3955 (5,519,150 in / 1,375,273 out)
  [3267/4056] Troublesome Sedge (7 photos)...
    5 selected | 💰 $12.4011 (5,521,604 in / 1,375,891 out)
  [3268/4056] Reflexed Sedge (14 photos)...
    6 selected | 💰 $12.4107 (5,525,845 in / 1,376,973 out)
  [3269/4056] Richardson's Sedge (10 photos)...
    6 selected | 💰 $12.4180 (5,528,977 in / 1,377,800 out)
  [3270/4056] russet sedge (13 photos)...
    6 selected | 💰 $12.4269 (5,532,805 in / 1,378,828 out)
  [3271/4056] Eastern Straw Sedge (14 photos)...
    6 selected | 💰 $12.4364 (5,537,028 in / 1,379,875 out)
  [3272/4056] sheathed sedge (16 photos)...
    5 selected | 💰 $12.4467 (5,541,427 in / 1,381,049 out)
  [3273/4056] Willdenow's Sedge (7 photos)...
    5 selected | 💰 $12.4523 (5,544,011 in / 1,381,664 out)
  [3274/4056] Dwarf Mouse-ear (9 photos)...
    6 selected | 💰 $12.4588 (5,546,967 in / 1,382,376 out)
  [3275/4056] Fig-leaved Goosefoot (6 photos)...
    4 selected | 💰 $12.4638 (5,549,072 in / 1,382,947 out)
  [3276/4056] Helmet-moss (12 photos)...
    7 selected | 💰 $12.4709 (5,552,675 in / 1,383,652 out)
  [3277/4056] lobed coreopsis (12 photos)...
    6 selected | 💰 $12.4794 (5,556,431 in / 1,384,600 out)
  [3278/4056] Brainerd's Hawthorn (16 photos)...
    6 selected | 💰 $12.4901 (5,561,250 in / 1,385,760 out)
  [3279/4056] grove hawthorn (5 photos)...
    5 selected | 💰 $12.4944 (5,563,240 in / 1,386,226 out)
  [3280/4056] Sessile Dodder (13 photos)...
    6 selected | 💰 $12.5039 (5,567,342 in / 1,387,307 out)
  [3281/4056] Pinebarren Flatsedge (13 photos)...
    6 selected | 💰 $12.5126 (5,571,249 in / 1,388,278 out)
  [3282/4056] Ontario Dicranum Moss (12 photos)...
    7 selected | 💰 $12.5207 (5,574,906 in / 1,389,150 out)
  [3283/4056] Fall Witchgrass (12 photos)...
    5 selected | 💰 $12.5289 (5,578,593 in / 1,390,064 out)
  [3286/4056] tiny lovegrass (14 photos)...
    6 selected | 💰 $12.5383 (5,582,745 in / 1,391,114 out)
  [3287/4056] Grassleaf Spurge (13 photos)...
    6 selected | 💰 $12.5475 (5,586,776 in / 1,392,138 out)
  [3289/4056] slender aster (6 photos)...
    5 selected | 💰 $12.5521 (5,588,922 in / 1,392,635 out)
  [3290/4056] Maidenhair Pocket Moss (16 photos)...
    6 selected | 💰 $12.5627 (5,593,475 in / 1,393,837 out)
  [3291/4056] Fissidens bushii (16 photos)...
    8 selected | 💰 $12.5729 (5,598,185 in / 1,394,945 out)
  [3292/4056] fan moss (16 photos)...
    6 selected | 💰 $12.5832 (5,602,895 in / 1,396,053 out)
  [3293/4056] Greenstem Forsythia (4 photos)...
    3 selected | 💰 $12.5867 (5,604,495 in / 1,396,441 out)
  [3294/4056] Northern Stickseed (16 photos)...
    6 selected | 💰 $12.5971 (5,609,165 in / 1,397,584 out)
  [3295/4056] Smooth Rupturewort (9 photos)...
    6 selected | 💰 $12.6036 (5,612,068 in / 1,398,297 out)
  [3296/4056] Robinson's Hawkweed (16 photos)...
    6 selected | 💰 $12.6136 (5,616,593 in / 1,399,407 out)
  [3297/4056] Narrow-leaved Plantain-lily (4 photos)...
    4 selected | 💰 $12.6170 (5,618,088 in / 1,399,774 out)
  [3298/4056] Hairy St John's-wort (16 photos)...
    6 selected | 💰 $12.6282 (5,622,802 in / 1,401,080 out)
  [3299/4056] Chinese holly (10 photos)...
    6 selected | 💰 $12.6351 (5,625,804 in / 1,401,861 out)
  [3300/4056] True Indigo (12 photos)...
    6 selected | 💰 $12.6440 (5,629,708 in / 1,402,865 out)
  [3301/4056] Engelmann's quillwort (16 photos)...
    7 selected | 💰 $12.6538 (5,634,259 in / 1,403,902 out)
  [3302/4056] Tuckerman's quillwort (4 photos)...
    3 selected | 💰 $12.6572 (5,635,597 in / 1,404,328 out)
  [3303/4056] Isopterygium Moss (16 photos)...
    7 selected | 💰 $12.6672 (5,640,167 in / 1,405,407 out)
  [3304/4056] Hard Rush (13 photos)...
    5 selected | 💰 $12.6757 (5,643,943 in / 1,406,346 out)
  [3305/4056] pale vetchling (16 photos)...
    6 selected | 💰 $12.6861 (5,648,758 in / 1,407,477 out)
  [3306/4056] Golden Thread-moss (13 photos)...
    6 selected | 💰 $12.6955 (5,652,646 in / 1,408,566 out)
  [3307/4056] Graceful Chain Moss (16 photos)...
    8 selected | 💰 $12.7063 (5,657,159 in / 1,409,822 out)
  [3308/4056] lyme grass (16 photos)...
    6 selected | 💰 $12.7152 (5,661,485 in / 1,410,749 out)
  [3309/4056] Grape Honeysuckle (10 photos)...
    5 selected | 💰 $12.7223 (5,664,640 in / 1,411,523 out)
  [3310/4056] Speckled Rustwort (14 photos)...
    7 selected | 💰 $12.7313 (5,668,819 in / 1,412,499 out)
  [3311/4056] Hairy Veilwort (16 photos)...
    7 selected | 💰 $12.7416 (5,673,571 in / 1,413,603 out)
  [3313/4056] Wirestem Muhly (16 photos)...
    6 selected | 💰 $12.7524 (5,678,387 in / 1,414,805 out)
  [3314/4056] jasmine tobacco (13 photos)...
    6 selected | 💰 $12.7610 (5,682,052 in / 1,415,788 out)
  [3315/4056] Aztec Tobacco (16 photos)...
    6 selected | 💰 $12.7713 (5,686,631 in / 1,416,937 out)
  [3316/4056] Philadelphia panic grass (16 photos)...
    6 selected | 💰 $12.7815 (5,691,208 in / 1,418,056 out)
  [3317/4056] alpine thyme-moss (7 photos)...
    3 selected | 💰 $12.7867 (5,693,486 in / 1,418,648 out)
  [3318/4056] Pohlia bulbifera (8 photos)...
    5 selected | 💰 $12.7925 (5,696,051 in / 1,419,286 out)
  [3319/4056] Vasey's Pondweed (6 photos)...
    4 selected | 💰 $12.7973 (5,698,192 in / 1,419,823 out)
  [3320/4056] Flowering Almond (11 photos)...
    6 selected | 💰 $12.8049 (5,701,629 in / 1,420,662 out)
  [3321/4056] Nanking Cherry (10 photos)...
    6 selected | 💰 $12.8123 (5,704,759 in / 1,421,517 out)
  [3322/4056] Hoary Fringe-moss (15 photos)...
    7 selected | 💰 $12.8226 (5,709,114 in / 1,422,691 out)
  [3323/4056] Rubus multispinus (7 photos)...
    5 selected | 💰 $12.8281 (5,711,515 in / 1,423,313 out)
  [3324/4056] pugnacious blackberry (16 photos)...
    6 selected | 💰 $12.8384 (5,716,184 in / 1,424,443 out)
  [3325/4056] Sickle-leaved Hook-moss (16 photos)...
    7 selected | 💰 $12.8488 (5,720,917 in / 1,425,571 out)
  [3326/4056] Mexican Stonecrop (10 photos)...
    6 selected | 💰 $12.8563 (5,724,086 in / 1,426,435 out)
  [3327/4056] Donn's Rock-bristle (16 photos)...
    6 selected | 💰 $12.8670 (5,728,870 in / 1,427,633 out)
  [3328/4056] Twisted Bog-moss (16 photos)...
    6 selected | 💰 $12.8774 (5,733,581 in / 1,428,773 out)
  [3329/4056] Streamside Sphagnum (5 photos)...
    4 selected | 💰 $12.8813 (5,735,345 in / 1,429,191 out)
  [3330/4056] Shiny Wedgegrass (9 photos)...
    6 selected | 💰 $12.8876 (5,738,124 in / 1,429,903 out)
  [3331/4056] Anticosti aster (16 photos)...
    6 selected | 💰 $12.8988 (5,742,972 in / 1,431,170 out)
  [3332/4056] Rough Comfrey (16 photos)...
    6 selected | 💰 $12.9102 (5,747,607 in / 1,432,524 out)
  [3333/4056] Fen Dandelion (12 photos)...
    6 selected | 💰 $12.9184 (5,751,150 in / 1,433,446 out)
  [3334/4056] Taxiphyllum deplanatum (16 photos)...
    7 selected | 💰 $12.9288 (5,755,647 in / 1,434,623 out)
  [3335/4056] Narrow Cruet-moss (16 photos)...
    8 selected | 💰 $12.9380 (5,760,305 in / 1,435,535 out)
  [3336/4056] Brown's Four-toothed Moss (5 photos)...
    3 selected | 💰 $12.9418 (5,761,951 in / 1,435,979 out)
  [3337/4056] Powdery thalia (10 photos)...
    6 selected | 💰 $12.9487 (5,764,979 in / 1,436,740 out)
  [3338/4056] Veiny Meadow-rue (12 photos)...
    Failed to parse scoring response, keeping original order
    6 selected | 💰 $12.9579 (5,768,637 in / 1,437,848 out)
  [3340/4056] Large Cut Notchwort (16 photos)...
    6 selected | 💰 $12.9687 (5,773,566 in / 1,439,023 out)
  [3341/4056] Narrowleaf Vervain (5 photos)...
    4 selected | 💰 $12.9727 (5,775,306 in / 1,439,479 out)
  [3342/4056] Garden Huckleberry (14 photos)...
    6 selected | 💰 $12.9828 (5,779,747 in / 1,440,605 out)
  [3343/4056] american hops (16 photos)...
    7 selected | 💰 $12.9936 (5,784,486 in / 1,441,824 out)
  [3344/4056] Chaetomorpha melagonium (3 photos)...
    1 selected | 💰 $12.9962 (5,785,645 in / 1,442,115 out)
  [3345/4056] rusty rock (5 photos)...
    4 selected | 💰 $13.0003 (5,787,532 in / 1,442,550 out)
  [3346/4056] Gracilaria tikvahiae (16 photos)...
    6 selected | 💰 $13.0106 (5,792,156 in / 1,443,694 out)
  [3348/4056] Rhodomela confervoides (3 photos)...
    3 selected | 💰 $13.0134 (5,793,402 in / 1,443,999 out)
  [3349/4056] Chinese Angelica-tree (9 photos)...
    6 selected | 💰 $13.0201 (5,796,284 in / 1,444,763 out)
  [3350/4056] Dark Columbine (11 photos)...
    6 selected | 💰 $13.0279 (5,799,756 in / 1,445,638 out)
  [3351/4056] Siam weed (12 photos)...
    6 selected | 💰 $13.0362 (5,803,315 in / 1,446,586 out)
  [3352/4056] prostrate sandmat (10 photos)...
    6 selected | 💰 $13.0436 (5,806,574 in / 1,447,398 out)
  [3353/4056] Marsh Tickseed (8 photos)...
    5 selected | 💰 $13.0494 (5,809,260 in / 1,448,035 out)
  [3354/4056] Sitka clubmoss (16 photos)...
    7 selected | 💰 $13.0602 (5,813,905 in / 1,449,268 out)
  [3355/4056] Narrow-fruited Watercress (16 photos)...
    8 selected | 💰 $13.0709 (5,818,760 in / 1,450,438 out)
  [3356/4056] Stout Smartweed (16 photos)...
    7 selected | 💰 $13.0814 (5,823,721 in / 1,451,535 out)
  [3357/4056] Nuttall's Lobelia (8 photos)...
    4 selected | 💰 $13.0873 (5,826,251 in / 1,452,209 out)
  [3359/4056] Slender False Pimpernel (15 photos)...
    7 selected | 💰 $13.0969 (5,830,588 in / 1,453,265 out)
  [3361/4056] Sesame (12 photos)...
    6 selected | 💰 $13.1054 (5,834,292 in / 1,454,222 out)
  [3362/4056] Rusty Foxglove (8 photos)...
    6 selected | 💰 $13.1115 (5,836,929 in / 1,454,907 out)
  [3363/4056] Ankistrodesmus falcatus (4 photos)...
    3 selected | 💰 $13.1149 (5,838,483 in / 1,455,276 out)
  [3364/4056] Green Mountain quillwort (5 photos)...
    4 selected | 💰 $13.1188 (5,840,246 in / 1,455,718 out)
  [3365/4056] Alpine Barrenwort (7 photos)...
    5 selected | 💰 $13.1246 (5,842,738 in / 1,456,373 out)
  [3366/4056] Longstalk Holly (7 photos)...
    5 selected | 💰 $13.1301 (5,845,049 in / 1,457,019 out)
  [3367/4056] Sweet scabious (15 photos)...
    6 selected | 💰 $13.1411 (5,849,490 in / 1,458,317 out)
  [3368/4056] Antithamnionella floccosa (5 photos)...
    3 selected | 💰 $13.1454 (5,851,257 in / 1,458,831 out)
  [3369/4056] Dwarf Stonewort (16 photos)...
    6 selected | 💰 $13.1554 (5,855,806 in / 1,459,925 out)
  [3370/4056] Draparnaldia mutabilis (16 photos)...
    7 selected | 💰 $13.1653 (5,860,577 in / 1,460,945 out)
  [3371/4056] Gonatozygon aculeatum (6 photos)...
    4 selected | 💰 $13.1694 (5,862,110 in / 1,461,455 out)
  [3373/4056] Chara zeylanica (2 photos)...
    1 selected | 💰 $13.1715 (5,863,141 in / 1,461,680 out)
  [3374/4056] Volvox aureus (8 photos)...
    5 selected | 💰 $13.1774 (5,865,707 in / 1,462,341 out)
  [3375/4056] Actidesmium hookeri (5 photos)...
    3 selected | 💰 $13.1815 (5,867,524 in / 1,462,788 out)
  [3376/4056] Xanthidium tumidum (2 photos)...
    2 selected | 💰 $13.1835 (5,868,387 in / 1,463,017 out)
  [3377/4056] Closterium acerosum (10 photos)...
    6 selected | 💰 $13.1905 (5,871,473 in / 1,463,813 out)
  [3378/4056] Staurodesmus dickiei (2 photos)...
    2 selected | 💰 $13.1927 (5,872,523 in / 1,464,037 out)
  [3379/4056] Euastrum ciastonii (2 photos)...
    2 selected | 💰 $13.1947 (5,873,539 in / 1,464,234 out)
  [3380/4056] Penium margaritaceum (8 photos)...
    6 selected | 💰 $13.2002 (5,876,054 in / 1,464,822 out)
  [3382/4056] Staurastrum anatinum (2 photos)...
    2 selected | 💰 $13.2022 (5,877,014 in / 1,465,041 out)
  [3383/4056] Northern sea fern (4 photos)...
    3 selected | 💰 $13.2058 (5,878,507 in / 1,465,455 out)
  [3384/4056] Cosmarium turpinii (3 photos)...
    3 selected | 💰 $13.2085 (5,879,738 in / 1,465,751 out)
  [3385/4056] Ceramium deslongchampsii (6 photos)...
    5 selected | 💰 $13.2131 (5,881,775 in / 1,466,258 out)
  [3386/4056] Braun's stonewort (16 photos)...
    6 selected | 💰 $13.2225 (5,886,485 in / 1,467,206 out)
  [3387/4056] Noble Corydalis (3 photos)...
    3 selected | 💰 $13.2253 (5,887,815 in / 1,467,495 out)
  [3388/4056] Draparnaldia glomerata (8 photos)...
    6 selected | 💰 $13.2310 (5,890,226 in / 1,468,158 out)
  [3389/4056] Actinastrum hantzschii (4 photos)...
    3 selected | 💰 $13.2346 (5,891,905 in / 1,468,543 out)
  [3390/4056] Kirchneriella obesa (6 photos)...
    4 selected | 💰 $13.2391 (5,893,883 in / 1,469,040 out)
  [3391/4056] Gonatozygon brebissonii (8 photos)...
    6 selected | 💰 $13.2448 (5,896,208 in / 1,469,722 out)
  [3392/4056] Bacopa (11 photos)...
    6 selected | 💰 $13.2530 (5,899,717 in / 1,470,648 out)
  [3393/4056] Staurodesmus incus (3 photos)...
    3 selected | 💰 $13.2557 (5,900,945 in / 1,470,954 out)
  [3394/4056] Yellow waxbells (14 photos)...
    5 selected | 💰 $13.2649 (5,904,900 in / 1,471,991 out)
  [3395/4056] Devaleraea ramentacea (5 photos)...
    3 selected | 💰 $13.2688 (5,906,667 in / 1,472,424 out)
  [3396/4056] Scutellaria strigillosa (11 photos)...
    6 selected | 💰 $13.2764 (5,910,057 in / 1,473,271 out)
  [3398/4056] fan-leaf Chinese green dragon (11 photos)...
    6 selected | 💰 $13.2838 (5,913,373 in / 1,474,091 out)
  [3399/4056] Pink Mongolian Stonecrop (10 photos)...
    5 selected | 💰 $13.2906 (5,916,369 in / 1,474,847 out)
  [3400/4056] Tetradesmus lagerheimii (13 photos)...
    7 selected | 💰 $13.2985 (5,919,945 in / 1,475,718 out)
  [3401/4056] Closterium striolatum (7 photos)...
    5 selected | 💰 $13.3034 (5,921,777 in / 1,476,330 out)
  [3402/4056] Ulota intermedia (10 photos)...
    7 selected | 💰 $13.3106 (5,924,985 in / 1,477,128 out)
  [3403/4056] Perfoliate Penny-cress (11 photos)...
    6 selected | 💰 $13.3182 (5,928,355 in / 1,477,966 out)
  [3404/4056] Desmidium asymmetricum (2 photos)...
    2 selected | 💰 $13.3202 (5,929,247 in / 1,478,191 out)
  [3405/4056] Lavender Mist Meadowrue (3 photos)...
    3 selected | 💰 $13.3234 (5,930,532 in / 1,478,581 out)
  [3406/4056] Petrosedum orientale (10 photos)...
    5 selected | 💰 $13.3306 (5,933,721 in / 1,479,371 out)
  [3407/4056] Robin Runaway (2 photos)...
    1 selected | 💰 $13.3333 (5,934,743 in / 1,479,714 out)
  [3408/4056] Planktosphaeria gelatinosa (5 photos)...
    4 selected | 💰 $13.3372 (5,936,405 in / 1,480,155 out)
  [3414/4056] Staurastrum inconspicuum (4 photos)...
    4 selected | 💰 $13.3405 (5,937,977 in / 1,480,507 out)
  [3415/4056] Forcipated Pincerwort (16 photos)...
    6 selected | 💰 $13.3504 (5,942,569 in / 1,481,568 out)
  [3416/4056] Cosmarium candianum (4 photos)...
    4 selected | 💰 $13.3538 (5,944,063 in / 1,481,945 out)
  [3417/4056] Euastrum abruptum (3 photos)...
    3 selected | 💰 $13.3566 (5,945,255 in / 1,482,263 out)
  [3419/4056] Pseudoleskeella nervosa (15 photos)...
    6 selected | 💰 $13.3662 (5,949,595 in / 1,483,312 out)
  [3420/4056] Canadian Ricegrass (16 photos)...
    7 selected | 💰 $13.3767 (5,954,463 in / 1,484,453 out)
  [3423/4056] Mouse-tail Moss (15 photos)...
    6 selected | 💰 $13.3854 (5,958,763 in / 1,485,326 out)
  [3424/4056] Willea irregularis (4 photos)...
    3 selected | 💰 $13.3884 (5,960,032 in / 1,485,665 out)
  [3425/4056] Rusty Beard-moss (16 photos)...
    7 selected | 💰 $13.3991 (5,964,672 in / 1,486,885 out)
  [3426/4056] Ceramium secundatum (14 photos)...
    6 selected | 💰 $13.4085 (5,968,987 in / 1,487,906 out)
  [3427/4056] Xanthidium scrobiculatum (8 photos)...
    6 selected | 💰 $13.4143 (5,971,631 in / 1,488,532 out)
  [3428/4056] Campylophyllopsis hispidula (14 photos)...
    7 selected | 💰 $13.4234 (5,975,848 in / 1,489,515 out)
  [3430/4056] Tall false-buck's-beard (6 photos)...
    4 selected | 💰 $13.4283 (5,977,877 in / 1,490,081 out)
  [3431/4056] Coelastrum indicum (2 photos)...
    2 selected | 💰 $13.4303 (5,978,801 in / 1,490,303 out)
  [3432/4056] Scribner's Panicgrass (15 photos)...
    7 selected | 💰 $13.4406 (5,983,462 in / 1,491,421 out)
  [3433/4056] Radiofilum conjunctivum (10 photos)...
    6 selected | 💰 $13.4469 (5,986,029 in / 1,492,177 out)
  [3434/4056] Coelastrum cruciatum (4 photos)...
    4 selected | 💰 $13.4505 (5,987,383 in / 1,492,618 out)
  [3435/4056] Forest Notchwort (16 photos)...
    7 selected | 💰 $13.4610 (5,992,237 in / 1,493,752 out)
  [3436/4056] largeflower heartleaf (16 photos)...
    7 selected | 💰 $13.4713 (5,996,821 in / 1,494,893 out)
  [3438/4056] Boreolithothamnion glaciale (5 photos)...
    3 selected | 💰 $13.4756 (5,998,679 in / 1,495,383 out)
  [3439/4056] Marshelder (9 photos)...
    6 selected | 💰 $13.4820 (6,001,632 in / 1,496,077 out)
  [3440/4056] Japanese tassel fern (8 photos)...
    5 selected | 💰 $13.4882 (6,004,198 in / 1,496,801 out)
  [3441/4056] eastern green violet (15 photos)...
    6 selected | 💰 $13.4977 (6,008,669 in / 1,497,809 out)
  [3442/4056] Fumaria wirtgenii (12 photos)...
    6 selected | 💰 $13.5061 (6,012,412 in / 1,498,739 out)
  [3443/4056] Chlamydocapsa ampla (7 photos)...
    6 selected | 💰 $13.5117 (6,014,861 in / 1,499,364 out)
  [3444/4056] Rubus flavinanus (2 photos)...
    2 selected | 💰 $13.5141 (6,015,922 in / 1,499,645 out)
  [3445/4056] hound's-tongue (12 photos)...
    7 selected | 💰 $13.5221 (6,019,539 in / 1,500,503 out)
  [3446/4056] western skunk cabbage (15 photos)...
    6 selected | 💰 $13.5332 (6,024,157 in / 1,501,815 out)
  [3447/4056] Common Onion (10 photos)...
    5 selected | 💰 $13.5408 (6,027,510 in / 1,502,657 out)
  [3449/4056] common lantana (5 photos)...
    4 selected | 💰 $13.5452 (6,029,391 in / 1,503,158 out)
  [3450/4056] tidy tips (13 photos)...
    6 selected | 💰 $13.5541 (6,033,139 in / 1,504,200 out)
  [3451/4056] ... 2000 cached so far
  [3452/4056] Ithuriel's Spear (11 photos)...
    6 selected | 💰 $13.5621 (6,036,686 in / 1,505,087 out)
  [3453/4056] longbract wild indigo (6 photos)...
    5 selected | 💰 $13.5666 (6,038,746 in / 1,505,561 out)
  [3454/4056] Elegant Clarkia (13 photos)...
    6 selected | 💰 $13.5764 (6,042,721 in / 1,506,741 out)
  [3455/4056] tall evening primrose (12 photos)...
    6 selected | 💰 $13.5849 (6,046,481 in / 1,507,683 out)
  [3457/4056] Sensitive Plant (11 photos)...
    6 selected | 💰 $13.5926 (6,049,987 in / 1,508,514 out)
  [3458/4056] Formosa lily (8 photos)...
    5 selected | 💰 $13.5983 (6,052,564 in / 1,509,148 out)
  [3459/4056] Cut-leaved crane's-bill (6 photos)...
    5 selected | 💰 $13.6032 (6,054,756 in / 1,509,695 out)
  [3460/4056] Smooth Cat's Ear (16 photos)...
    6 selected | 💰 $13.6144 (6,059,604 in / 1,510,967 out)
  [3461/4056] Cape-ivy (12 photos)...
    6 selected | 💰 $13.6227 (6,063,376 in / 1,511,860 out)
  [3462/4056] Beet (12 photos)...
    6 selected | 💰 $13.6310 (6,067,024 in / 1,512,792 out)
  [3463/4056] Shellbark Hickory (8 photos)...
    6 selected | 💰 $13.6369 (6,069,603 in / 1,513,457 out)
  [3464/4056] Cucumber (7 photos)...
    5 selected | 💰 $13.6423 (6,071,983 in / 1,514,056 out)
  [3465/4056] Butterweed (13 photos)...
    6 selected | 💰 $13.6512 (6,075,842 in / 1,515,063 out)
  [3466/4056] Bird's-foot (11 photos)...
    7 selected | 💰 $13.6589 (6,079,352 in / 1,515,911 out)
  [3467/4056] Ramsons (8 photos)...
    5 selected | 💰 $13.6651 (6,082,019 in / 1,516,622 out)
  [3468/4056] Black horehound (8 photos)...
    6 selected | 💰 $13.6713 (6,084,610 in / 1,517,334 out)
  [3469/4056] Frost's Crystalwort (6 photos)...
    4 selected | 💰 $13.6759 (6,086,641 in / 1,517,848 out)
  [3470/4056] Texas Balloonwort (7 photos)...
    6 selected | 💰 $13.6809 (6,088,961 in / 1,518,386 out)
  [3471/4056] Meylan's Pouchwort (12 photos)...
    5 selected | 💰 $13.6892 (6,092,624 in / 1,519,318 out)
  [3472/4056] Nees' Pouchwort (8 photos)...
    5 selected | 💰 $13.6949 (6,095,231 in / 1,519,933 out)
  [3473/4056] Red Threadwort (1 photos)...
    Failed to parse scoring response, keeping original order
    1 selected | 💰 $13.6968 (6,095,924 in / 1,520,173 out)
  [3474/4056] Tall Tumblemustard (15 photos)...
    6 selected | 💰 $13.7068 (6,100,439 in / 1,521,281 out)
  [3475/4056] Prairie Junegrass (12 photos)...
    5 selected | 💰 $13.7150 (6,104,107 in / 1,522,180 out)
  [3477/4056] Firethorn (6 photos)...
    4 selected | 💰 $13.7198 (6,106,239 in / 1,522,709 out)
  [3479/4056] Sieber's Crocus (2 photos)...
    1 selected | 💰 $13.7220 (6,107,264 in / 1,522,951 out)
  [3481/4056] Little-Robin (12 photos)...
    6 selected | 💰 $13.7305 (6,110,790 in / 1,523,944 out)
  [3482/4056] pink-sorrel (8 photos)...
    6 selected | 💰 $13.7366 (6,113,388 in / 1,524,647 out)
  [3483/4056] cheeseweed mallow (12 photos)...
    6 selected | 💰 $13.7448 (6,116,957 in / 1,525,566 out)
  [3484/4056] Bermuda grass (14 photos)...
    7 selected | 💰 $13.7545 (6,121,054 in / 1,526,686 out)
  [3487/4056] Beaked Spikerush (12 photos)...
    6 selected | 💰 $13.7632 (6,124,870 in / 1,527,675 out)
  [3488/4056] Siberian Iris (13 photos)...
    6 selected | 💰 $13.7721 (6,128,804 in / 1,528,659 out)
  [3490/4056] water parsley (12 photos)...
    6 selected | 💰 $13.7807 (6,132,347 in / 1,529,668 out)
  [3491/4056] Scarlet Toothcup (16 photos)...
    7 selected | 💰 $13.7918 (6,137,344 in / 1,530,901 out)
  [3493/4056] floating marsh pennywort (11 photos)...
    6 selected | 💰 $13.7997 (6,140,783 in / 1,531,784 out)
  [3494/4056] Purple Cudweed (14 photos)...
    6 selected | 💰 $13.8089 (6,144,933 in / 1,532,802 out)
  [3495/4056] Sand Catchfly (16 photos)...
    7 selected | 💰 $13.8194 (6,149,599 in / 1,533,956 out)
  [3496/4056] Sweet basil (11 photos)...
    6 selected | 💰 $13.8271 (6,153,142 in / 1,534,793 out)
  [3498/4056] common dog-violet (9 photos)...
    5 selected | 💰 $13.8335 (6,156,004 in / 1,535,505 out)
  [3499/4056] great camas (11 photos)...
    5 selected | 💰 $13.8412 (6,159,370 in / 1,536,369 out)
  [3501/4056] garden orache (13 photos)...
    6 selected | 💰 $13.8499 (6,163,253 in / 1,537,329 out)
  [3502/4056] Smartweed Dodder (16 photos)...
    6 selected | 💰 $13.8604 (6,167,962 in / 1,538,479 out)
  [3503/4056] Birthwort (12 photos)...
    6 selected | 💰 $13.8688 (6,171,380 in / 1,539,481 out)
  [3504/4056] spiny amaranth (13 photos)...
    6 selected | 💰 $13.8780 (6,175,230 in / 1,540,564 out)
  [3505/4056] lyreleaf sage (11 photos)...
    6 selected | 💰 $13.8857 (6,178,666 in / 1,541,407 out)
  [3506/4056] Gold-dust (8 photos)...
    5 selected | 💰 $13.8918 (6,181,350 in / 1,542,083 out)
  [3507/4056] Alexanders (10 photos)...
    6 selected | 💰 $13.8993 (6,184,663 in / 1,542,936 out)
  [3508/4056] false mermaid (16 photos)...
    6 selected | 💰 $13.9103 (6,189,550 in / 1,544,140 out)
  [3509/4056] Grass Pea (6 photos)...
    4 selected | 💰 $13.9149 (6,191,541 in / 1,544,662 out)
  [3510/4056] Palmer's Amaranth (13 photos)...
    6 selected | 💰 $13.9237 (6,195,660 in / 1,545,608 out)
  [3511/4056] powell's amaranth (11 photos)...
    6 selected | 💰 $13.9316 (6,199,118 in / 1,546,491 out)
  [3512/4056] Mignonette vine (8 photos)...
    6 selected | 💰 $13.9377 (6,201,753 in / 1,547,198 out)
  [3513/4056] Dense Silky-bent (7 photos)...
    5 selected | 💰 $13.9429 (6,203,938 in / 1,547,800 out)
  [3514/4056] tropical milkweed (13 photos)...
    6 selected | 💰 $13.9523 (6,207,626 in / 1,548,937 out)
  [3515/4056] Chickpea Milkvetch (11 photos)...
    5 selected | 💰 $13.9602 (6,211,103 in / 1,549,818 out)
  [3516/4056] Rye Brome (10 photos)...
    5 selected | 💰 $13.9676 (6,214,381 in / 1,550,647 out)
  [3517/4056] Slim-stem Small-reedgrass (11 photos)...
    6 selected | 💰 $13.9757 (6,217,753 in / 1,551,593 out)
  [3518/4056] coastal sandbur (12 photos)...
    6 selected | 💰 $13.9835 (6,221,398 in / 1,552,427 out)
  [3519/4056] desert goosefoot (16 photos)...
    7 selected | 💰 $13.9942 (6,226,178 in / 1,553,609 out)
  [3520/4056] Hare's-ear Mustard (9 photos)...
    5 selected | 💰 $14.0006 (6,228,867 in / 1,554,352 out)
  [3521/4056] annual wall-rocket (12 photos)...
    6 selected | 💰 $14.0095 (6,232,676 in / 1,555,365 out)
  [3522/4056] Wood Whitlow-grass (8 photos)...
    5 selected | 💰 $14.0154 (6,235,094 in / 1,556,057 out)
  [3523/4056] Jungle Rice (8 photos)...
    5 selected | 💰 $14.0212 (6,237,619 in / 1,556,715 out)
  [3524/4056] Slender Spikerush (14 photos)...
    6 selected | 💰 $14.0312 (6,242,113 in / 1,557,826 out)
  [3525/4056] Coulter's fleabane (7 photos)...
    4 selected | 💰 $14.0365 (6,244,494 in / 1,558,408 out)
  [3526/4056] Spreading Wallflower (13 photos)...
    6 selected | 💰 $14.0452 (6,248,704 in / 1,559,291 out)
  [3527/4056] eggleaf spurge (12 photos)...
    6 selected | 💰 $14.0535 (6,252,429 in / 1,560,222 out)
  [3528/4056] Bukhara Fleeceflower (12 photos)...
    6 selected | 💰 $14.0619 (6,256,089 in / 1,561,158 out)
  [3529/4056] hard fescue (16 photos)...
    6 selected | 💰 $14.0727 (6,260,795 in / 1,562,379 out)
  [3530/4056] Pennsylvania Cudweed (12 photos)...
    6 selected | 💰 $14.0813 (6,264,481 in / 1,563,360 out)
  [3531/4056] Long-stalked Crane's-bill (5 photos)...
    5 selected | 💰 $14.0856 (6,266,335 in / 1,563,845 out)
  [3532/4056] Richardson's geranium (12 photos)...
    6 selected | 💰 $14.0941 (6,270,187 in / 1,564,781 out)
  [3533/4056] Upland Cotton (11 photos)...
    6 selected | 💰 $14.1020 (6,273,594 in / 1,565,682 out)
  [3534/4056] baby's-breath (8 photos)...
    5 selected | 💰 $14.1081 (6,276,317 in / 1,566,356 out)
  [3535/4056] Camphorweed (12 photos)...
    6 selected | 💰 $14.1157 (6,280,036 in / 1,567,132 out)
  [3536/4056] woad (12 photos)...
    6 selected | 💰 $14.1242 (6,283,699 in / 1,568,101 out)
  [3537/4056] Dudley's Rush (14 photos)...
    5 selected | 💰 $14.1334 (6,287,998 in / 1,569,089 out)
  [3538/4056] dotted duckweed (12 photos)...
    5 selected | 💰 $14.1422 (6,291,867 in / 1,570,057 out)
  [3539/4056] turion duckweed (9 photos)...
    5 selected | 💰 $14.1488 (6,294,717 in / 1,570,825 out)
  [3540/4056] clasping pepperweed (14 photos)...
    6 selected | 💰 $14.1582 (6,298,889 in / 1,571,858 out)
  [3541/4056] Water-purslane (16 photos)...
    6 selected | 💰 $14.1690 (6,303,631 in / 1,573,070 out)
  [3542/4056] mountain tarweed (8 photos)...
    6 selected | 💰 $14.1747 (6,306,346 in / 1,573,673 out)
  [3544/4056] Bells-of-Ireland (7 photos)...
    5 selected | 💰 $14.1801 (6,308,569 in / 1,574,303 out)
  [3545/4056] hairy groundcherry (10 photos)...
    6 selected | 💰 $14.1869 (6,311,415 in / 1,575,094 out)
  [3546/4056] Glaucous Bluegrass (16 photos)...
    5 selected | 💰 $14.1977 (6,316,213 in / 1,576,302 out)
  [3547/4056] bushy knotweed (12 photos)...
    6 selected | 💰 $14.2061 (6,320,086 in / 1,577,201 out)
  [3548/4056] common devil's-claw (11 photos)...
    7 selected | 💰 $14.2141 (6,323,528 in / 1,578,122 out)
  [3549/4056] dwarf alkali grass (8 photos)...
    6 selected | 💰 $14.2203 (6,326,055 in / 1,578,854 out)
  [3550/4056] golden dock (11 photos)...
    5 selected | 💰 $14.2277 (6,329,455 in / 1,579,655 out)
  [3551/4056] Heath Pearlwort (5 photos)...
    4 selected | 💰 $14.2320 (6,331,356 in / 1,580,119 out)
  [3552/4056] Maryland senna (14 photos)...
    6 selected | 💰 $14.2418 (6,335,469 in / 1,581,260 out)
  [3553/4056] hooked bristle grass (12 photos)...
    6 selected | 💰 $14.2498 (6,339,066 in / 1,582,152 out)
  [3554/4056] prickly fanpetals (8 photos)...
    6 selected | 💰 $14.2561 (6,341,796 in / 1,582,859 out)
  [3555/4056] Red Buffalo-bur (12 photos)...
    6 selected | 💰 $14.2645 (6,345,469 in / 1,583,799 out)
  [3556/4056] Sand Dropseed (15 photos)...
    6 selected | 💰 $14.2750 (6,349,980 in / 1,584,996 out)
  [3557/4056] long-leaved starwort (12 photos)...
    6 selected | 💰 $14.2826 (6,353,452 in / 1,585,824 out)
  [3558/4056] Awlwort (10 photos)...
    5 selected | 💰 $14.2894 (6,356,748 in / 1,586,528 out)
  [3559/4056] showy mullein (5 photos)...
    4 selected | 💰 $14.2934 (6,358,524 in / 1,586,980 out)
  [3560/4056] moss verbena (5 photos)...
    5 selected | 💰 $14.2976 (6,360,388 in / 1,587,450 out)
  [3561/4056] chain speedwell (15 photos)...
    5 selected | 💰 $14.3082 (6,364,859 in / 1,588,666 out)
  [3562/4056] Dotted Watermeal (10 photos)...
    6 selected | 💰 $14.3155 (6,368,029 in / 1,589,485 out)
  [3563/4056] rose vervain (11 photos)...
    6 selected | 💰 $14.3232 (6,371,394 in / 1,590,366 out)
  [3564/4056] false rue anemone (4 photos)...
    4 selected | 💰 $14.3268 (6,372,920 in / 1,590,774 out)
  [3565/4056] yellow pitcher plant (7 photos)...
    5 selected | 💰 $14.3319 (6,375,230 in / 1,591,340 out)
  [3566/4056] Eastern Globeflower (11 photos)...
    6 selected | 💰 $14.3396 (6,378,669 in / 1,592,195 out)
  [3567/4056] Red Horned Poppy (3 photos)...
    Failed to parse scoring response, keeping original order
    3 selected | 💰 $14.3431 (6,380,038 in / 1,592,612 out)
  [3568/4056] blackfoot daisy (9 photos)...
    6 selected | 💰 $14.3499 (6,383,006 in / 1,593,380 out)
  [3569/4056] Heart-leaved Skullcap (10 photos)...
    5 selected | 💰 $14.3572 (6,386,180 in / 1,594,208 out)
  [3570/4056] devil's walkingstick (12 photos)...
    7 selected | 💰 $14.3650 (6,389,558 in / 1,595,096 out)
  [3571/4056] fly poison (9 photos)...
    Failed to parse scoring response, keeping original order
    6 selected | 💰 $14.3751 (6,392,436 in / 1,596,542 out)
  [3572/4056] clove pink (5 photos)...
    5 selected | 💰 $14.3794 (6,394,337 in / 1,597,010 out)
  [3573/4056] Spinach (5 photos)...
    4 selected | 💰 $14.3835 (6,396,217 in / 1,597,460 out)
  [3574/4056] Rosepink (12 photos)...
    6 selected | 💰 $14.3922 (6,399,904 in / 1,598,452 out)
  [3575/4056] mullein foxglove (4 photos)...
    3 selected | 💰 $14.3956 (6,401,450 in / 1,598,837 out)
  [3576/4056] Martagon Lily (11 photos)...
    7 selected | 💰 $14.4039 (6,404,866 in / 1,599,802 out)
  [3577/4056] wood crane's-bill (10 photos)...
    6 selected | 💰 $14.4110 (6,408,002 in / 1,600,605 out)
  [3578/4056] Cheddar Pink (7 photos)...
    5 selected | 💰 $14.4166 (6,410,331 in / 1,601,255 out)
  [3579/4056] shingle oak (14 photos)...
    6 selected | 💰 $14.4260 (6,414,534 in / 1,602,300 out)
  [3580/4056] Green pin-cushion alga (8 photos)...
    6 selected | 💰 $14.4318 (6,417,193 in / 1,602,916 out)
  [3581/4056] yellow wakerobin (4 photos)...
    4 selected | 💰 $14.4354 (6,418,749 in / 1,603,334 out)
  [3582/4056] Water-plantain Spearwort (4 photos)...
    3 selected | 💰 $14.4387 (6,420,136 in / 1,603,712 out)
  [3583/4056] eastern gray beardtongue (7 photos)...
    4 selected | 💰 $14.4442 (6,422,394 in / 1,604,358 out)
  [3584/4056] Small-head Rush (5 photos)...
    4 selected | 💰 $14.4482 (6,424,264 in / 1,604,797 out)
  [3585/4056] devil's bite (5 photos)...
    4 selected | 💰 $14.4523 (6,426,105 in / 1,605,242 out)
  [3586/4056] bigfruit evening primrose (6 photos)...
    5 selected | 💰 $14.4572 (6,428,171 in / 1,605,811 out)
  [3587/4056] wild potato vine (11 photos)...
    6 selected | 💰 $14.4652 (6,431,609 in / 1,606,712 out)
  [3588/4056] Aralia cordata (7 photos)...
    6 selected | 💰 $14.4706 (6,433,918 in / 1,607,329 out)
  [3589/4056] golden columbine (16 photos)...
    6 selected | 💰 $14.4813 (6,438,676 in / 1,608,515 out)
  [3590/4056] common bamboo (12 photos)...
    6 selected | 💰 $14.4895 (6,442,432 in / 1,609,405 out)
  [3591/4056] Japanese walnut (7 photos)...
    5 selected | 💰 $14.4949 (6,444,777 in / 1,610,033 out)
  [3592/4056] Taro (11 photos)...
    6 selected | 💰 $14.5029 (6,448,196 in / 1,610,948 out)
  [3593/4056] Wild Leek (13 photos)...
    7 selected | 💰 $14.5121 (6,452,283 in / 1,611,972 out)
  [3594/4056] lettuce (12 photos)...
    2 selected | 💰 $14.5204 (6,455,979 in / 1,612,893 out)
  [3595/4056] Paperwhite (4 photos)...
    3 selected | 💰 $14.5239 (6,457,511 in / 1,613,287 out)
  [3596/4056] Bright Silk-moss (11 photos)...
    7 selected | 💰 $14.5314 (6,460,722 in / 1,614,129 out)
  [3597/4056] Whitish Feather-moss (16 photos)...
    6 selected | 💰 $14.5415 (6,465,691 in / 1,615,164 out)
  [3598/4056] Lesser Pocket-moss (11 photos)...
    6 selected | 💰 $14.5491 (6,469,042 in / 1,616,013 out)
  [3599/4056] Woolly Burdock (15 photos)...
    7 selected | 💰 $14.5598 (6,473,602 in / 1,617,234 out)
  [3600/4056] Tatarian dogwood (13 photos)...
    6 selected | 💰 $14.5684 (6,477,430 in / 1,618,199 out)
  [3601/4056] European ash (14 photos)...
    6 selected | 💰 $14.5779 (6,481,992 in / 1,619,185 out)
  [3602/4056] Angel's-tears (5 photos)...
    4 selected | 💰 $14.5821 (6,483,790 in / 1,619,654 out)
  [3603/4056] Purple Cress (16 photos)...
    6 selected | 💰 $14.5928 (6,488,530 in / 1,620,845 out)
  [3605/4056] scarlet creeper (13 photos)...
    6 selected | 💰 $14.6013 (6,492,397 in / 1,621,782 out)
  [3606/4056] prairie trillium (6 photos)...
    5 selected | 💰 $14.6061 (6,494,417 in / 1,622,342 out)
  [3607/4056] Mexican Ruellia (11 photos)...
    6 selected | 💰 $14.6144 (6,497,802 in / 1,623,323 out)
  [3608/4056] St Lucie Cherry (12 photos)...
    6 selected | 💰 $14.6230 (6,501,505 in / 1,624,304 out)
  [3609/4056] Elephant's-ears (12 photos)...
    6 selected | 💰 $14.6315 (6,505,283 in / 1,625,243 out)
  [3610/4056] Sargent Crabapple (4 photos)...
    4 selected | 💰 $14.6349 (6,506,884 in / 1,625,603 out)
  [3612/4056] Leatherleaf viburnum (11 photos)...
    6 selected | 💰 $14.6428 (6,510,363 in / 1,626,487 out)
  [3613/4056] large-flowered tickseed (3 photos)...
    3 selected | 💰 $14.6458 (6,511,782 in / 1,626,800 out)
  [3614/4056] Garden Tulip (10 photos)...
    6 selected | 💰 $14.6534 (6,514,985 in / 1,627,689 out)
  [3615/4056] Frank's sedge (9 photos)...
    6 selected | 💰 $14.6599 (6,517,720 in / 1,628,430 out)
  [3616/4056] yellow giant hyssop (8 photos)...
    6 selected | 💰 $14.6659 (6,520,407 in / 1,629,102 out)
  [3617/4056] Prairie Coreopsis (5 photos)...
    4 selected | 💰 $14.6702 (6,522,231 in / 1,629,585 out)
  [3618/4056] Stiff Sunflower (13 photos)...
    6 selected | 💰 $14.6791 (6,526,295 in / 1,630,562 out)
  [3619/4056] graybark grape (3 photos)...
    Failed to parse scoring response, keeping original order
    3 selected | 💰 $14.6822 (6,527,532 in / 1,630,924 out)
  [3620/4056] Florida Hammock Sandmat (14 photos)...
    7 selected | 💰 $14.6916 (6,531,976 in / 1,631,918 out)
  [3621/4056] Saltmarsh mallow (5 photos)...
    5 selected | 💰 $14.6956 (6,533,851 in / 1,632,354 out)
  [3622/4056] Sphagnum subtile (2 photos)...
    1 selected | 💰 $14.6977 (6,534,809 in / 1,632,582 out)
  [3623/4056] Lustrous Bog-moss (4 photos)...
    3 selected | 💰 $14.7014 (6,536,377 in / 1,633,001 out)
  [3624/4056] Common Lionspaw (13 photos)...
    6 selected | 💰 $14.7099 (6,540,080 in / 1,633,957 out)
  [3625/4056] Purple Bergamot (2 photos)...
    2 selected | 💰 $14.7125 (6,541,102 in / 1,634,273 out)
  [3626/4056] Pale Toadflax (10 photos)...
    6 selected | 💰 $14.7195 (6,544,219 in / 1,635,056 out)
  [3627/4056] Old World Diamond Flower (11 photos)...
    8 selected | 💰 $14.7271 (6,547,623 in / 1,635,904 out)
  [3629/4056] White Morning-glory (7 photos)...
    5 selected | 💰 $14.7323 (6,549,864 in / 1,636,485 out)
  [3632/4056] Korean bushclover (11 photos)...
    6 selected | 💰 $14.7399 (6,553,339 in / 1,637,321 out)
  [3633/4056] Threeranked humpmoss (16 photos)...
    7 selected | 💰 $14.7501 (6,558,012 in / 1,638,419 out)
  [3634/4056] Tall Thistle (8 photos)...
    6 selected | 💰 $14.7563 (6,560,732 in / 1,639,122 out)
  [3635/4056] fern-leaved hook-moss (13 photos)...
    6 selected | 💰 $14.7645 (6,564,841 in / 1,639,927 out)
  [3636/4056] creeping feather-moss (16 photos)...
    8 selected | 💰 $14.7749 (6,569,572 in / 1,641,058 out)
  [3637/4056] Taylor's Flapwort (13 photos)...
    6 selected | 💰 $14.7835 (6,573,496 in / 1,641,994 out)
  [3638/4056] Star of Bethlehem (12 photos)...
    0 selected | 💰 $14.7929 (6,577,240 in / 1,643,141 out)
  [3639/4056] Stokes' aster (6 photos)...
    5 selected | 💰 $14.7979 (6,579,335 in / 1,643,714 out)
  [3640/4056] Sharp-leaved Blindia (6 photos)...
    5 selected | 💰 $14.8025 (6,581,257 in / 1,644,258 out)
  [3641/4056] Aunt Lucy (10 photos)...
    6 selected | 💰 $14.8093 (6,584,407 in / 1,644,977 out)
  [3642/4056] Aibika (10 photos)...
    6 selected | 💰 $14.8168 (6,587,726 in / 1,645,808 out)
  [3643/4056] Dwarf Earth Moss (11 photos)...
    7 selected | 💰 $14.8245 (6,591,239 in / 1,646,647 out)
  [3645/4056] Thin-stem Lady's-mantle (3 photos)...
    3 selected | 💰 $14.8274 (6,592,608 in / 1,646,967 out)
  [3646/4056] field garlic (6 photos)...
    4 selected | 💰 $14.8322 (6,594,781 in / 1,647,489 out)
  [3647/4056] Seabeach Amaranth (5 photos)...
    4 selected | 💰 $14.8364 (6,596,580 in / 1,647,971 out)
  [3648/4056] Hubricht's Bluestar (5 photos)...
    4 selected | 💰 $14.8406 (6,598,288 in / 1,648,459 out)
  [3649/4056] Wild Angelica (12 photos)...
    5 selected | 💰 $14.8495 (6,602,045 in / 1,649,482 out)
  [3650/4056] Rugel's anomodon moss (13 photos)...
    6 selected | 💰 $14.8590 (6,606,530 in / 1,650,484 out)
  [3651/4056] Field Hornwort (9 photos)...
    6 selected | 💰 $14.8656 (6,609,365 in / 1,651,248 out)
  [3652/4056] Garden Chervil (6 photos)...
    5 selected | 💰 $14.8704 (6,611,409 in / 1,651,798 out)
  [3653/4056] Tawny Fork Moss (4 photos)...
    4 selected | 💰 $14.8739 (6,612,943 in / 1,652,195 out)
  [3654/4056] small carpetgrass (10 photos)...
    6 selected | 💰 $14.8809 (6,616,095 in / 1,652,970 out)
  [3655/4056] Bearded Pawwort (10 photos)...
    6 selected | 💰 $14.8884 (6,619,362 in / 1,653,806 out)
  [3656/4056] Eaton's Beggarticks (1 photos)...
    Failed to parse scoring response, keeping original order
    1 selected | 💰 $14.8906 (6,620,174 in / 1,654,086 out)
  [3657/4056] prairie moonwort (11 photos)...
    5 selected | 💰 $14.8979 (6,623,473 in / 1,654,894 out)
  [3658/4056] Bryhnia Moss (8 photos)...
    5 selected | 💰 $14.9036 (6,625,988 in / 1,655,523 out)
  [3659/4056] Giant Calliergon Moss (14 photos)...
    7 selected | 💰 $14.9133 (6,630,185 in / 1,656,627 out)
  [3660/4056] Terrestrial Water-starwort (16 photos)...
    6 selected | 💰 $14.9236 (6,634,517 in / 1,657,811 out)
  [3661/4056] Giant Bellflower (12 photos)...
    6 selected | 💰 $14.9321 (6,638,150 in / 1,658,788 out)
  [3662/4056] Rock-loving Swan-necked Moss (4 photos)...
    4 selected | 💰 $14.9354 (6,639,652 in / 1,659,148 out)
  [3663/4056] Broadwing Sedge (12 photos)...
    6 selected | 💰 $14.9434 (6,643,142 in / 1,660,047 out)
  [3664/4056] brown sedge (8 photos)...
    5 selected | 💰 $14.9494 (6,645,755 in / 1,660,736 out)
  [3665/4056] Emory's sedge (8 photos)...
    5 selected | 💰 $14.9553 (6,648,389 in / 1,661,385 out)
  [3666/4056] fescue sedge (15 photos)...
    6 selected | 💰 $14.9641 (6,652,665 in / 1,662,282 out)
  [3667/4056] palm sedge (9 photos)...
    5 selected | 💰 $14.9705 (6,655,727 in / 1,662,947 out)
  [3669/4056] Schweinitz's Sedge (4 photos)...
    Failed to parse scoring response, keeping original order
    4 selected | 💰 $14.9748 (6,657,166 in / 1,663,531 out)
  [3670/4056] Short's sedge (8 photos)...
    5 selected | 💰 $14.9806 (6,659,545 in / 1,664,219 out)
  [3672/4056] tinged sedge (4 photos)...
    3 selected | 💰 $14.9840 (6,660,979 in / 1,664,604 out)
  [3673/4056] swinging sedge (15 photos)...
    6 selected | 💰 $14.9936 (6,665,127 in / 1,665,695 out)
  [3674/4056] Quail Grass (10 photos)...
    5 selected | 💰 $15.0009 (6,668,226 in / 1,666,543 out)
  [3675/4056] Giant Knapweed (12 photos)...
    7 selected | 💰 $15.0091 (6,671,929 in / 1,667,436 out)
  [3676/4056] Brazilian bachelor's button (8 photos)...
    6 selected | 💰 $15.0151 (6,674,503 in / 1,668,125 out)
  [3677/4056] South African foxglove (7 photos)...
    6 selected | 💰 $15.0203 (6,676,816 in / 1,668,694 out)
  [3678/4056] Spiny Spider-flower (7 photos)...
    5 selected | 💰 $15.0255 (6,679,020 in / 1,669,303 out)
  [3679/4056] Japanese Glorybower (11 photos)...
    6 selected | 💰 $15.0332 (6,682,350 in / 1,670,175 out)
  [3680/4056] Gray Hairgrass (12 photos)...
    6 selected | 💰 $15.0417 (6,685,894 in / 1,671,153 out)
  [3681/4056] Hazel Dodder (8 photos)...
    4 selected | 💰 $15.0480 (6,688,529 in / 1,671,898 out)
  [3683/4056] Garden Dahlia (8 photos)...
    6 selected | 💰 $15.0541 (6,691,066 in / 1,672,605 out)
  [3684/4056] Stiff Ticktrefoil (12 photos)...
    7 selected | 💰 $15.0623 (6,695,100 in / 1,673,440 out)
  [3685/4056] Eaton's Witchgrass (8 photos)...
    5 selected | 💰 $15.0683 (6,697,739 in / 1,674,104 out)
  [3686/4056] Crisped Fork-moss (16 photos)...
    6 selected | 💰 $15.0780 (6,702,540 in / 1,675,099 out)
  [3687/4056] Dark Ditrichum (10 photos)...
    6 selected | 💰 $15.0849 (6,705,604 in / 1,675,866 out)
  [3688/4056] American dragonhead (10 photos)...
    6 selected | 💰 $15.0922 (6,708,811 in / 1,676,684 out)
  [3689/4056] Bald Spikerush (16 photos)...
    6 selected | 💰 $15.1025 (6,713,179 in / 1,677,871 out)
  [3690/4056] Threerib Spikerush (7 photos)...
    6 selected | 💰 $15.1082 (6,715,585 in / 1,678,523 out)
  [3691/4056] Creeping Spikerush (16 photos)...
    6 selected | 💰 $15.1191 (6,720,350 in / 1,679,745 out)
  [3692/4056] MacGregor's Wildrye (15 photos)...
    7 selected | 💰 $15.1288 (6,724,576 in / 1,680,841 out)
  [3693/4056] slender-toothed earth moss (7 photos)...
    5 selected | 💰 $15.1342 (6,726,913 in / 1,681,458 out)
  [3694/4056] Frank's Lovegrass (2 photos)...
    2 selected | 💰 $15.1364 (6,727,940 in / 1,681,696 out)
  [3695/4056] Italian Eryngo (12 photos)...
    7 selected | 💰 $15.1453 (6,731,593 in / 1,682,740 out)
  [3696/4056] Water Pocket Moss (16 photos)...
    7 selected | 💰 $15.1557 (6,736,500 in / 1,683,839 out)
  [3697/4056] Osmund Fissidens Moss (11 photos)...
    7 selected | 💰 $15.1631 (6,739,821 in / 1,684,661 out)
  [3698/4056] Tree Pocket Moss (12 photos)...
    6 selected | 💰 $15.1713 (6,743,442 in / 1,685,566 out)
  [3699/4056] Tamarisk Scalewort (13 photos)...
    6 selected | 💰 $15.1804 (6,747,604 in / 1,686,554 out)
  [3700/4056] Siberian Crane's-bill (6 photos)...
    4 selected | 💰 $15.1852 (6,749,815 in / 1,687,077 out)
  [3701/4056] sharp-glumed manna-grass (4 photos)...
    4 selected | 💰 $15.1888 (6,751,417 in / 1,687,467 out)
  [3703/4056] Verdigris Tufa-moss (11 photos)...
    6 selected | 💰 $15.1964 (6,754,649 in / 1,688,352 out)
  [3704/4056] Persian Ivy (5 photos)...
    4 selected | 💰 $15.2004 (6,756,367 in / 1,688,800 out)
  [3705/4056] Homomallium adnatum (13 photos)...
    7 selected | 💰 $15.2087 (6,760,367 in / 1,689,667 out)
  [3706/4056] Brook-side Feather-moss (16 photos)...
    6 selected | 💰 $15.2194 (6,765,158 in / 1,690,842 out)
  [3707/4056] garden stonecrop (6 photos)...
    4 selected | 💰 $15.2243 (6,767,296 in / 1,691,398 out)
  [3708/4056] Butterfly Stonecrop (3 photos)...
    3 selected | 💰 $15.2271 (6,768,593 in / 1,691,702 out)
  [3709/4056] Hyophila Moss (15 photos)...
    6 selected | 💰 $15.2367 (6,772,908 in / 1,692,756 out)
  [3710/4056] black henbane (13 photos)...
    8 selected | 💰 $15.2459 (6,776,917 in / 1,693,800 out)
  [3711/4056] Curveleaf Hypnum Moss (14 photos)...
    6 selected | 💰 $15.2555 (6,781,185 in / 1,694,856 out)
  [3712/4056] Wild Candytuft (7 photos)...
    5 selected | 💰 $15.2607 (6,783,567 in / 1,695,423 out)
  [3713/4056] Japanese iris (3 photos)...
    3 selected | 💰 $15.2640 (6,784,800 in / 1,695,845 out)
  [3714/4056] Northern Green Rush (11 photos)...
    6 selected | 💰 $15.2719 (6,788,133 in / 1,696,745 out)
  [3715/4056] Flattened Rush (8 photos)...
    6 selected | 💰 $15.2778 (6,790,858 in / 1,697,390 out)
  [3716/4056] Narrow-leaved Pepperwort (13 photos)...
    7 selected | 💰 $15.2867 (6,794,711 in / 1,698,393 out)
  [3717/4056] Leucodon brachypus (16 photos)...
    6 selected | 💰 $15.2965 (6,799,137 in / 1,699,480 out)
  [3718/4056] Siberian Lyme Grass (3 photos)...
    3 selected | 💰 $15.2994 (6,800,399 in / 1,699,793 out)
  [3719/4056] Sweetberry Honeysuckle (7 photos)...
    5 selected | 💰 $15.3049 (6,802,788 in / 1,700,421 out)
  [3720/4056] red spider lily (9 photos)...
    6 selected | 💰 $15.3116 (6,805,639 in / 1,701,189 out)
  [3721/4056] Evening Stock (11 photos)...
    6 selected | 💰 $15.3192 (6,809,147 in / 1,702,001 out)
  [3722/4056] tall melilot (10 photos)...
    6 selected | 💰 $15.3262 (6,812,209 in / 1,702,794 out)
  [3723/4056] Manatee Mudflower (13 photos)...
    6 selected | 💰 $15.3352 (6,816,189 in / 1,703,803 out)
  [3724/4056] Two-lobed Flapwort (10 photos)...
    6 selected | 💰 $15.3421 (6,819,403 in / 1,704,547 out)
  [3725/4056] Dwarf Water-lily (16 photos)...
    6 selected | 💰 $15.3529 (6,824,076 in / 1,705,759 out)
  [3726/4056] Nodding Evening-Primose (6 photos)...
    5 selected | 💰 $15.3578 (6,826,214 in / 1,706,309 out)
  [3727/4056] Alpine Cudweed (16 photos)...
    6 selected | 💰 $15.3681 (6,830,645 in / 1,707,481 out)
  [3728/4056] Orthotrichum pusillum (4 photos)...
    3 selected | 💰 $15.3714 (6,832,143 in / 1,707,846 out)
  [3729/4056] Miami Mist (5 photos)...
    4 selected | 💰 $15.3759 (6,834,097 in / 1,708,353 out)
  [3730/4056] Philonotis marchica (10 photos)...
    5 selected | 💰 $15.3818 (6,837,201 in / 1,708,922 out)
  [3731/4056] Mascarene Island leaf-flower (15 photos)...
    6 selected | 💰 $15.3915 (6,841,591 in / 1,709,975 out)
  [3732/4056] Marsh Thyme-moss (15 photos)...
    6 selected | 💰 $15.4015 (6,846,053 in / 1,711,099 out)
  [3733/4056] Toothed Plagiothecium Moss (12 photos)...
    7 selected | 💰 $15.4101 (6,849,645 in / 1,712,084 out)
  [3734/4056] Shriver's frilly orchid (3 photos)...
    2 selected | 💰 $15.4135 (6,850,942 in / 1,712,511 out)
  [3735/4056] Straightleaf Pondweed (3 photos)...
    3 selected | 💰 $15.4168 (6,852,135 in / 1,712,940 out)
  [3736/4056] Two-ranked Moss (16 photos)...
    7 selected | 💰 $15.4281 (6,857,138 in / 1,714,185 out)
  [3737/4056] Pylaisiadelpha Moss (12 photos)...
    6 selected | 💰 $15.4366 (6,860,802 in / 1,715,156 out)
  [3738/4056] Lesser Fringe-moss (4 photos)...
    3 selected | 💰 $15.4399 (6,862,314 in / 1,715,527 out)
  [3739/4056] Slender Fringe-moss (13 photos)...
    7 selected | 💰 $15.4488 (6,866,061 in / 1,716,553 out)
  [3740/4056] Radula obconica (6 photos)...
    6 selected | 💰 $15.4537 (6,868,108 in / 1,717,112 out)
  [3741/4056] Rauiella scita (6 photos)...
    5 selected | 💰 $15.4583 (6,870,139 in / 1,717,628 out)
  [3742/4056] Toothed Streak-moss (11 photos)...
    6 selected | 💰 $15.4662 (6,873,500 in / 1,718,537 out)
  [3743/4056] Long-beaked Bald-rush (10 photos)...
    6 selected | 💰 $15.4731 (6,876,641 in / 1,719,295 out)
  [3744/4056] northeastern dewberry (1 photos)...
    Failed to parse scoring response, keeping original order
    1 selected | 💰 $15.4752 (6,877,395 in / 1,719,565 out)
  [3745/4056] Yankee Blackberry (16 photos)...
    6 selected | 💰 $15.4859 (6,882,209 in / 1,720,733 out)
  [3746/4056] Ecotone Blackberry (13 photos)...
    6 selected | 💰 $15.4955 (6,886,238 in / 1,721,844 out)
  [3747/4056] upland dewberry (10 photos)...
    6 selected | 💰 $15.5027 (6,889,260 in / 1,722,680 out)
  [3748/4056] New England blackberry (16 photos)...
    6 selected | 💰 $15.5141 (6,894,091 in / 1,724,005 out)
  [3749/4056] Golden Dock (10 photos)...
    6 selected | 💰 $15.5212 (6,897,259 in / 1,724,789 out)
  [3750/4056] Patience Dock (12 photos)...
    6 selected | 💰 $15.5295 (6,900,892 in / 1,725,721 out)
  [3751/4056] Blue Dew-moss (8 photos)...
    6 selected | 💰 $15.5355 (6,903,496 in / 1,726,394 out)
  [3752/4056] Seaside Grimmia (8 photos)...
    4 selected | 💰 $15.5411 (6,905,992 in / 1,727,012 out)
  [3753/4056] Streamside Schistidium Moss (4 photos)...
    3 selected | 💰 $15.5444 (6,907,437 in / 1,727,386 out)
  [3754/4056] Common Club-rush (7 photos)...
    4 selected | 💰 $15.5499 (6,909,767 in / 1,728,023 out)
  [3755/4056] Hooked Scorpion-moss (13 photos)...
    6 selected | 💰 $15.5585 (6,913,534 in / 1,728,992 out)
  [3756/4056] cliff stonecrop (2 photos)...
    Failed to parse scoring response, keeping original order
    2 selected | 💰 $15.5612 (6,914,578 in / 1,729,320 out)
  [3757/4056] Sematophyllum adnatum (16 photos)...
    6 selected | 💰 $15.5708 (6,919,223 in / 1,730,325 out)
  [3758/4056] Prostrate Signal-moss (15 photos)...
    6 selected | 💰 $15.5808 (6,923,597 in / 1,731,437 out)
  [3759/4056] Foxtail Bristle-grass (7 photos)...
    6 selected | 💰 $15.5859 (6,925,965 in / 1,731,985 out)
  [3760/4056] Balkan Catchfly (10 photos)...
    6 selected | 💰 $15.5929 (6,929,206 in / 1,732,736 out)
  [3761/4056] Bartlett's Peatmoss (5 photos)...
    4 selected | 💰 $15.5971 (6,930,937 in / 1,733,224 out)
  [3762/4056] Variegated peat moss (5 photos)...
    4 selected | 💰 $15.6012 (6,932,703 in / 1,733,697 out)
  [3763/4056] Trinity sphagnum (16 photos)...
    7 selected | 💰 $15.6118 (6,937,449 in / 1,734,866 out)
  [3764/4056] Threelobe Spirea (5 photos)...
    5 selected | 💰 $15.6159 (6,939,279 in / 1,735,317 out)
  [3765/4056] Roland's Seablite (15 photos)...
    6 selected | 💰 $15.6262 (6,943,828 in / 1,736,484 out)
  [3766/4056] rayless annual aster (14 photos)...
    6 selected | 💰 $15.6356 (6,948,050 in / 1,737,510 out)
  [3767/4056] Lindley's Aster (16 photos)...
    6 selected | 💰 $15.6468 (6,952,864 in / 1,738,790 out)
  [3768/4056] Arrow-leaved Aster (10 photos)...
    6 selected | 💰 $15.6540 (6,956,089 in / 1,739,583 out)
  [3769/4056] Jewels of Opar (9 photos)...
    6 selected | 💰 $15.6607 (6,958,904 in / 1,740,361 out)
  [3770/4056] Hairy-jointed Meadow-parsnip (16 photos)...
    6 selected | 💰 $15.6716 (6,963,653 in / 1,741,584 out)
  [3771/4056] Thuidium allenii (7 photos)...
    6 selected | 💰 $15.6770 (6,965,878 in / 1,742,232 out)
  [3772/4056] Mother of Thyme (4 photos)...
    4 selected | 💰 $15.6806 (6,967,403 in / 1,742,635 out)
  [3773/4056] wishbone flower (12 photos)...
    6 selected | 💰 $15.6889 (6,970,981 in / 1,743,587 out)
  [3774/4056] Purple Heart (7 photos)...
    5 selected | 💰 $15.6940 (6,973,166 in / 1,744,159 out)
  [3775/4056] inchplant (15 photos)...
    6 selected | 💰 $15.7036 (6,977,497 in / 1,745,214 out)
  [3776/4056] coastal false asphodel (5 photos)...
    5 selected | 💰 $15.7078 (6,979,201 in / 1,745,711 out)
  [3777/4056] Smooth Ironweed (2 photos)...
    2 selected | 💰 $15.7100 (6,980,259 in / 1,745,950 out)
  [3778/4056] narrow-leaf ironweed (9 photos)...
    6 selected | 💰 $15.7165 (6,983,085 in / 1,746,685 out)
  [3779/4056] Missouri Ironweed (12 photos)...
    6 selected | 💰 $15.7248 (6,986,768 in / 1,747,611 out)
  [3780/4056] Southern wood violet (7 photos)...
    4 selected | 💰 $15.7302 (6,989,167 in / 1,748,214 out)
  [3781/4056] Five-leaved chaste tree (12 photos)...
    6 selected | 💰 $15.7386 (6,992,873 in / 1,749,144 out)
  [3782/4056] Old Fashioned Weigela (9 photos)...
    5 selected | 💰 $15.7454 (6,995,634 in / 1,749,947 out)
  [3783/4056] moundlily yucca (10 photos)...
    6 selected | 💰 $15.7522 (6,998,699 in / 1,750,710 out)
  [3784/4056] Manila grass (6 photos)...
    4 selected | 💰 $15.7570 (7,000,920 in / 1,751,225 out)
  [3785/4056] Society Garlic (12 photos)...
    6 selected | 💰 $15.7658 (7,004,830 in / 1,752,203 out)
  [3786/4056] violetflower petunia (7 photos)...
    5 selected | 💰 $15.7712 (7,007,037 in / 1,752,838 out)
  [3787/4056] Graceful green hair (3 photos)...
    3 selected | 💰 $15.7741 (7,008,337 in / 1,753,152 out)
  [3788/4056] Dense-flowered smartweed (5 photos)...
    4 selected | 💰 $15.7784 (7,010,243 in / 1,753,636 out)
  [3789/4056] Matted Sandmat (9 photos)...
    6 selected | 💰 $15.7850 (7,013,200 in / 1,754,359 out)
  [3790/4056] Staurastrum aculeatum (1 photos)...
    1 selected | 💰 $15.7863 (7,013,894 in / 1,754,484 out)
  [3791/4056] Green String Lettuce (4 photos)...
    4 selected | 💰 $15.7897 (7,015,386 in / 1,754,861 out)
  [3792/4056] Yellow-devil (12 photos)...
    6 selected | 💰 $15.7980 (7,019,032 in / 1,755,788 out)
  [3793/4056] Prickly Quill Sedge (8 photos)...
    5 selected | 💰 $15.8039 (7,021,688 in / 1,756,439 out)
  [3794/4056] Keep's Hawthorn (4 photos)...
    3 selected | 💰 $15.8075 (7,023,286 in / 1,756,843 out)
  [3795/4056] poplar hawthorn (4 photos)...
    4 selected | 💰 $15.8109 (7,024,884 in / 1,757,201 out)
  [3796/4056] Ribseed Sandmat (16 photos)...
    7 selected | 💰 $15.8214 (7,029,559 in / 1,758,365 out)
  [3797/4056] Climbing Buckwheat (8 photos)...
    5 selected | 💰 $15.8273 (7,032,122 in / 1,759,035 out)
  [3798/4056] Copse-bindweed (6 photos)...
    4 selected | 💰 $15.8323 (7,034,223 in / 1,759,619 out)
  [3799/4056] yellow star-of-Bethlehem (2 photos)...
    2 selected | 💰 $15.8350 (7,035,287 in / 1,759,934 out)
  [3800/4056] American shoreweed (4 photos)...
    4 selected | 💰 $15.8391 (7,036,811 in / 1,760,451 out)
  [3801/4056] Coast cinquefoil (4 photos)...
    4 selected | 💰 $15.8426 (7,038,408 in / 1,760,834 out)
  [3802/4056] Red-leaved Rose (5 photos)...
    Failed to parse scoring response, keeping original order
    5 selected | 💰 $15.8479 (7,040,233 in / 1,761,536 out)
  [3803/4056] Smith's blackberry (12 photos)...
    6 selected | 💰 $15.8558 (7,043,973 in / 1,762,369 out)
  [3804/4056] painted-tongue (9 photos)...
    6 selected | 💰 $15.8629 (7,046,930 in / 1,763,193 out)
  [3805/4056] pectinate-leaved violet (1 photos)...
    Failed to parse scoring response, keeping original order
    1 selected | 💰 $15.8650 (7,047,725 in / 1,763,452 out)
  [3806/4056] Tree spinach (8 photos)...
    5 selected | 💰 $15.8709 (7,050,378 in / 1,764,107 out)
  [3807/4056] Wood Stitchwort (7 photos)...
    6 selected | 💰 $15.8763 (7,052,706 in / 1,764,728 out)
  [3808/4056] thick-leaved stonecrop (8 photos)...
    6 selected | 💰 $15.8824 (7,055,343 in / 1,765,418 out)
  [3809/4056] pinched shaggy moss (11 photos)...
    6 selected | 💰 $15.8900 (7,058,790 in / 1,766,245 out)
  [3810/4056] Desmodesmus opoliensis (8 photos)...
    5 selected | 💰 $15.8962 (7,061,488 in / 1,766,933 out)
  [3811/4056] Cosmarium reniforme (2 photos)...
    1 selected | 💰 $15.8983 (7,062,446 in / 1,767,163 out)
  [3812/4056] Pink Arum (12 photos)...
    6 selected | 💰 $15.9067 (7,066,052 in / 1,768,127 out)
  [3813/4056] Cup-and-saucer vine (8 photos)...
    6 selected | 💰 $15.9128 (7,068,652 in / 1,768,824 out)
  [3814/4056] white cuckoo bitter-cress (12 photos)...
    6 selected | 💰 $15.9209 (7,072,305 in / 1,769,717 out)
  [3815/4056] Knobby Clubrush (13 photos)...
    6 selected | 💰 $15.9301 (7,076,352 in / 1,770,740 out)
  [3816/4056] Bog Bulrush (15 photos)...
    5 selected | 💰 $15.9400 (7,080,848 in / 1,771,838 out)
  [3817/4056] Thicketweed (9 photos)...
    6 selected | 💰 $15.9462 (7,083,322 in / 1,772,572 out)
  [3818/4056] succulent seaweed (5 photos)...
    3 selected | 💰 $15.9501 (7,084,998 in / 1,773,016 out)
  [3819/4056] lemon verbena (6 photos)...
    5 selected | 💰 $15.9550 (7,087,149 in / 1,773,563 out)
  [3820/4056] Japanese rodgersia (4 photos)...
    4 selected | 💰 $15.9585 (7,088,676 in / 1,773,963 out)
  [3822/4056] Chinese Ragwort (1 photos)...
    Failed to parse scoring response, keeping original order
    1 selected | 💰 $15.9607 (7,089,448 in / 1,774,242 out)
  [3823/4056] Blidingia minima (1 photos)...
    1 selected | 💰 $15.9620 (7,090,122 in / 1,774,384 out)
  [3824/4056] Cemetery Iris (6 photos)...
    3 selected | 💰 $15.9666 (7,092,161 in / 1,774,895 out)
  [3825/4056] Rhizoclonium tortuosum (3 photos)...
    3 selected | 💰 $15.9695 (7,093,396 in / 1,775,217 out)
  [3826/4056] hardy begonia (12 photos)...
    5 selected | 💰 $15.9780 (7,097,048 in / 1,776,191 out)
  [3827/4056] Anise-scented sage (5 photos)...
    4 selected | 💰 $15.9822 (7,098,897 in / 1,776,665 out)
  [3828/4056] Fern-leaved Corydalis (7 photos)...
    5 selected | 💰 $15.9881 (7,101,306 in / 1,777,357 out)
  [3829/4056] Sedum makinoi (5 photos)...
    4 selected | 💰 $15.9921 (7,103,137 in / 1,777,794 out)
  [3830/4056] Small-mouthed Beardless-moss (10 photos)...
    7 selected | 💰 $15.9992 (7,106,282 in / 1,778,578 out)
  [3831/4056] Yellow Oxeye (5 photos)...
    4 selected | 💰 $16.0032 (7,108,053 in / 1,779,027 out)
  [3832/4056] Aizoon Stonecrop (7 photos)...
    6 selected | 💰 $16.0087 (7,110,405 in / 1,779,659 out)
  [3833/4056] Turkistan Onion (4 photos)...
    3 selected | 💰 $16.0124 (7,111,902 in / 1,780,090 out)
  [3834/4056] Small Yellow Onion (6 photos)...
    4 selected | 💰 $16.0172 (7,114,040 in / 1,780,631 out)
  [3836/4056] Turkish Hazel (9 photos)...
    6 selected | 💰 $16.0237 (7,116,941 in / 1,781,361 out)
  [3837/4056] Thread Weed (12 photos)...
    6 selected | 💰 $16.0320 (7,120,558 in / 1,782,291 out)
  [3838/4056] Cladophora albida (10 photos)...
    5 selected | 💰 $16.0388 (7,123,465 in / 1,783,067 out)
  [3839/4056] holly olive (10 photos)...
    5 selected | 💰 $16.0460 (7,126,560 in / 1,783,891 out)
  [3840/4056] rose-gold pussy willow (3 photos)...
    2 selected | 💰 $16.0488 (7,127,837 in / 1,784,200 out)
  [3841/4056] Red Azalea (10 photos)...
    5 selected | 💰 $16.0560 (7,130,863 in / 1,785,031 out)
  [3842/4056] Siebold's Plantain Lily (5 photos)...
    4 selected | 💰 $16.0603 (7,132,699 in / 1,785,522 out)
  [3844/4056] Mesotaenium macrococcum (5 photos)...
    5 selected | 💰 $16.0646 (7,134,650 in / 1,785,981 out)
  [3845/4056] korean lilac (2 photos)...
    2 selected | 💰 $16.0668 (7,135,709 in / 1,786,219 out)
  [3846/4056] Pylaisia selwynii (7 photos)...
    4 selected | 💰 $16.0723 (7,138,155 in / 1,786,820 out)
  [3847/4056] Coccotylus truncatus (1 photos)...
    1 selected | 💰 $16.0737 (7,138,795 in / 1,786,971 out)
  [3848/4056] Chaetomorpha picquotiana (1 photos)...
    1 selected | 💰 $16.0751 (7,139,564 in / 1,787,101 out)
  [3849/4056] Callithamnion tetragonum (4 photos)...
    4 selected | 💰 $16.0783 (7,140,885 in / 1,787,481 out)
  [3850/4056] Chondria baileyana (11 photos)...
    6 selected | 💰 $16.0855 (7,144,257 in / 1,788,244 out)
  [3851/4056] Honey Garlic (7 photos)...
    5 selected | 💰 $16.0909 (7,146,645 in / 1,788,843 out)
  [3852/4056] wintergreen barberry (14 photos)...
    6 selected | 💰 $16.1007 (7,150,868 in / 1,789,961 out)
  [3853/4056] Smooth Stonewort (5 photos)...
    4 selected | 💰 $16.1047 (7,152,646 in / 1,790,415 out)
  [3854/4056] Japanese Elm (9 photos)...
    5 selected | 💰 $16.1111 (7,155,543 in / 1,791,114 out)
  [3855/4056] Long Sepal Violet (5 photos)...
    Failed to parse scoring response, keeping original order
    5 selected | 💰 $16.1160 (7,157,391 in / 1,791,730 out)
  [3857/4056] Korean cornel dogwood (13 photos)...
    6 selected | 💰 $16.1253 (7,161,437 in / 1,792,774 out)
  [3858/4056] Fluttering Elm (9 photos)...
    6 selected | 💰 $16.1318 (7,164,248 in / 1,793,511 out)
  [3859/4056] toad lily (6 photos)...
    6 selected | 💰 $16.1367 (7,166,344 in / 1,794,066 out)
  [3860/4056] Scarlet Avens (12 photos)...
    5 selected | 💰 $16.1450 (7,170,121 in / 1,794,977 out)
  [3862/4056] Aphanochaete repens (1 photos)...
    1 selected | 💰 $16.1465 (7,170,889 in / 1,795,125 out)
  [3863/4056] Stigeoclonium tenue (1 photos)...
    1 selected | 💰 $16.1480 (7,171,584 in / 1,795,276 out)
  [3865/4056] Stigeoclonium flagelliferum (2 photos)...
    2 selected | 💰 $16.1499 (7,172,409 in / 1,795,507 out)
  [3866/4056] Staurastrum orbiculare (2 photos)...
    2 selected | 💰 $16.1520 (7,173,407 in / 1,795,721 out)
  [3867/4056] Euastrum pectinatum (3 photos)...
    3 selected | 💰 $16.1545 (7,174,361 in / 1,796,034 out)
  [3868/4056] Closterium leibleinii (5 photos)...
    4 selected | 💰 $16.1585 (7,176,037 in / 1,796,491 out)
  [3869/4056] Gonatozygon pilosum (2 photos)...
    2 selected | 💰 $16.1605 (7,176,984 in / 1,796,708 out)
  [3871/4056] Cylindrocapsa geminella (1 photos)...
    1 selected | 💰 $16.1618 (7,177,552 in / 1,796,859 out)
  [3872/4056] Staurastrum grallatorium (1 photos)...
    1 selected | 💰 $16.1631 (7,178,144 in / 1,797,000 out)
  [3873/4056] Cosmarium quadrum (2 photos)...
    2 selected | 💰 $16.1652 (7,178,992 in / 1,797,250 out)
  [3874/4056] Spondylosium planum (2 photos)...
    2 selected | 💰 $16.1672 (7,179,918 in / 1,797,457 out)
  [3876/4056] Cosmarium commissurale (1 photos)...
    1 selected | 💰 $16.1686 (7,180,608 in / 1,797,601 out)
  [3879/4056] Cosmarium taxichondrum (1 photos)...
    1 selected | 💰 $16.1700 (7,181,300 in / 1,797,745 out)
  [3880/4056] Cosmarium moniliforme (5 photos)...
    4 selected | 💰 $16.1741 (7,183,082 in / 1,798,201 out)
  [3881/4056] Staurodesmus brevispina (3 photos)...
    3 selected | 💰 $16.1768 (7,184,270 in / 1,798,511 out)
  [3882/4056] Euastrum sinuosum (4 photos)...
    3 selected | 💰 $16.1802 (7,185,750 in / 1,798,896 out)
  [3883/4056] Japanese jacinth (12 photos)...
    6 selected | 💰 $16.1887 (7,189,454 in / 1,799,851 out)
  [3884/4056] Cosmarium margaritiferum (1 photos)...
    1 selected | 💰 $16.1901 (7,190,148 in / 1,799,985 out)
  [3885/4056] Staurodesmus validus (3 photos)...
    2 selected | 💰 $16.1930 (7,191,538 in / 1,800,294 out)
  [3886/4056] Volvox globator (12 photos)...
    6 selected | 💰 $16.2014 (7,195,050 in / 1,801,275 out)
  [3887/4056] Staurastrum tohopekaligense (1 photos)...
    1 selected | 💰 $16.2028 (7,195,768 in / 1,801,407 out)
  [3888/4056] Hairy Lip Fern (15 photos)...
    6 selected | 💰 $16.2129 (7,200,102 in / 1,802,560 out)
  [3889/4056] Great Scented Liverwort (11 photos)...
    6 selected | 💰 $16.2201 (7,203,562 in / 1,803,306 out)
  [3890/4056] Clustered Feather-moss (14 photos)...
    6 selected | 💰 $16.2299 (7,207,996 in / 1,804,375 out)
  [3891/4056] Eranthis cilicica (4 photos)...
    4 selected | 💰 $16.2333 (7,209,525 in / 1,804,763 out)
  [3894/4056] Wild Endive (11 photos)...
    5 selected | 💰 $16.2411 (7,212,778 in / 1,805,663 out)
  [3896/4056] Micractinium pusillum (3 photos)...
    3 selected | 💰 $16.2438 (7,214,167 in / 1,805,936 out)
  [3897/4056] Westella botryoides (5 photos)...
    4 selected | 💰 $16.2477 (7,216,001 in / 1,806,344 out)
  [3898/4056] Golenkinia radiata (3 photos)...
    3 selected | 💰 $16.2505 (7,217,246 in / 1,806,650 out)
  [3899/4056] Micrasterias nordstedtiana (2 photos)...
    2 selected | 💰 $16.2526 (7,218,264 in / 1,806,863 out)
  [3900/4056] Micrasterias jenneri (5 photos)...
    4 selected | 💰 $16.2568 (7,220,082 in / 1,807,335 out)
  [3901/4056] Desmidium coarctatum (1 photos)...
    1 selected | 💰 $16.2582 (7,220,814 in / 1,807,477 out)
  [3902/4056] Actinotaenium cucurbita (1 photos)...
    1 selected | 💰 $16.2597 (7,221,494 in / 1,807,635 out)
  [3903/4056] Roya obtusa (1 photos)...
    1 selected | 💰 $16.2609 (7,222,057 in / 1,807,764 out)
  [3904/4056] Chlorogonium elongatum (2 photos)...
    2 selected | 💰 $16.2629 (7,223,018 in / 1,807,970 out)
  [3905/4056] Ulothrix zonata (12 photos)...
    6 selected | 💰 $16.2713 (7,226,648 in / 1,808,931 out)
  [3906/4056] Japanese honewort (6 photos)...
    5 selected | 💰 $16.2759 (7,228,673 in / 1,809,446 out)
  [3907/4056] Pleated Foxtail Moss (16 photos)...
    7 selected | 💰 $16.2864 (7,233,337 in / 1,810,616 out)
  [3908/4056] Good King Henry (11 photos)...
    6 selected | 💰 $16.2938 (7,236,687 in / 1,811,429 out)
  [3909/4056] woodland peony (6 photos)...
    5 selected | 💰 $16.2986 (7,238,747 in / 1,811,962 out)
  [3910/4056] Ligularia stenocephala (7 photos)...
    4 selected | 💰 $16.3043 (7,241,166 in / 1,812,625 out)
  [3911/4056] Chinese rodgersia (7 photos)...
    5 selected | 💰 $16.3097 (7,243,534 in / 1,813,238 out)
  [3912/4056] Ptychostomum creberrimum (16 photos)...
    6 selected | 💰 $16.3201 (7,248,268 in / 1,814,366 out)
  [3913/4056] Cosmarium undulatum (1 photos)...
    1 selected | 💰 $16.3215 (7,249,012 in / 1,814,499 out)
  [3914/4056] Forest Poppy (4 photos)...
    3 selected | 💰 $16.3252 (7,250,646 in / 1,814,904 out)
  [3915/4056] Closterium incurvum (9 photos)...
    6 selected | 💰 $16.3311 (7,253,016 in / 1,815,615 out)
  [3916/4056] Penium spirostriolatum (2 photos)...
    2 selected | 💰 $16.3331 (7,253,869 in / 1,815,851 out)
  [3917/4056] Pleurotaenium maximum (1 photos)...
    1 selected | 💰 $16.3345 (7,254,563 in / 1,815,995 out)
  [3918/4056] Ankistrodesmus spiralis (7 photos)...
    5 selected | 💰 $16.3398 (7,256,829 in / 1,816,599 out)
  [3919/4056] Staurastrum bicorne (1 photos)...
    1 selected | 💰 $16.3412 (7,257,521 in / 1,816,739 out)
  [3920/4056] Staurastrum pilosum (1 photos)...
    1 selected | 💰 $16.3427 (7,258,215 in / 1,816,893 out)
  [3921/4056] Staurastrum spongiosum (4 photos)...
    4 selected | 💰 $16.3461 (7,259,751 in / 1,817,274 out)
  [3922/4056] Closterium ralfsii (6 photos)...
    4 selected | 💰 $16.3508 (7,261,621 in / 1,817,831 out)
  [3923/4056] northern quillwort (12 photos)...
    4 selected | 💰 $16.3583 (7,264,973 in / 1,818,672 out)
  [3924/4056] Closterium intermedium (1 photos)...
    1 selected | 💰 $16.3596 (7,265,591 in / 1,818,797 out)
  [3925/4056] Cosmarium regnellii (1 photos)...
    1 selected | 💰 $16.3609 (7,266,283 in / 1,818,926 out)
  [3926/4056] old-field panic grass (10 photos)...
    6 selected | 💰 $16.3683 (7,269,455 in / 1,819,764 out)
  [3927/4056] purpletop vervain (5 photos)...
    4 selected | 💰 $16.3723 (7,271,285 in / 1,820,211 out)
  [3928/4056] Southern Dung Moss (4 photos)...
    4 selected | 💰 $16.3757 (7,272,762 in / 1,820,589 out)
  [3929/4056] Rhodomela lycopodioides (2 photos)...
    1 selected | 💰 $16.3778 (7,273,726 in / 1,820,812 out)
  [3930/4056] Membranoptera fabriciana (4 photos)...
    3 selected | 💰 $16.3813 (7,275,218 in / 1,821,210 out)
  [3931/4056] Lespedeza tomentosa (9 photos)...
    6 selected | 💰 $16.3878 (7,278,160 in / 1,821,929 out)
  [3932/4056] Monoraphidium contortum (4 photos)...
    3 selected | 💰 $16.3909 (7,279,479 in / 1,822,278 out)
  [3933/4056] Three Seeded Mercury (2 photos)...
    2 selected | 💰 $16.3936 (7,280,543 in / 1,822,604 out)
  [3934/4056] Staurastrum grande (1 photos)...
    1 selected | 💰 $16.3950 (7,281,305 in / 1,822,736 out)
  [3935/4056] Many-flowered Leskea (16 photos)...
    6 selected | 💰 $16.4052 (7,285,909 in / 1,823,862 out)
  [3936/4056] Hylotelephium tatarinowii (2 photos)...
    2 selected | 💰 $16.4080 (7,287,054 in / 1,824,192 out)
  [3937/4056] Virginia marbleseed (3 photos)...
    3 selected | 💰 $16.4115 (7,288,403 in / 1,824,623 out)
  [3938/4056] Syneilesis aconitifolia (13 photos)...
    6 selected | 💰 $16.4197 (7,292,235 in / 1,825,495 out)
  [3939/4056] Yellow Devil Hawkweed (2 photos)...
    2 selected | 💰 $16.4224 (7,293,313 in / 1,825,811 out)
  [3940/4056] Petrosedum montanum (6 photos)...
    4 selected | 💰 $16.4272 (7,295,412 in / 1,826,360 out)
  [3941/4056] Micractinium bornhemiense (3 photos)...
    3 selected | 💰 $16.4300 (7,296,751 in / 1,826,641 out)
  [3942/4056] Simple bugbane (12 photos)...
    5 selected | 💰 $16.4382 (7,300,329 in / 1,827,575 out)
  [3943/4056] cinnamon-fruited dandelion (16 photos)...
    6 selected | 💰 $16.4485 (7,304,820 in / 1,828,727 out)
  [3944/4056] wild comfrey (15 photos)...
    7 selected | 💰 $16.4586 (7,309,258 in / 1,829,875 out)
  [3945/4056] Great Stonecrop (13 photos)...
    6 selected | 💰 $16.4676 (7,313,125 in / 1,830,901 out)
  [3946/4056] Eastern Tree-mallow (6 photos)...
    4 selected | 💰 $16.4722 (7,315,139 in / 1,831,411 out)
  [3947/4056] French marigold (7 photos)...
    5 selected | 💰 $16.4778 (7,317,516 in / 1,832,059 out)
  [3948/4056] Striped Goosefoot (11 photos)...
    4 selected | 💰 $16.4854 (7,320,959 in / 1,832,879 out)
  [3949/4056] Siberian Burnet (11 photos)...
    6 selected | 💰 $16.4933 (7,324,346 in / 1,833,797 out)
  [3950/4056] Pyropia leucosticta (2 photos)...
    0 selected | 💰 $16.4953 (7,325,305 in / 1,834,000 out)
  [3951/4056] Grassland Pricklypear (8 photos)...
    6 selected | 💰 $16.5011 (7,327,924 in / 1,834,640 out)
  [3952/4056] Chinese Ivy (2 photos)...
    Failed to parse scoring response, keeping original order
    2 selected | 💰 $16.5040 (7,328,946 in / 1,835,016 out)
  [3953/4056] pine-barren sandwort (8 photos)...
    5 selected | 💰 $16.5101 (7,331,581 in / 1,835,698 out)
  [3954/4056] Nitella clavata (16 photos)...
    8 selected | 💰 $16.5207 (7,336,326 in / 1,836,868 out)
  [3955/4056] Desmodesmus protuberans (7 photos)...
    5 selected | 💰 $16.5259 (7,338,990 in / 1,837,391 out)
  [3956/4056] Desmodesmus communis (7 photos)...
    5 selected | 💰 $16.5312 (7,341,362 in / 1,837,973 out)
  [3957/4056] Tetradesmus obliquus (7 photos)...
    6 selected | 💰 $16.5363 (7,343,808 in / 1,838,494 out)
  [3958/4056] lesser chickweed (11 photos)...
    6 selected | 💰 $16.5438 (7,347,279 in / 1,839,297 out)
  [3960/4056] Hairy Saltwort (11 photos)...
    5 selected | 💰 $16.5516 (7,350,632 in / 1,840,203 out)
  [3961/4056] Staurodesmus glaber (1 photos)...
    1 selected | 💰 $16.5531 (7,351,396 in / 1,840,332 out)
  [3962/4056] Cosmarium isthmium (1 photos)...
    1 selected | 💰 $16.5545 (7,352,158 in / 1,840,471 out)
  [3963/4056] common hedge-nettle (9 photos)...
    5 selected | 💰 $16.5610 (7,354,842 in / 1,841,229 out)
  [3964/4056] Gloeochaete wittrockiana (6 photos)...
    3 selected | 💰 $16.5657 (7,356,918 in / 1,841,757 out)
  [3965/4056] Japanese indigo (8 photos)...
    5 selected | 💰 $16.5717 (7,359,588 in / 1,842,430 out)
  [3966/4056] velvet feather-moss (16 photos)...
    6 selected | 💰 $16.5819 (7,364,069 in / 1,843,557 out)
  [3967/4056] Hydrangea hydrangeoides (5 photos)...
    4 selected | 💰 $16.5860 (7,365,886 in / 1,844,026 out)
  [3968/4056] Vertebrata nigra (6 photos)...
    4 selected | 💰 $16.5907 (7,368,040 in / 1,844,536 out)
  [3969/4056] Hubei Anemone (8 photos)...
    5 selected | 💰 $16.5967 (7,370,717 in / 1,845,203 out)
  [3970/4056] Blue Anemone (8 photos)...
    5 selected | 💰 $16.6029 (7,373,315 in / 1,845,913 out)
  [3971/4056] old field panic grass (10 photos)...
    5 selected | 💰 $16.6100 (7,376,449 in / 1,846,718 out)
  [3972/4056] Lindheimer's Panicgrass (11 photos)...
    6 selected | 💰 $16.6177 (7,379,785 in / 1,847,587 out)
  [3973/4056] hemlock panic grass (14 photos)...
    7 selected | 💰 $16.6266 (7,384,027 in / 1,848,512 out)
  [3974/4056] Tetrabaena socialis (8 photos)...
    5 selected | 💰 $16.6321 (7,386,326 in / 1,849,154 out)
  [3975/4056] Scenedesmus apiculatus (4 photos)...
    4 selected | 💰 $16.6357 (7,387,932 in / 1,849,548 out)
  [3976/4056] Sorastrum spinulosum (3 photos)...
    3 selected | 💰 $16.6385 (7,389,232 in / 1,849,848 out)
  [3977/4056] Coleochaete pulvinata (9 photos)...
    4 selected | 💰 $16.6447 (7,391,894 in / 1,850,561 out)
  [3978/4056] Closterium angustatum (1 photos)...
    1 selected | 💰 $16.6461 (7,392,586 in / 1,850,703 out)
  [3979/4056] Closterium limneticum (3 photos)...
    1 selected | 💰 $16.6488 (7,393,814 in / 1,851,005 out)
  [3980/4056] Staurastrum brevispina (2 photos)...
    2 selected | 💰 $16.6510 (7,394,830 in / 1,851,239 out)
  [3981/4056] Cosmarium subprotumidum (2 photos)...
    2 selected | 💰 $16.6532 (7,395,810 in / 1,851,476 out)
  [3982/4056] Cosmarium quadrifarium (2 photos)...
    2 selected | 💰 $16.6555 (7,396,912 in / 1,851,721 out)
  [3983/4056] Cosmarium formosulum (2 photos)...
    2 selected | 💰 $16.6578 (7,398,014 in / 1,851,957 out)
  [3984/4056] Algal Thread Moss (14 photos)...
    7 selected | 💰 $16.6675 (7,402,247 in / 1,853,046 out)
  [3985/4056] Apiocystis brauniana (6 photos)...
    5 selected | 💰 $16.6723 (7,404,371 in / 1,853,594 out)
  [3986/4056] Chaetophora tuberculosa (7 photos)...
    6 selected | 💰 $16.6775 (7,406,564 in / 1,854,187 out)
  [3987/4056] Cosmarium difficile (1 photos)...
    1 selected | 💰 $16.6789 (7,407,252 in / 1,854,324 out)
  [3988/4056] Cosmarium debaryi (1 photos)...
    1 selected | 💰 $16.6802 (7,407,888 in / 1,854,462 out)
  [3989/4056] Desmodesmus denticulatus (5 photos)...
    3 selected | 💰 $16.6844 (7,409,708 in / 1,854,936 out)
  [3990/4056] Calliergon Moss (9 photos)...
    6 selected | 💰 $16.6908 (7,412,547 in / 1,855,655 out)
  [3991/4056] Elakatothrix gelatinosa (2 photos)...
    1 selected | 💰 $16.6926 (7,413,279 in / 1,855,860 out)
  [3992/4056] Euastrum ansatum (6 photos)...
    5 selected | 💰 $16.6971 (7,415,229 in / 1,856,370 out)
  [3993/4056] Coenochloris fottii (16 photos)...
    6 selected | 💰 $16.7073 (7,419,153 in / 1,857,625 out)
  [3995/4056] Actinotaenium curtum (3 photos)...
    3 selected | 💰 $16.7102 (7,420,493 in / 1,857,939 out)
  [3996/4056] Tetrastrum staurogeniiforme (3 photos)...
    3 selected | 💰 $16.7127 (7,421,465 in / 1,858,238 out)
  [3997/4056] Scherffelia dubia (1 photos)...
    1 selected | 💰 $16.7140 (7,422,230 in / 1,858,360 out)
  [3998/4056] Selenastrum bibraianum (8 photos)...
    4 selected | 💰 $16.7198 (7,424,998 in / 1,858,961 out)
  [3999/4056] Staurastrum dilatatum (6 photos)...
    3 selected | 💰 $16.7239 (7,426,834 in / 1,859,420 out)
  [4001/4056] Staurodesmus lobatus (1 photos)...
    1 selected | 💰 $16.7253 (7,427,472 in / 1,859,557 out)
  [4002/4056] Netrium oblongum (1 photos)...
    1 selected | 💰 $16.7267 (7,428,163 in / 1,859,700 out)
  [4003/4056] Tufted Thread-moss (15 photos)...
    6 selected | 💰 $16.7371 (7,432,681 in / 1,860,893 out)
  [4004/4056] Staurastrum anchora (1 photos)...
    1 selected | 💰 $16.7386 (7,433,409 in / 1,861,042 out)
  [4005/4056] Alga-like Matted-moss (11 photos)...
    5 selected | 💰 $16.7463 (7,436,786 in / 1,861,911 out)
  [4006/4056] Staurastrum lapponicum (14 photos)...
    7 selected | 💰 $16.7544 (7,440,262 in / 1,862,825 out)
  [4007/4056] Blunt Pincerwort (8 photos)...
    4 selected | 💰 $16.7602 (7,442,799 in / 1,863,471 out)
  [4008/4056] Long-leaved Flapwort (16 photos)...
    6 selected | 💰 $16.7708 (7,447,444 in / 1,864,676 out)
  [4009/4056] Acrosiphonia spinescens (1 photos)...
    1 selected | 💰 $16.7722 (7,448,139 in / 1,864,806 out)
  [4010/4056] Pithophora roettleri (3 photos)...
    3 selected | 💰 $16.7751 (7,449,390 in / 1,865,132 out)
  [4011/4056] Staurodesmus longispinus (1 photos)...
    1 selected | 💰 $16.7765 (7,450,120 in / 1,865,278 out)
  [4012/4056] Bissett's bamboo (6 photos)...
    5 selected | 💰 $16.7812 (7,452,239 in / 1,865,802 out)
  [4013/4056] Thalictrum confine (16 photos)...
    6 selected | 💰 $16.7922 (7,457,020 in / 1,867,030 out)
  [4014/4056] Little Yellow Rattle (7 photos)...
    4 selected | 💰 $16.7973 (7,459,225 in / 1,867,618 out)
  [4015/4056] Nephrocytium lunatum (6 photos)...
    5 selected | 💰 $16.8017 (7,461,089 in / 1,868,114 out)
  [4016/4056] Tayloria tenuis (8 photos)...
    4 selected | 💰 $16.8073 (7,463,600 in / 1,868,747 out)
  [4017/4056] Messastrum gracile (6 photos)...
    5 selected | 💰 $16.8122 (7,465,936 in / 1,869,255 out)
  [4018/4056] White beggarticks (10 photos)...
    5 selected | 💰 $16.8195 (7,469,117 in / 1,870,068 out)
  [4020/4056] Sphaerozosma filiforme (1 photos)...
    1 selected | 💰 $16.8208 (7,469,815 in / 1,870,194 out)
  [4021/4056] Frizzled Pincushion (11 photos)...
    6 selected | 💰 $16.8283 (7,473,262 in / 1,871,012 out)
  [4023/4056] Showy Bristle Moss (9 photos)...
    6 selected | 💰 $16.8346 (7,476,010 in / 1,871,726 out)
  [4024/4056] Fissidens pusillus (6 photos)...
    3 selected | 💰 $16.8391 (7,478,042 in / 1,872,203 out)
  [4026/4056] Micrasterias floridensis (3 photos)...
    3 selected | 💰 $16.8417 (7,479,362 in / 1,872,473 out)
  [4027/4056] Carolina draba (16 photos)...
    6 selected | 💰 $16.8527 (7,484,245 in / 1,873,686 out)
  [4029/4056] Chlorotetraedron incus (9 photos)...
    4 selected | 💰 $16.8582 (7,486,688 in / 1,874,300 out)
  [4030/4056] Verrucodesmus verrucosus (10 photos)...
    6 selected | 💰 $16.8646 (7,489,314 in / 1,875,055 out)
  [4031/4056] Hariotina reticulata (4 photos)...
    4 selected | 💰 $16.8680 (7,490,828 in / 1,875,442 out)
  [4033/4056] Swedish Service-tree (6 photos)...
    4 selected | 💰 $16.8728 (7,492,961 in / 1,875,973 out)
  [4034/4056] Gattinger's panic grass (15 photos)...
    6 selected | 💰 $16.8826 (7,497,473 in / 1,877,034 out)
  [4035/4056] False Beard Moss (16 photos)...
    7 selected | 💰 $16.8928 (7,501,875 in / 1,878,176 out)
  [4036/4056] Orthotrichum consobrinum (1 photos)...
    1 selected | 💰 $16.8941 (7,502,571 in / 1,878,315 out)
  [4037/4056] veined thoroughwort (7 photos)...
    5 selected | 💰 $16.8995 (7,505,023 in / 1,878,896 out)
  [4039/4056] sprangletop (16 photos)...
    6 selected | 💰 $16.9109 (7,509,853 in / 1,880,202 out)
  [4040/4056] American field pansy (10 photos)...
    6 selected | 💰 $16.9180 (7,512,893 in / 1,881,022 out)
  [4041/4056] Staurastrum minnesotense (5 photos)...
    4 selected | 💰 $16.9218 (7,514,641 in / 1,881,426 out)
  [4042/4056] small Jack-in-the-pulpit (5 photos)...
    4 selected | 💰 $16.9261 (7,516,459 in / 1,881,936 out)
  [4043/4056] Hooperia divaricata (1 photos)...
    1 selected | 💰 $16.9275 (7,517,153 in / 1,882,078 out)
  [4044/4056] Little Brown Jugs (15 photos)...
    7 selected | 💰 $16.9382 (7,521,700 in / 1,883,296 out)
  [4047/4056] Fissidens minutulus (12 photos)...
    7 selected | 💰 $16.9463 (7,525,608 in / 1,884,130 out)
  [4048/4056] Cosmarium panduriforme (4 photos)...
    4 selected | 💰 $16.9498 (7,527,032 in / 1,884,548 out)
  [4049/4056] hooded arrowhead (16 photos)...
    6 selected | 💰 $16.9603 (7,531,795 in / 1,885,705 out)
  [4050/4056] Green Hoar-moss (9 photos)...
    6 selected | 💰 $16.9669 (7,534,774 in / 1,886,419 out)
  [4051/4056] Torrey's Mountainmint (14 photos)...
    6 selected | 💰 $16.9766 (7,539,058 in / 1,887,501 out)
  [4052/4056] rose turtlehead (13 photos)...
    6 selected | 💰 $16.9858 (7,542,942 in / 1,888,574 out)
  [4053/4056] Boreal Yarrow (7 photos)...
    5 selected | 💰 $16.9913 (7,545,359 in / 1,889,184 out)
  [4054/4056] Straw-Fruited Hawthorn (5 photos)...
    5 selected | 💰 $16.9953 (7,547,123 in / 1,889,632 out)
  [4055/4056] Bicknell's Bristleberry (1 photos)...
    Failed to parse scoring response, keeping original order
    1 selected | 💰 $16.9977 (7,547,920 in / 1,889,948 out)
  [4056/4056] Stinking Hawthorn (4 photos)...
    Failed to parse scoring response, keeping original order
    4 selected | 💰 $17.0016 (7,549,521 in / 1,890,423 out)

Done! Scored 2011 species (2045 cached). 💰 Total: $17.0016 (7,549,521 in / 1,890,423 out)
Photos reordered in C:\Users\zenos\Documents\nature_app\data\pipeline\photos.json

=== Stage 4: SKIPPED (temporarily disabled) ===

=== Stage 5: Assemble Final Data ===
Loaded 4056 species
Written 4056 species files
Written taxonomy tree
Written commonality ranking
Written search index (5823 entries)

Assembly complete!

 Pipeline complete in 22725.0s
  Species: 4056
  Data output: data/
